SR_No,Date,DO_No,Customer_Name,Destination,Grade,Thick_mm,Width_mm,Length_mm,Planned_Qty,Despatched_Qty,Balance_to_Despatch_Qty,Weight_Tons,Priority_Level,Delivery_Deadline,Loading_Point_Code,Loading_Point_Name,Loading_Point_Lat,Loading_Point_Lng,Destination_Lat,Destination_Lng,Expected_Freight_Rate_INR,Customer_Payment_Terms_Days,Special_Requirements,Product_Value_INR,Preferred_Vehicle_Type
1,2025-12-30,DO-2026-01-100000,Tata Steel Ltd,"Mumbai, Maharashtra",SS304,4.9,1500,2500,99,0,99,14.3,Critical,2026-01-06 00:00,LP-JAM-01,Tata Steel Jamshedpur,22.8046,86.2029,19.076,72.8777,38717,30,Tarpaulin Cover,1016612,Covered
2,2025-12-24,DO-2026-01-100001,JSW Steel,"Mumbai, Maharashtra",SS304,4.4,1250,12000,21,0,21,10.9,High,2026-01-04 00:00,LP-JAM-01,Tata Steel Jamshedpur,22.8046,86.2029,19.076,72.8777,68781,45,Tarpaulin Cover,4269187,Covered
3,2025-12-31,DO-2026-01-100002,SAIL Bokaro,Delhi NCR,SS316L,13.7,1500,2000,46,0,46,14.8,Medium,2026-01-15 00:00,LP-JAM-01,Tata Steel Jamshedpur,22.8046,86.2029,28.7041,77.1025,59696,60,None,2556182,Covered
4,2026-01-01,DO-2026-01-100003,Hindalco Industries,Delhi NCR,SS316L,10.8,1000,6000,115,0,115,58.5,Normal,2026-01-09 00:00,LP-JAM-01,Tata Steel Jamshedpur,22.8046,86.2029,28.7041,77.1025,54541,60,Wooden Crating,4603935,Open
5,2025-12-25,DO-2026-01-100004,Vedanta Resources,"Pune, Maharashtra",MS A36,5.2,1800,2000,86,0,86,12.6,Low,2026-01-08 00:00,LP-KOL-02,Kolkata Steel Depot,22.5726,88.3639,18.5204,73.8567,73198,60,Tarpaulin Cover,1333470,Open
6,2025-12-30,DO-2026-01-100005,NMDC Ltd,"Pune, Maharashtra",MS A36,19.2,1500,2000,23,0,23,10.4,Critical,2026-01-17 00:00,LP-KOL-02,Kolkata Steel Depot,22.5726,88.3639,18.5204,73.8567,38619,90,None,3810434,Open
7,2025-12-23,DO-2026-01-100006,Rashtriya Ispat Nigam,"Chennai, Tamil Nadu",CRS,11.6,1250,3000,38,0,38,13.0,High,2026-01-14 00:00,LP-KOL-02,Kolkata Steel Depot,22.5726,88.3639,13.0827,80.2707,36679,45,None,2803622,Trailer
8,2025-12-30,DO-2026-01-100007,Essar Steel,"Chennai, Tamil Nadu",CRS,14.0,1500,12000,38,0,38,75.2,Medium,2026-01-14 00:00,LP-KOL-02,Kolkata Steel Depot,22.5726,88.3639,13.0827,80.2707,53252,30,None,1019276,Trailer
9,2025-12-30,DO-2026-01-100008,Jindal Steel,"Bengaluru, Karnataka",HRS,10.2,1500,2000,121,0,121,29.1,Normal,2026-01-13 00:00,LP-DUR-03,Durgapur Steel,23.5204,87.3119,12.9716,77.5946,52622,45,Tarpaulin Cover,4068800,Trailer
10,2025-12-29,DO-2026-01-100009,Bhushan Steel,"Bengaluru, Karnataka",HRS,25.8,1800,2500,131,0,131,119.4,Low,2026-01-06 00:00,LP-DUR-03,Durgapur Steel,23.5204,87.3119,12.9716,77.5946,48162,60,Wooden Crating,4343963,Flatbed
11,2025-12-31,DO-2026-01-100010,AM/NS India,"Hyderabad, Telangana",Galvanized,17.2,1500,2500,132,0,132,66.8,Critical,2026-01-12 00:00,LP-DUR-03,Durgapur Steel,23.5204,87.3119,17.385,78.4867,64343,30,Wooden Crating,1669803,Flatbed
12,2026-01-01,DO-2026-01-100011,Lloyds Metals,"Hyderabad, Telangana",Galvanized,18.3,1800,12000,37,0,37,114.8,High,2026-01-10 00:00,LP-DUR-03,Durgapur Steel,23.5204,87.3119,17.385,78.4867,57009,90,None,846309,Flatbed
13,2025-12-23,DO-2026-01-100012,APL Apollo,"Ahmedabad, Gujarat",TMT Fe500,20.7,2000,3000,105,0,105,102.4,Medium,2026-01-09 00:00,LP-RKL-04,Rourkela Steel Plant,22.2604,84.8536,23.0225,72.5714,39310,60,None,4556110,LCV
14,2025-12-31,DO-2026-01-100013,Shyam Steel,"Ahmedabad, Gujarat",TMT Fe500,26.8,1500,12000,18,0,18,68.2,Normal,2026-01-12 00:00,LP-RKL-04,Rourkela Steel Plant,22.2604,84.8536,23.0225,72.5714,38973,60,Wooden Crating,5008584,LCV
15,2025-12-25,DO-2026-01-100014,SRMB Steel,"Jaipur, Rajasthan",TMT Fe550,7.2,1500,2500,95,0,95,20.1,Low,2026-01-16 00:00,LP-RKL-04,Rourkela Steel Plant,22.2604,84.8536,26.9124,75.7873,66757,30,Tarpaulin Cover,4848721,LCV
16,2025-12-30,DO-2026-01-100015,Tata Steel Ltd,"Jaipur, Rajasthan",TMT Fe550,4.9,1500,3000,20,0,20,3.5,Critical,2026-01-04 00:00,LP-RKL-04,Rourkela Steel Plant,22.2604,84.8536,26.9124,75.7873,47785,30,None,4826783,HCV
17,2025-12-31,DO-2026-01-100016,JSW Steel,"Lucknow, Uttar Pradesh",GP Coil,3.8,2000,2500,122,0,122,18.2,High,2026-01-14 00:00,LP-BHI-05,Bhilai Steel Plant,21.2514,81.1257,26.8467,80.9462,63148,45,None,4299538,HCV
18,2025-12-27,DO-2026-01-100017,SAIL Bokaro,"Lucknow, Uttar Pradesh",GP Coil,26.2,1250,3000,45,0,45,34.7,Medium,2026-01-14 00:00,LP-BHI-05,Bhilai Steel Plant,21.2514,81.1257,26.8467,80.9462,74590,60,None,5091740,HCV
19,2025-12-28,DO-2026-01-100018,Hindalco Industries,"Coimbatore, Tamil Nadu",Color Coated,5.1,1250,2000,75,0,75,7.5,Normal,2026-01-04 00:00,LP-BHI-05,Bhilai Steel Plant,21.2514,81.1257,11.0168,76.9558,70555,45,Tarpaulin Cover,810321,Covered
20,2026-01-01,DO-2026-01-100019,Vedanta Resources,"Coimbatore, Tamil Nadu",Color Coated,20.4,1000,2500,27,0,27,10.8,Low,2026-01-04 00:00,LP-BHI-05,Bhilai Steel Plant,21.2514,81.1257,11.0168,76.9558,53654,30,None,3086036,Covered
21,2025-12-24,DO-2026-01-100020,NMDC Ltd,"Surat, Gujarat",SS304,14.6,2000,2500,103,0,103,59.0,Critical,2026-01-13 00:00,LP-VSP-06,Visakhapatnam Steel,17.6869,83.2185,21.1702,72.8311,62976,45,Wooden Crating,4164666,Covered
22,2025-12-27,DO-2026-01-100021,Rashtriya Ispat Nigam,"Surat, Gujarat",SS304,4.5,1800,3000,42,0,42,8.0,High,2026-01-10 00:00,LP-VSP-06,Visakhapatnam Steel,17.6869,83.2185,21.1702,72.8311,62606,30,Tarpaulin Cover,1575588,Open
23,2025-12-30,DO-2026-01-100022,Essar Steel,"Indore, Madhya Pradesh",SS316L,12.5,1500,2000,25,0,25,7.4,Medium,2026-01-07 00:00,LP-VSP-06,Visakhapatnam Steel,17.6869,83.2185,22.7196,75.8577,44465,90,None,2289209,Open
24,2025-12-25,DO-2026-01-100023,Jindal Steel,"Indore, Madhya Pradesh",SS316L,14.0,1000,6000,53,0,53,34.9,Normal,2026-01-05 00:00,LP-VSP-06,Visakhapatnam Steel,17.6869,83.2185,22.7196,75.8577,35315,30,Insurance Mandatory,2732894,Open
25,2025-12-27,DO-2026-01-100024,Bhushan Steel,"Mumbai, Maharashtra",MS A36,12.6,1800,2500,39,0,39,17.4,Low,2026-01-04 00:00,LP-JAM-01,Tata Steel Jamshedpur,22.8046,86.2029,19.076,72.8777,42789,90,None,4025095,Trailer
26,2025-12-27,DO-2026-01-100025,AM/NS India,"Mumbai, Maharashtra",MS A36,26.1,1800,3000,51,0,51,56.4,Critical,2026-01-15 00:00,LP-JAM-01,Tata Steel Jamshedpur,22.8046,86.2029,19.076,72.8777,68422,90,None,3238965,Trailer
27,2026-01-02,DO-2026-01-100026,Lloyds Metals,Delhi NCR,CRS,27.2,2000,12000,45,0,45,230.6,High,2026-01-15 00:00,LP-JAM-01,Tata Steel Jamshedpur,22.8046,86.2029,28.7041,77.1025,52552,30,None,4749591,Trailer
28,2026-01-02,DO-2026-01-100027,APL Apollo,Delhi NCR,CRS,25.9,2000,2500,82,0,82,83.4,Medium,2026-01-12 00:00,LP-JAM-01,Tata Steel Jamshedpur,22.8046,86.2029,28.7041,77.1025,37250,45,None,1320097,Flatbed
29,2025-12-24,DO-2026-01-100028,Shyam Steel,"Pune, Maharashtra",HRS,24.4,1800,2000,104,0,104,71.7,Normal,2026-01-07 00:00,LP-KOL-02,Kolkata Steel Depot,22.5726,88.3639,18.5204,73.8567,69940,30,Tarpaulin Cover,4266713,Flatbed
30,2025-12-29,DO-2026-01-100029,SRMB Steel,"Pune, Maharashtra",HRS,17.2,2000,3000,102,0,102,82.6,Low,2026-01-07 00:00,LP-KOL-02,Kolkata Steel Depot,22.5726,88.3639,18.5204,73.8567,75891,60,None,4070092,Flatbed
31,2025-12-28,DO-2026-01-100030,Tata Steel Ltd,"Chennai, Tamil Nadu",Galvanized,19.5,1500,6000,34,0,34,46.8,Critical,2026-01-16 00:00,LP-KOL-02,Kolkata Steel Depot,22.5726,88.3639,13.0827,80.2707,36754,30,None,1588703,LCV
32,2025-12-31,DO-2026-01-100031,JSW Steel,"Chennai, Tamil Nadu",Galvanized,16.0,2000,3000,27,0,27,20.3,High,2026-01-09 00:00,LP-KOL-02,Kolkata Steel Depot,22.5726,88.3639,13.0827,80.2707,36508,45,None,2073276,LCV
33,2025-12-23,DO-2026-01-100032,SAIL Bokaro,"Bengaluru, Karnataka",TMT Fe500,23.7,1500,12000,74,0,74,247.8,Medium,2026-01-12 00:00,LP-DUR-03,Durgapur Steel,23.5204,87.3119,12.9716,77.5946,32512,60,Express Delivery,1618946,LCV
34,2025-12-25,DO-2026-01-100033,Hindalco Industries,"Bengaluru, Karnataka",TMT Fe500,5.5,1000,2000,130,0,130,11.2,Normal,2026-01-06 00:00,LP-DUR-03,Durgapur Steel,23.5204,87.3119,12.9716,77.5946,49848,60,Tarpaulin Cover,3626288,HCV
35,2025-12-26,DO-2026-01-100034,Vedanta Resources,"Hyderabad, Telangana",TMT Fe550,19.9,1500,12000,44,0,44,123.7,Low,2026-01-08 00:00,LP-DUR-03,Durgapur Steel,23.5204,87.3119,17.385,78.4867,35329,30,Tarpaulin Cover,3070961,HCV
36,2025-12-31,DO-2026-01-100035,NMDC Ltd,"Hyderabad, Telangana",TMT Fe550,2.1,1250,3000,23,0,23,1.4,Critical,2026-01-15 00:00,LP-DUR-03,Durgapur Steel,23.5204,87.3119,17.385,78.4867,60956,90,Tarpaulin Cover,1688466,HCV
37,2026-01-02,DO-2026-01-100036,Rashtriya Ispat Nigam,"Ahmedabad, Gujarat",GP Coil,26.6,1250,12000,27,0,27,84.6,High,2026-01-17 00:00,LP-RKL-04,Rourkela Steel Plant,22.2604,84.8536,23.0225,72.5714,56196,45,None,1100885,Covered
38,2025-12-30,DO-2026-01-100037,Essar Steel,"Ahmedabad, Gujarat",GP Coil,11.5,1000,3000,57,0,57,15.4,Medium,2026-01-14 00:00,LP-RKL-04,Rourkela Steel Plant,22.2604,84.8536,23.0225,72.5714,48353,30,None,4158940,Covered
39,2025-12-31,DO-2026-01-100038,Jindal Steel,"Jaipur, Rajasthan",Color Coated,21.5,1250,2500,97,0,97,51.2,Normal,2026-01-10 00:00,LP-RKL-04,Rourkela Steel Plant,22.2604,84.8536,26.9124,75.7873,33624,45,Wooden Crating,3536573,Covered
40,2025-12-31,DO-2026-01-100039,Bhushan Steel,"Jaipur, Rajasthan",Color Coated,26.2,1250,3000,118,0,118,91.0,Low,2026-01-16 00:00,LP-RKL-04,Rourkela Steel Plant,22.2604,84.8536,26.9124,75.7873,77958,30,None,1074845,Open
41,2025-12-28,DO-2026-01-100040,AM/NS India,"Lucknow, Uttar Pradesh",SS304,14.2,1250,6000,127,0,127,106.2,Critical,2026-01-08 00:00,LP-BHI-05,Bhilai Steel Plant,21.2514,81.1257,26.8467,80.9462,46915,45,None,2370090,Open
42,2025-12-28,DO-2026-01-100041,Lloyds Metals,"Lucknow, Uttar Pradesh",SS304,10.5,1000,3000,69,0,69,17.1,High,2026-01-14 00:00,LP-BHI-05,Bhilai Steel Plant,21.2514,81.1257,26.8467,80.9462,65384,90,Tarpaulin Cover,3527886,Open
43,2025-12-24,DO-2026-01-100042,APL Apollo,"Coimbatore, Tamil Nadu",SS316L,5.0,1500,2500,21,0,21,3.1,Medium,2026-01-08 00:00,LP-BHI-05,Bhilai Steel Plant,21.2514,81.1257,11.0168,76.9558,34507,30,Tarpaulin Cover,3649833,Trailer
44,2025-12-25,DO-2026-01-100043,Shyam Steel,"Coimbatore, Tamil Nadu",SS316L,22.4,1800,12000,111,0,111,421.6,Normal,2026-01-05 00:00,LP-BHI-05,Bhilai Steel Plant,21.2514,81.1257,11.0168,76.9558,57244,45,None,4407915,Trailer
45,2025-12-28,DO-2026-01-100044,SRMB Steel,"Surat, Gujarat",MS A36,15.5,2000,2500,18,0,18,11.0,Low,2026-01-10 00:00,LP-VSP-06,Visakhapatnam Steel,17.6869,83.2185,21.1702,72.8311,36585,60,Tarpaulin Cover,1795432,Trailer
46,2025-12-23,DO-2026-01-100045,Tata Steel Ltd,"Surat, Gujarat",MS A36,25.4,2000,3000,110,0,110,131.6,Critical,2026-01-10 00:00,LP-VSP-06,Visakhapatnam Steel,17.6869,83.2185,21.1702,72.8311,53376,90,Tarpaulin Cover,1817767,Flatbed
47,2025-12-24,DO-2026-01-100046,JSW Steel,"Indore, Madhya Pradesh",CRS,12.9,1800,2500,42,0,42,19.1,High,2026-01-13 00:00,LP-VSP-06,Visakhapatnam Steel,17.6869,83.2185,22.7196,75.8577,51723,90,None,753405,Flatbed
48,2025-12-24,DO-2026-01-100047,SAIL Bokaro,"Indore, Madhya Pradesh",CRS,9.5,1800,12000,56,0,56,90.2,Medium,2026-01-14 00:00,LP-VSP-06,Visakhapatnam Steel,17.6869,83.2185,22.7196,75.8577,53118,90,None,2542657,Flatbed
49,2025-12-29,DO-2026-01-100048,Hindalco Industries,"Mumbai, Maharashtra",HRS,14.3,1250,2000,83,0,83,23.3,Normal,2026-01-12 00:00,LP-JAM-01,Tata Steel Jamshedpur,22.8046,86.2029,19.076,72.8777,75506,60,None,2720220,LCV
50,2026-01-02,DO-2026-01-100049,Vedanta Resources,"Mumbai, Maharashtra",HRS,10.1,1250,2500,104,0,104,25.8,Low,2026-01-04 00:00,LP-JAM-01,Tata Steel Jamshedpur,22.8046,86.2029,19.076,72.8777,48046,90,Tarpaulin Cover,1360927,LCV
51,2025-12-27,DO-2026-01-100050,NMDC Ltd,Delhi NCR,Galvanized,12.8,2000,2500,76,0,76,38.2,Critical,2026-01-11 00:00,LP-JAM-01,Tata Steel Jamshedpur,22.8046,86.2029,28.7041,77.1025,58191,45,None,796513,LCV
52,2025-12-30,DO-2026-01-100051,Rashtriya Ispat Nigam,Delhi NCR,Galvanized,21.5,1000,6000,132,0,132,133.7,High,2026-01-06 00:00,LP-JAM-01,Tata Steel Jamshedpur,22.8046,86.2029,28.7041,77.1025,77607,90,None,2840426,HCV
53,2025-12-26,DO-2026-01-100052,Essar Steel,"Pune, Maharashtra",TMT Fe500,24.1,1800,2500,135,0,135,114.9,Medium,2026-01-14 00:00,LP-KOL-02,Kolkata Steel Depot,22.5726,88.3639,18.5204,73.8567,66808,60,Insurance Mandatory,4462574,HCV
54,2025-12-25,DO-2026-01-100053,Jindal Steel,"Pune, Maharashtra",TMT Fe500,23.2,2000,6000,96,0,96,209.8,Normal,2026-01-11 00:00,LP-KOL-02,Kolkata Steel Depot,22.5726,88.3639,18.5204,73.8567,42430,90,None,2823997,HCV
55,2025-12-23,DO-2026-01-100054,Bhushan Steel,"Chennai, Tamil Nadu",TMT Fe550,18.6,2000,6000,125,0,125,219.0,Low,2026-01-07 00:00,LP-KOL-02,Kolkata Steel Depot,22.5726,88.3639,13.0827,80.2707,49996,90,None,3146861,Covered
56,2026-01-01,DO-2026-01-100055,AM/NS India,"Chennai, Tamil Nadu",TMT Fe550,9.1,1500,12000,48,0,48,61.7,Critical,2026-01-06 00:00,LP-KOL-02,Kolkata Steel Depot,22.5726,88.3639,13.0827,80.2707,41884,45,None,2031823,Covered
57,2025-12-28,DO-2026-01-100056,Lloyds Metals,"Bengaluru, Karnataka",GP Coil,7.6,1800,6000,108,0,108,69.6,High,2026-01-12 00:00,LP-DUR-03,Durgapur Steel,23.5204,87.3119,12.9716,77.5946,62534,90,None,4274419,Covered
58,2025-12-24,DO-2026-01-100057,APL Apollo,"Bengaluru, Karnataka",GP Coil,25.5,2000,2000,67,0,67,53.6,Medium,2026-01-10 00:00,LP-DUR-03,Durgapur Steel,23.5204,87.3119,12.9716,77.5946,63259,30,Express Delivery,3254944,Open
59,2025-12-25,DO-2026-01-100058,Shyam Steel,"Hyderabad, Telangana",Color Coated,12.1,1800,12000,114,0,114,233.9,Normal,2026-01-16 00:00,LP-DUR-03,Durgapur Steel,23.5204,87.3119,17.385,78.4867,71534,45,None,3039547,Open
60,2025-12-23,DO-2026-01-100059,SRMB Steel,"Hyderabad, Telangana",Color Coated,14.6,1800,3000,73,0,73,45.2,Low,2026-01-14 00:00,LP-DUR-03,Durgapur Steel,23.5204,87.3119,17.385,78.4867,58497,45,Wooden Crating,1820619,Open
61,2025-12-24,DO-2026-01-100060,Tata Steel Ltd,"Ahmedabad, Gujarat",SS304,15.9,1800,12000,97,0,97,261.5,Critical,2026-01-14 00:00,LP-RKL-04,Rourkela Steel Plant,22.2604,84.8536,23.0225,72.5714,33776,30,Tarpaulin Cover,1888329,Trailer
62,2025-12-27,DO-2026-01-100061,JSW Steel,"Ahmedabad, Gujarat",SS304,14.0,1000,3000,128,0,128,42.2,High,2026-01-09 00:00,LP-RKL-04,Rourkela Steel Plant,22.2604,84.8536,23.0225,72.5714,45871,90,None,3930341,Trailer
63,2026-01-01,DO-2026-01-100062,SAIL Bokaro,"Jaipur, Rajasthan",SS316L,21.6,1800,3000,53,0,53,48.5,Medium,2026-01-11 00:00,LP-RKL-04,Rourkela Steel Plant,22.2604,84.8536,26.9124,75.7873,33270,30,Insurance Mandatory,3685680,Trailer
64,2025-12-30,DO-2026-01-100063,Hindalco Industries,"Jaipur, Rajasthan",SS316L,18.9,1000,2000,46,0,46,13.6,Normal,2026-01-07 00:00,LP-RKL-04,Rourkela Steel Plant,22.2604,84.8536,26.9124,75.7873,33335,45,None,4722518,Flatbed
65,2025-12-29,DO-2026-01-100064,Vedanta Resources,"Lucknow, Uttar Pradesh",MS A36,5.0,1250,6000,103,0,103,30.3,Low,2026-01-16 00:00,LP-BHI-05,Bhilai Steel Plant,21.2514,81.1257,26.8467,80.9462,56175,45,Tarpaulin Cover,1710771,Flatbed
66,2025-12-24,DO-2026-01-100065,NMDC Ltd,"Lucknow, Uttar Pradesh",MS A36,23.3,1500,2000,117,0,117,64.2,Critical,2026-01-04 00:00,LP-BHI-05,Bhilai Steel Plant,21.2514,81.1257,26.8467,80.9462,52444,90,None,2413710,Flatbed
67,2025-12-29,DO-2026-01-100066,Rashtriya Ispat Nigam,"Coimbatore, Tamil Nadu",CRS,17.4,1250,2000,27,0,27,9.2,High,2026-01-17 00:00,LP-BHI-05,Bhilai Steel Plant,21.2514,81.1257,11.0168,76.9558,76843,30,Wooden Crating,1094512,LCV
68,2025-12-25,DO-2026-01-100067,Essar Steel,"Coimbatore, Tamil Nadu",CRS,15.9,1500,2000,62,0,62,23.2,Medium,2026-01-14 00:00,LP-BHI-05,Bhilai Steel Plant,21.2514,81.1257,11.0168,76.9558,54362,30,Wooden Crating,4862109,LCV
69,2025-12-31,DO-2026-01-100068,Jindal Steel,"Surat, Gujarat",HRS,13.3,1500,6000,31,0,31,29.1,Normal,2026-01-10 00:00,LP-VSP-06,Visakhapatnam Steel,17.6869,83.2185,21.1702,72.8311,43543,60,Tarpaulin Cover,4805871,LCV
70,2025-12-28,DO-2026-01-100069,Bhushan Steel,"Surat, Gujarat",HRS,13.3,2000,3000,77,0,77,48.2,Low,2026-01-17 00:00,LP-VSP-06,Visakhapatnam Steel,17.6869,83.2185,21.1702,72.8311,48088,30,None,4531601,HCV
71,2025-12-23,DO-2026-01-100070,AM/NS India,"Indore, Madhya Pradesh",Galvanized,21.5,2000,12000,49,0,49,198.5,Critical,2026-01-10 00:00,LP-VSP-06,Visakhapatnam Steel,17.6869,83.2185,22.7196,75.8577,54046,30,None,3476416,HCV
72,2025-12-28,DO-2026-01-100071,Lloyds Metals,"Indore, Madhya Pradesh",Galvanized,14.7,1500,3000,41,0,41,21.3,High,2026-01-08 00:00,LP-VSP-06,Visakhapatnam Steel,17.6869,83.2185,22.7196,75.8577,71069,60,Tarpaulin Cover,5083783,HCV
73,2025-12-25,DO-2026-01-100072,APL Apollo,"Mumbai, Maharashtra",TMT Fe500,4.2,1800,6000,42,0,42,15.0,Medium,2026-01-16 00:00,LP-JAM-01,Tata Steel Jamshedpur,22.8046,86.2029,19.076,72.8777,47749,90,Tarpaulin Cover,4867307,Covered
74,2025-12-30,DO-2026-01-100073,Shyam Steel,"Mumbai, Maharashtra",TMT Fe500,22.6,1000,3000,75,0,75,39.9,Normal,2026-01-10 00:00,LP-JAM-01,Tata Steel Jamshedpur,22.8046,86.2029,19.076,72.8777,77336,45,None,3845567,Covered
75,2025-12-25,DO-2026-01-100074,SRMB Steel,Delhi NCR,TMT Fe550,16.4,1500,6000,78,0,78,90.4,Low,2026-01-09 00:00,LP-JAM-01,Tata Steel Jamshedpur,22.8046,86.2029,28.7041,77.1025,55056,90,None,2858926,Covered
76,2026-01-01,DO-2026-01-100075,Tata Steel Ltd,Delhi NCR,TMT Fe550,5.1,1250,3000,47,0,47,7.1,Critical,2026-01-15 00:00,LP-JAM-01,Tata Steel Jamshedpur,22.8046,86.2029,28.7041,77.1025,67118,45,None,4811752,Open
77,2025-12-29,DO-2026-01-100076,JSW Steel,"Pune, Maharashtra",GP Coil,20.8,2000,12000,53,0,53,207.7,High,2026-01-05 00:00,LP-KOL-02,Kolkata Steel Depot,22.5726,88.3639,18.5204,73.8567,44721,60,None,2255264,Open
78,2025-12-29,DO-2026-01-100077,SAIL Bokaro,"Pune, Maharashtra",GP Coil,2.4,2000,2500,56,0,56,5.3,Medium,2026-01-04 00:00,LP-KOL-02,Kolkata Steel Depot,22.5726,88.3639,18.5204,73.8567,35573,60,Tarpaulin Cover,1809309,Open
79,2026-01-02,DO-2026-01-100078,Hindalco Industries,"Chennai, Tamil Nadu",Color Coated,24.6,1800,2000,99,0,99,68.8,Normal,2026-01-13 00:00,LP-KOL-02,Kolkata Steel Depot,22.5726,88.3639,13.0827,80.2707,50634,90,None,3608048,Trailer
80,2026-01-01,DO-2026-01-100079,Vedanta Resources,"Chennai, Tamil Nadu",Color Coated,27.1,1500,6000,41,0,41,78.5,Low,2026-01-17 00:00,LP-KOL-02,Kolkata Steel Depot,22.5726,88.3639,13.0827,80.2707,36282,90,None,1199705,Trailer
81,2026-01-01,DO-2026-01-100080,NMDC Ltd,"Bengaluru, Karnataka",SS304,5.9,2000,3000,37,0,37,10.3,Critical,2026-01-07 00:00,LP-DUR-03,Durgapur Steel,23.5204,87.3119,12.9716,77.5946,39762,90,Tarpaulin Cover,2643200,Trailer
82,2025-12-29,DO-2026-01-100081,Rashtriya Ispat Nigam,"Bengaluru, Karnataka",SS304,15.6,1800,6000,117,0,117,154.7,High,2026-01-17 00:00,LP-DUR-03,Durgapur Steel,23.5204,87.3119,12.9716,77.5946,70569,90,None,1255248,Flatbed
83,2025-12-23,DO-2026-01-100082,Essar Steel,"Hyderabad, Telangana",SS316L,27.0,1000,2500,96,0,96,50.9,Medium,2026-01-07 00:00,LP-DUR-03,Durgapur Steel,23.5204,87.3119,17.385,78.4867,49343,30,None,2208053,Flatbed
84,2025-12-26,DO-2026-01-100083,Jindal Steel,"Hyderabad, Telangana",SS316L,4.0,1000,6000,88,0,88,16.6,Normal,2026-01-15 00:00,LP-DUR-03,Durgapur Steel,23.5204,87.3119,17.385,78.4867,70916,90,None,2691763,Flatbed
85,2025-12-23,DO-2026-01-100084,Bhushan Steel,"Ahmedabad, Gujarat",MS A36,20.4,1800,2000,54,0,54,31.1,Low,2026-01-07 00:00,LP-RKL-04,Rourkela Steel Plant,22.2604,84.8536,23.0225,72.5714,49337,45,None,2635838,LCV
86,2026-01-01,DO-2026-01-100085,AM/NS India,"Ahmedabad, Gujarat",MS A36,5.9,1500,2500,100,0,100,17.4,Critical,2026-01-04 00:00,LP-RKL-04,Rourkela Steel Plant,22.2604,84.8536,23.0225,72.5714,42873,60,Tarpaulin Cover,3171041,LCV
87,2025-12-29,DO-2026-01-100086,Lloyds Metals,"Jaipur, Rajasthan",CRS,5.2,1500,6000,74,0,74,27.2,High,2026-01-12 00:00,LP-RKL-04,Rourkela Steel Plant,22.2604,84.8536,26.9124,75.7873,67388,90,None,1084376,LCV
88,2025-12-29,DO-2026-01-100087,APL Apollo,"Jaipur, Rajasthan",CRS,13.2,1500,12000,131,0,131,244.3,Medium,2026-01-04 00:00,LP-RKL-04,Rourkela Steel Plant,22.2604,84.8536,26.9124,75.7873,37985,45,Insurance Mandatory,924025,HCV
89,2026-01-02,DO-2026-01-100088,Shyam Steel,"Lucknow, Uttar Pradesh",HRS,19.5,1500,12000,115,0,115,316.9,Normal,2026-01-16 00:00,LP-BHI-05,Bhilai Steel Plant,21.2514,81.1257,26.8467,80.9462,43481,90,None,4459689,HCV
90,2025-12-23,DO-2026-01-100089,SRMB Steel,"Lucknow, Uttar Pradesh",HRS,9.2,2000,6000,135,0,135,117.0,Low,2026-01-17 00:00,LP-BHI-05,Bhilai Steel Plant,21.2514,81.1257,26.8467,80.9462,64225,30,None,4175472,HCV
91,2025-12-28,DO-2026-01-100090,Tata Steel Ltd,"Coimbatore, Tamil Nadu",Galvanized,10.3,1000,2500,60,0,60,12.1,Critical,2026-01-10 00:00,LP-BHI-05,Bhilai Steel Plant,21.2514,81.1257,11.0168,76.9558,77460,90,None,4109236,Covered
92,2026-01-01,DO-2026-01-100091,JSW Steel,"Coimbatore, Tamil Nadu",Galvanized,21.8,1000,6000,122,0,122,125.3,High,2026-01-09 00:00,LP-BHI-05,Bhilai Steel Plant,21.2514,81.1257,11.0168,76.9558,48541,60,None,4140466,Covered
93,2025-12-26,DO-2026-01-100092,SAIL Bokaro,"Surat, Gujarat",TMT Fe500,15.4,1000,12000,128,0,128,185.7,Medium,2026-01-10 00:00,LP-VSP-06,Visakhapatnam Steel,17.6869,83.2185,21.1702,72.8311,35552,45,None,4931663,Covered
94,2025-12-29,DO-2026-01-100093,Hindalco Industries,"Surat, Gujarat",TMT Fe500,13.5,1000,2500,98,0,98,26.0,Normal,2026-01-12 00:00,LP-VSP-06,Visakhapatnam Steel,17.6869,83.2185,21.1702,72.8311,40586,60,None,4816057,Open
95,2025-12-31,DO-2026-01-100094,Vedanta Resources,"Indore, Madhya Pradesh",TMT Fe550,2.8,2000,2500,33,0,33,3.6,Low,2026-01-08 00:00,LP-VSP-06,Visakhapatnam Steel,17.6869,83.2185,22.7196,75.8577,68099,30,Tarpaulin Cover,1531895,Open
96,2026-01-01,DO-2026-01-100095,NMDC Ltd,"Indore, Madhya Pradesh",TMT Fe550,27.8,1000,6000,46,0,46,60.2,Critical,2026-01-14 00:00,LP-VSP-06,Visakhapatnam Steel,17.6869,83.2185,22.7196,75.8577,42090,90,Express Delivery,3198312,Open
97,2025-12-26,DO-2026-01-100096,Rashtriya Ispat Nigam,"Mumbai, Maharashtra",GP Coil,20.3,1800,6000,83,0,83,142.8,High,2026-01-07 00:00,LP-JAM-01,Tata Steel Jamshedpur,22.8046,86.2029,19.076,72.8777,61935,45,None,5013433,Trailer
98,2025-12-27,DO-2026-01-100097,Essar Steel,"Mumbai, Maharashtra",GP Coil,24.9,1000,3000,113,0,113,66.3,Medium,2026-01-09 00:00,LP-JAM-01,Tata Steel Jamshedpur,22.8046,86.2029,19.076,72.8777,65275,60,Wooden Crating,3122625,Trailer
99,2025-12-23,DO-2026-01-100098,Jindal Steel,Delhi NCR,Color Coated,9.8,2000,12000,110,0,110,203.1,Normal,2026-01-11 00:00,LP-JAM-01,Tata Steel Jamshedpur,22.8046,86.2029,28.7041,77.1025,41738,90,None,3645109,Trailer
100,2025-12-26,DO-2026-01-100099,Bhushan Steel,Delhi NCR,Color Coated,16.3,2000,6000,60,0,60,92.1,Low,2026-01-09 00:00,LP-JAM-01,Tata Steel Jamshedpur,22.8046,86.2029,28.7041,77.1025,44363,45,Tarpaulin Cover,2709263,Flatbed
101,2025-12-26,DO-2026-01-100100,AM/NS India,"Pune, Maharashtra",SS304,22.2,1000,3000,127,0,127,66.4,Critical,2026-01-15 00:00,LP-KOL-02,Kolkata Steel Depot,22.5726,88.3639,18.5204,73.8567,56984,90,Insurance Mandatory,2025951,Flatbed
102,2025-12-24,DO-2026-01-100101,Lloyds Metals,"Pune, Maharashtra",SS304,27.1,1250,12000,81,0,81,258.5,High,2026-01-09 00:00,LP-KOL-02,Kolkata Steel Depot,22.5726,88.3639,18.5204,73.8567,38577,90,None,4582990,Flatbed
103,2026-01-01,DO-2026-01-100102,APL Apollo,"Chennai, Tamil Nadu",SS316L,20.8,1800,2500,19,0,19,14.0,Medium,2026-01-11 00:00,LP-KOL-02,Kolkata Steel Depot,22.5726,88.3639,13.0827,80.2707,49368,60,Tarpaulin Cover,4084331,LCV
104,2025-12-27,DO-2026-01-100103,Shyam Steel,"Chennai, Tamil Nadu",SS316L,4.1,1500,12000,101,0,101,58.5,Normal,2026-01-09 00:00,LP-KOL-02,Kolkata Steel Depot,22.5726,88.3639,13.0827,80.2707,73077,90,Express Delivery,1051143,LCV
105,2026-01-01,DO-2026-01-100104,SRMB Steel,"Bengaluru, Karnataka",MS A36,3.8,1500,2500,97,0,97,10.9,Low,2026-01-10 00:00,LP-DUR-03,Durgapur Steel,23.5204,87.3119,12.9716,77.5946,38451,30,None,3262103,LCV
106,2025-12-29,DO-2026-01-100105,Tata Steel Ltd,"Bengaluru, Karnataka",MS A36,2.8,1500,2000,133,0,133,8.8,Critical,2026-01-09 00:00,LP-DUR-03,Durgapur Steel,23.5204,87.3119,12.9716,77.5946,56565,90,None,4206540,HCV
107,2025-12-31,DO-2026-01-100106,JSW Steel,"Hyderabad, Telangana",CRS,19.7,1250,2500,90,0,90,43.5,High,2026-01-05 00:00,LP-DUR-03,Durgapur Steel,23.5204,87.3119,17.385,78.4867,71943,90,Tarpaulin Cover,2770226,HCV
108,2025-12-26,DO-2026-01-100107,SAIL Bokaro,"Hyderabad, Telangana",CRS,25.7,1250,2500,81,0,81,51.1,Medium,2026-01-14 00:00,LP-DUR-03,Durgapur Steel,23.5204,87.3119,17.385,78.4867,48644,90,None,828831,HCV
109,2025-12-31,DO-2026-01-100108,Hindalco Industries,"Ahmedabad, Gujarat",HRS,22.9,1500,12000,133,0,133,430.4,Normal,2026-01-05 00:00,LP-RKL-04,Rourkela Steel Plant,22.2604,84.8536,23.0225,72.5714,60949,60,Insurance Mandatory,3259487,Covered
110,2025-12-29,DO-2026-01-100109,Vedanta Resources,"Ahmedabad, Gujarat",HRS,27.0,1500,6000,99,0,99,188.8,Low,2026-01-07 00:00,LP-RKL-04,Rourkela Steel Plant,22.2604,84.8536,23.0225,72.5714,57211,90,None,3949115,Covered
111,2026-01-02,DO-2026-01-100110,NMDC Ltd,"Jaipur, Rajasthan",Galvanized,11.3,1500,3000,91,0,91,36.3,Critical,2026-01-17 00:00,LP-RKL-04,Rourkela Steel Plant,22.2604,84.8536,26.9124,75.7873,75137,90,None,1161412,Covered
112,2025-12-30,DO-2026-01-100111,Rashtriya Ispat Nigam,"Jaipur, Rajasthan",Galvanized,17.8,1800,3000,134,0,134,101.1,High,2026-01-13 00:00,LP-RKL-04,Rourkela Steel Plant,22.2604,84.8536,26.9124,75.7873,55089,45,Tarpaulin Cover,2852409,Open
113,2025-12-23,DO-2026-01-100112,Essar Steel,"Lucknow, Uttar Pradesh",TMT Fe500,21.6,1250,2000,104,0,104,44.1,Medium,2026-01-14 00:00,LP-BHI-05,Bhilai Steel Plant,21.2514,81.1257,26.8467,80.9462,34583,60,Wooden Crating,1029881,Open
114,2025-12-29,DO-2026-01-100113,Jindal Steel,"Lucknow, Uttar Pradesh",TMT Fe500,11.5,1250,2000,92,0,92,20.8,Normal,2026-01-09 00:00,LP-BHI-05,Bhilai Steel Plant,21.2514,81.1257,26.8467,80.9462,59230,45,None,3819035,Open
115,2025-12-29,DO-2026-01-100114,Bhushan Steel,"Coimbatore, Tamil Nadu",TMT Fe550,15.0,1500,2500,85,0,85,37.5,Low,2026-01-17 00:00,LP-BHI-05,Bhilai Steel Plant,21.2514,81.1257,11.0168,76.9558,63578,60,Wooden Crating,3591349,Trailer
116,2025-12-30,DO-2026-01-100115,AM/NS India,"Coimbatore, Tamil Nadu",TMT Fe550,5.0,1000,2500,120,0,120,11.8,Critical,2026-01-17 00:00,LP-BHI-05,Bhilai Steel Plant,21.2514,81.1257,11.0168,76.9558,76323,90,Insurance Mandatory,3818343,Trailer
117,2025-12-25,DO-2026-01-100116,Lloyds Metals,"Surat, Gujarat",GP Coil,22.6,1000,3000,29,0,29,15.4,High,2026-01-05 00:00,LP-VSP-06,Visakhapatnam Steel,17.6869,83.2185,21.1702,72.8311,61804,60,Tarpaulin Cover,2949169,Trailer
118,2025-12-23,DO-2026-01-100117,APL Apollo,"Surat, Gujarat",GP Coil,11.9,1500,2000,92,0,92,25.8,Medium,2026-01-07 00:00,LP-VSP-06,Visakhapatnam Steel,17.6869,83.2185,21.1702,72.8311,62898,30,Tarpaulin Cover,3501516,Flatbed
119,2025-12-29,DO-2026-01-100118,Shyam Steel,"Indore, Madhya Pradesh",Color Coated,17.9,1000,6000,135,0,135,113.8,Normal,2026-01-14 00:00,LP-VSP-06,Visakhapatnam Steel,17.6869,83.2185,22.7196,75.8577,58758,30,None,1062157,Flatbed
120,2025-12-30,DO-2026-01-100119,SRMB Steel,"Indore, Madhya Pradesh",Color Coated,27.9,1000,2000,56,0,56,24.5,Low,2026-01-12 00:00,LP-VSP-06,Visakhapatnam Steel,17.6869,83.2185,22.7196,75.8577,40890,90,None,4265890,Flatbed
121,2025-12-23,DO-2026-01-100120,Tata Steel Ltd,"Mumbai, Maharashtra",SS304,21.3,1250,6000,93,0,93,116.6,Critical,2026-01-05 00:00,LP-JAM-01,Tata Steel Jamshedpur,22.8046,86.2029,19.076,72.8777,64069,90,Express Delivery,3096630,LCV
122,2025-12-26,DO-2026-01-100121,JSW Steel,"Mumbai, Maharashtra",SS304,19.9,1250,6000,22,0,22,25.8,High,2026-01-07 00:00,LP-JAM-01,Tata Steel Jamshedpur,22.8046,86.2029,19.076,72.8777,55768,30,Insurance Mandatory,3831428,LCV
123,2025-12-27,DO-2026-01-100122,SAIL Bokaro,Delhi NCR,SS316L,25.4,1500,2000,87,0,87,52.0,Medium,2026-01-08 00:00,LP-JAM-01,Tata Steel Jamshedpur,22.8046,86.2029,28.7041,77.1025,44439,30,Express Delivery,4564445,LCV
124,2026-01-02,DO-2026-01-100123,Hindalco Industries,Delhi NCR,SS316L,19.2,2000,2000,29,0,29,17.5,Normal,2026-01-16 00:00,LP-JAM-01,Tata Steel Jamshedpur,22.8046,86.2029,28.7041,77.1025,53856,45,Insurance Mandatory,2471389,HCV
125,2025-12-24,DO-2026-01-100124,Vedanta Resources,"Pune, Maharashtra",MS A36,23.6,2000,2500,26,0,26,24.1,Low,2026-01-07 00:00,LP-KOL-02,Kolkata Steel Depot,22.5726,88.3639,18.5204,73.8567,47269,60,Wooden Crating,773786,HCV
126,2025-12-25,DO-2026-01-100125,NMDC Ltd,"Pune, Maharashtra",MS A36,24.3,1250,2500,53,0,53,31.6,Critical,2026-01-08 00:00,LP-KOL-02,Kolkata Steel Depot,22.5726,88.3639,18.5204,73.8567,43435,30,Tarpaulin Cover,966259,HCV
127,2025-12-28,DO-2026-01-100126,Rashtriya Ispat Nigam,"Chennai, Tamil Nadu",CRS,2.4,1250,12000,34,0,34,9.6,High,2026-01-04 00:00,LP-KOL-02,Kolkata Steel Depot,22.5726,88.3639,13.0827,80.2707,43419,60,None,4281273,Covered
128,2025-12-26,DO-2026-01-100127,Essar Steel,"Chennai, Tamil Nadu",CRS,5.0,1000,6000,85,0,85,20.0,Medium,2026-01-16 00:00,LP-KOL-02,Kolkata Steel Depot,22.5726,88.3639,13.0827,80.2707,55726,30,None,2608494,Covered
129,2025-12-26,DO-2026-01-100128,Jindal Steel,"Bengaluru, Karnataka",HRS,3.1,2000,3000,96,0,96,14.0,Normal,2026-01-14 00:00,LP-DUR-03,Durgapur Steel,23.5204,87.3119,12.9716,77.5946,34041,30,Insurance Mandatory,4119009,Covered
130,2026-01-01,DO-2026-01-100129,Bhushan Steel,"Bengaluru, Karnataka",HRS,19.8,1800,6000,72,0,72,120.9,Low,2026-01-05 00:00,LP-DUR-03,Durgapur Steel,23.5204,87.3119,12.9716,77.5946,53109,45,None,3057001,Open
131,2025-12-27,DO-2026-01-100130,AM/NS India,"Hyderabad, Telangana",Galvanized,18.5,2000,3000,97,0,97,84.5,Critical,2026-01-13 00:00,LP-DUR-03,Durgapur Steel,23.5204,87.3119,17.385,78.4867,66770,60,None,4358773,Open
132,2025-12-30,DO-2026-01-100131,Lloyds Metals,"Hyderabad, Telangana",Galvanized,22.6,1000,12000,30,0,30,63.9,High,2026-01-10 00:00,LP-DUR-03,Durgapur Steel,23.5204,87.3119,17.385,78.4867,61593,45,None,4554224,Open
133,2025-12-27,DO-2026-01-100132,APL Apollo,"Ahmedabad, Gujarat",TMT Fe500,12.8,1000,3000,69,0,69,20.8,Medium,2026-01-09 00:00,LP-RKL-04,Rourkela Steel Plant,22.2604,84.8536,23.0225,72.5714,75588,60,None,2030428,Trailer
134,2026-01-01,DO-2026-01-100133,Shyam Steel,"Ahmedabad, Gujarat",TMT Fe500,26.0,1000,2000,105,0,105,42.9,Normal,2026-01-05 00:00,LP-RKL-04,Rourkela Steel Plant,22.2604,84.8536,23.0225,72.5714,60303,30,Wooden Crating,3875988,Trailer
135,2025-12-25,DO-2026-01-100134,SRMB Steel,"Jaipur, Rajasthan",TMT Fe550,5.4,1000,12000,121,0,121,61.6,Low,2026-01-12 00:00,LP-RKL-04,Rourkela Steel Plant,22.2604,84.8536,26.9124,75.7873,53603,30,None,4297851,Trailer
136,2025-12-24,DO-2026-01-100135,Tata Steel Ltd,"Jaipur, Rajasthan",TMT Fe550,25.8,1000,3000,129,0,129,78.4,Critical,2026-01-08 00:00,LP-RKL-04,Rourkela Steel Plant,22.2604,84.8536,26.9124,75.7873,55045,30,Tarpaulin Cover,2534582,Flatbed
137,2025-12-28,DO-2026-01-100136,JSW Steel,"Lucknow, Uttar Pradesh",GP Coil,19.1,1250,2000,37,0,37,13.9,High,2026-01-17 00:00,LP-BHI-05,Bhilai Steel Plant,21.2514,81.1257,26.8467,80.9462,68455,60,None,3086799,Flatbed
138,2025-12-24,DO-2026-01-100137,SAIL Bokaro,"Lucknow, Uttar Pradesh",GP Coil,7.9,1800,12000,91,0,91,121.9,Medium,2026-01-13 00:00,LP-BHI-05,Bhilai Steel Plant,21.2514,81.1257,26.8467,80.9462,76235,30,Tarpaulin Cover,2993514,Flatbed
139,2025-12-28,DO-2026-01-100138,Hindalco Industries,"Coimbatore, Tamil Nadu",Color Coated,6.7,1500,3000,21,0,21,5.0,Normal,2026-01-04 00:00,LP-BHI-05,Bhilai Steel Plant,21.2514,81.1257,11.0168,76.9558,43888,45,Tarpaulin Cover,4112022,LCV
140,2025-12-25,DO-2026-01-100139,Vedanta Resources,"Coimbatore, Tamil Nadu",Color Coated,5.7,1000,2000,26,0,26,2.3,Low,2026-01-07 00:00,LP-BHI-05,Bhilai Steel Plant,21.2514,81.1257,11.0168,76.9558,56654,90,None,2070444,LCV
141,2025-12-24,DO-2026-01-100140,NMDC Ltd,"Surat, Gujarat",SS304,10.1,1500,12000,65,0,65,92.8,Critical,2026-01-05 00:00,LP-VSP-06,Visakhapatnam Steel,17.6869,83.2185,21.1702,72.8311,35447,45,None,1167438,LCV
142,2025-12-26,DO-2026-01-100141,Rashtriya Ispat Nigam,"Surat, Gujarat",SS304,4.1,1800,6000,104,0,104,36.2,High,2026-01-13 00:00,LP-VSP-06,Visakhapatnam Steel,17.6869,83.2185,21.1702,72.8311,60969,90,None,5047872,HCV
143,2025-12-23,DO-2026-01-100142,Essar Steel,"Indore, Madhya Pradesh",SS316L,11.0,1000,3000,32,0,32,8.3,Medium,2026-01-14 00:00,LP-VSP-06,Visakhapatnam Steel,17.6869,83.2185,22.7196,75.8577,70871,90,None,3337209,HCV
144,2026-01-02,DO-2026-01-100143,Jindal Steel,"Indore, Madhya Pradesh",SS316L,7.7,2000,2000,23,0,23,5.6,Normal,2026-01-07 00:00,LP-VSP-06,Visakhapatnam Steel,17.6869,83.2185,22.7196,75.8577,51753,45,Wooden Crating,2893452,HCV
145,2025-12-27,DO-2026-01-100144,Bhushan Steel,"Mumbai, Maharashtra",MS A36,10.5,1000,6000,55,0,55,27.2,Low,2026-01-06 00:00,LP-JAM-01,Tata Steel Jamshedpur,22.8046,86.2029,19.076,72.8777,40466,90,None,2680308,Covered
146,2025-12-27,DO-2026-01-100145,AM/NS India,"Mumbai, Maharashtra",MS A36,16.5,1500,2000,82,0,82,31.9,Critical,2026-01-17 00:00,LP-JAM-01,Tata Steel Jamshedpur,22.8046,86.2029,19.076,72.8777,34772,90,None,1403158,Covered
147,2025-12-27,DO-2026-01-100146,Lloyds Metals,Delhi NCR,CRS,10.1,1800,12000,128,0,128,219.2,High,2026-01-15 00:00,LP-JAM-01,Tata Steel Jamshedpur,22.8046,86.2029,28.7041,77.1025,73952,90,None,4147657,Covered
148,2025-12-26,DO-2026-01-100147,APL Apollo,Delhi NCR,CRS,27.1,1250,12000,20,0,20,63.8,Medium,2026-01-17 00:00,LP-JAM-01,Tata Steel Jamshedpur,22.8046,86.2029,28.7041,77.1025,77194,60,None,1638044,Open
149,2026-01-01,DO-2026-01-100148,Shyam Steel,"Pune, Maharashtra",HRS,13.3,1800,12000,49,0,49,110.5,Normal,2026-01-10 00:00,LP-KOL-02,Kolkata Steel Depot,22.5726,88.3639,18.5204,73.8567,52334,60,None,2160399,Open
150,2025-12-25,DO-2026-01-100149,SRMB Steel,"Pune, Maharashtra",HRS,15.3,1000,12000,27,0,27,38.9,Low,2026-01-07 00:00,LP-KOL-02,Kolkata Steel Depot,22.5726,88.3639,18.5204,73.8567,54896,60,Tarpaulin Cover,1988912,Open
151,2025-12-31,DO-2026-01-100150,Tata Steel Ltd,"Chennai, Tamil Nadu",Galvanized,4.7,1500,2500,48,0,48,6.6,Critical,2026-01-13 00:00,LP-KOL-02,Kolkata Steel Depot,22.5726,88.3639,13.0827,80.2707,42018,30,None,4894954,Trailer
152,2025-12-23,DO-2026-01-100151,JSW Steel,"Chennai, Tamil Nadu",Galvanized,21.6,2000,6000,77,0,77,156.7,High,2026-01-13 00:00,LP-KOL-02,Kolkata Steel Depot,22.5726,88.3639,13.0827,80.2707,74139,60,Express Delivery,3401965,Trailer
153,2025-12-23,DO-2026-01-100152,SAIL Bokaro,"Bengaluru, Karnataka",TMT Fe500,13.4,1800,6000,37,0,37,42.0,Medium,2026-01-08 00:00,LP-DUR-03,Durgapur Steel,23.5204,87.3119,12.9716,77.5946,50001,30,None,1372356,Trailer
154,2025-12-28,DO-2026-01-100153,Hindalco Industries,"Bengaluru, Karnataka",TMT Fe500,14.0,1000,2000,57,0,57,12.5,Normal,2026-01-17 00:00,LP-DUR-03,Durgapur Steel,23.5204,87.3119,12.9716,77.5946,50813,30,Tarpaulin Cover,1507461,Flatbed
155,2025-12-24,DO-2026-01-100154,Vedanta Resources,"Hyderabad, Telangana",TMT Fe550,17.4,1800,6000,96,0,96,141.6,Low,2026-01-12 00:00,LP-DUR-03,Durgapur Steel,23.5204,87.3119,17.385,78.4867,34688,90,Express Delivery,2329067,Flatbed
156,2026-01-02,DO-2026-01-100155,NMDC Ltd,"Hyderabad, Telangana",TMT Fe550,17.7,2000,2500,59,0,59,41.0,Critical,2026-01-11 00:00,LP-DUR-03,Durgapur Steel,23.5204,87.3119,17.385,78.4867,38783,60,Insurance Mandatory,1457404,Flatbed
157,2025-12-26,DO-2026-01-100156,Rashtriya Ispat Nigam,"Ahmedabad, Gujarat",GP Coil,18.8,1000,2500,82,0,82,30.3,High,2026-01-11 00:00,LP-RKL-04,Rourkela Steel Plant,22.2604,84.8536,23.0225,72.5714,66345,45,None,3123083,LCV
158,2026-01-02,DO-2026-01-100157,Essar Steel,"Ahmedabad, Gujarat",GP Coil,12.6,1500,12000,67,0,67,119.3,Medium,2026-01-16 00:00,LP-RKL-04,Rourkela Steel Plant,22.2604,84.8536,23.0225,72.5714,73345,60,None,1542773,LCV
159,2025-12-23,DO-2026-01-100158,Jindal Steel,"Jaipur, Rajasthan",Color Coated,19.6,1500,3000,89,0,89,61.6,Normal,2026-01-13 00:00,LP-RKL-04,Rourkela Steel Plant,22.2604,84.8536,26.9124,75.7873,41854,60,None,1936387,LCV
160,2025-12-24,DO-2026-01-100159,Bhushan Steel,"Jaipur, Rajasthan",Color Coated,11.1,1800,2500,135,0,135,52.9,Low,2026-01-15 00:00,LP-RKL-04,Rourkela Steel Plant,22.2604,84.8536,26.9124,75.7873,37552,60,Tarpaulin Cover,3505461,HCV
161,2025-12-23,DO-2026-01-100160,AM/NS India,"Lucknow, Uttar Pradesh",SS304,5.3,2000,2000,122,0,122,20.3,Critical,2026-01-14 00:00,LP-BHI-05,Bhilai Steel Plant,21.2514,81.1257,26.8467,80.9462,59748,60,None,3340956,HCV
162,2025-12-30,DO-2026-01-100161,Lloyds Metals,"Lucknow, Uttar Pradesh",SS304,26.7,1500,6000,41,0,41,77.3,High,2026-01-07 00:00,LP-BHI-05,Bhilai Steel Plant,21.2514,81.1257,26.8467,80.9462,41015,45,None,1598430,HCV
163,2025-12-23,DO-2026-01-100162,APL Apollo,"Coimbatore, Tamil Nadu",SS316L,22.0,2000,2000,82,0,82,56.6,Medium,2026-01-09 00:00,LP-BHI-05,Bhilai Steel Plant,21.2514,81.1257,11.0168,76.9558,72503,45,Tarpaulin Cover,2043965,Covered
164,2025-12-26,DO-2026-01-100163,Shyam Steel,"Coimbatore, Tamil Nadu",SS316L,6.7,2000,2500,38,0,38,10.0,Normal,2026-01-04 00:00,LP-BHI-05,Bhilai Steel Plant,21.2514,81.1257,11.0168,76.9558,58926,60,Tarpaulin Cover,2742547,Covered
165,2025-12-25,DO-2026-01-100164,SRMB Steel,"Surat, Gujarat",MS A36,17.9,1800,2500,74,0,74,46.8,Low,2026-01-07 00:00,LP-VSP-06,Visakhapatnam Steel,17.6869,83.2185,21.1702,72.8311,52281,90,Express Delivery,2377525,Covered
166,2025-12-26,DO-2026-01-100165,Tata Steel Ltd,"Surat, Gujarat",MS A36,19.6,2000,6000,65,0,65,120.0,Critical,2026-01-16 00:00,LP-VSP-06,Visakhapatnam Steel,17.6869,83.2185,21.1702,72.8311,50466,90,None,4261981,Open
167,2025-12-29,DO-2026-01-100166,JSW Steel,"Indore, Madhya Pradesh",CRS,23.2,2000,2500,38,0,38,34.6,High,2026-01-04 00:00,LP-VSP-06,Visakhapatnam Steel,17.6869,83.2185,22.7196,75.8577,74020,90,Express Delivery,1610585,Open
168,2026-01-01,DO-2026-01-100167,SAIL Bokaro,"Indore, Madhya Pradesh",CRS,24.0,1000,3000,109,0,109,61.6,Medium,2026-01-16 00:00,LP-VSP-06,Visakhapatnam Steel,17.6869,83.2185,22.7196,75.8577,42506,60,None,5056314,Open
169,2025-12-26,DO-2026-01-100168,Hindalco Industries,"Mumbai, Maharashtra",HRS,23.6,1000,2500,36,0,36,16.7,Normal,2026-01-09 00:00,LP-JAM-01,Tata Steel Jamshedpur,22.8046,86.2029,19.076,72.8777,33747,90,None,4961140,Trailer
170,2025-12-30,DO-2026-01-100169,Vedanta Resources,"Mumbai, Maharashtra",HRS,8.1,1000,3000,65,0,65,12.4,Low,2026-01-04 00:00,LP-JAM-01,Tata Steel Jamshedpur,22.8046,86.2029,19.076,72.8777,52885,30,Wooden Crating,3562619,Trailer
171,2025-12-26,DO-2026-01-100170,NMDC Ltd,Delhi NCR,Galvanized,5.8,1000,3000,119,0,119,16.3,Critical,2026-01-15 00:00,LP-JAM-01,Tata Steel Jamshedpur,22.8046,86.2029,28.7041,77.1025,41095,90,None,794050,Trailer
172,2025-12-31,DO-2026-01-100171,Rashtriya Ispat Nigam,Delhi NCR,Galvanized,4.1,1500,2500,133,0,133,16.1,High,2026-01-12 00:00,LP-JAM-01,Tata Steel Jamshedpur,22.8046,86.2029,28.7041,77.1025,71903,90,None,3166771,Flatbed
173,2025-12-27,DO-2026-01-100172,Essar Steel,"Pune, Maharashtra",TMT Fe500,9.8,1000,2500,48,0,48,9.2,Medium,2026-01-14 00:00,LP-KOL-02,Kolkata Steel Depot,22.5726,88.3639,18.5204,73.8567,72816,90,None,4942871,Flatbed
174,2025-12-30,DO-2026-01-100173,Jindal Steel,"Pune, Maharashtra",TMT Fe500,15.9,2000,12000,94,0,94,281.6,Normal,2026-01-15 00:00,LP-KOL-02,Kolkata Steel Depot,22.5726,88.3639,18.5204,73.8567,41409,60,None,3709635,Flatbed
175,2025-12-25,DO-2026-01-100174,Bhushan Steel,"Chennai, Tamil Nadu",TMT Fe550,16.8,1250,2000,48,0,48,15.8,Low,2026-01-09 00:00,LP-KOL-02,Kolkata Steel Depot,22.5726,88.3639,13.0827,80.2707,36435,30,None,4693778,LCV
176,2026-01-02,DO-2026-01-100175,AM/NS India,"Chennai, Tamil Nadu",TMT Fe550,18.5,1500,3000,23,0,23,15.0,Critical,2026-01-09 00:00,LP-KOL-02,Kolkata Steel Depot,22.5726,88.3639,13.0827,80.2707,36427,60,None,1619595,LCV
177,2026-01-02,DO-2026-01-100176,Lloyds Metals,"Bengaluru, Karnataka",GP Coil,17.1,1500,2500,116,0,116,58.4,High,2026-01-09 00:00,LP-DUR-03,Durgapur Steel,23.5204,87.3119,12.9716,77.5946,67783,60,Wooden Crating,2218754,LCV
178,2025-12-23,DO-2026-01-100177,APL Apollo,"Bengaluru, Karnataka",GP Coil,22.3,1800,6000,124,0,124,234.4,Medium,2026-01-06 00:00,LP-DUR-03,Durgapur Steel,23.5204,87.3119,12.9716,77.5946,40837,30,Tarpaulin Cover,4589294,HCV
179,2026-01-02,DO-2026-01-100178,Shyam Steel,"Hyderabad, Telangana",Color Coated,9.6,1000,2500,22,0,22,4.1,Normal,2026-01-09 00:00,LP-DUR-03,Durgapur Steel,23.5204,87.3119,17.385,78.4867,52321,90,Insurance Mandatory,4721165,HCV
180,2025-12-28,DO-2026-01-100179,SRMB Steel,"Hyderabad, Telangana",Color Coated,3.0,1250,3000,50,0,50,4.4,Low,2026-01-17 00:00,LP-DUR-03,Durgapur Steel,23.5204,87.3119,17.385,78.4867,35132,60,None,3837168,HCV
181,2025-12-28,DO-2026-01-100180,Tata Steel Ltd,"Ahmedabad, Gujarat",SS304,25.1,1800,6000,73,0,73,155.3,Critical,2026-01-06 00:00,LP-RKL-04,Rourkela Steel Plant,22.2604,84.8536,23.0225,72.5714,64519,90,None,5106001,Covered
182,2025-12-27,DO-2026-01-100181,JSW Steel,"Ahmedabad, Gujarat",SS304,22.8,1800,2000,52,0,52,33.5,High,2026-01-13 00:00,LP-RKL-04,Rourkela Steel Plant,22.2604,84.8536,23.0225,72.5714,43826,60,None,1421666,Covered
183,2025-12-24,DO-2026-01-100182,SAIL Bokaro,"Jaipur, Rajasthan",SS316L,19.2,1500,6000,59,0,59,80.0,Medium,2026-01-15 00:00,LP-RKL-04,Rourkela Steel Plant,22.2604,84.8536,26.9124,75.7873,59925,45,Tarpaulin Cover,3698989,Covered
184,2025-12-27,DO-2026-01-100183,Hindalco Industries,"Jaipur, Rajasthan",SS316L,3.1,1500,12000,75,0,75,32.9,Normal,2026-01-08 00:00,LP-RKL-04,Rourkela Steel Plant,22.2604,84.8536,26.9124,75.7873,73908,30,None,4157538,Open
185,2025-12-31,DO-2026-01-100184,Vedanta Resources,"Lucknow, Uttar Pradesh",MS A36,15.3,1250,2000,64,0,64,19.2,Low,2026-01-17 00:00,LP-BHI-05,Bhilai Steel Plant,21.2514,81.1257,26.8467,80.9462,71817,90,None,1313994,Open
186,2025-12-27,DO-2026-01-100185,NMDC Ltd,"Lucknow, Uttar Pradesh",MS A36,22.2,1500,3000,48,0,48,37.6,Critical,2026-01-13 00:00,LP-BHI-05,Bhilai Steel Plant,21.2514,81.1257,26.8467,80.9462,34122,45,Tarpaulin Cover,3861875,Open
187,2025-12-31,DO-2026-01-100186,Rashtriya Ispat Nigam,"Coimbatore, Tamil Nadu",CRS,13.5,1000,12000,65,0,65,82.7,High,2026-01-12 00:00,LP-BHI-05,Bhilai Steel Plant,21.2514,81.1257,11.0168,76.9558,56048,90,None,3087819,Trailer
188,2025-12-26,DO-2026-01-100187,Essar Steel,"Coimbatore, Tamil Nadu",CRS,27.0,1000,2500,49,0,49,26.0,Medium,2026-01-12 00:00,LP-BHI-05,Bhilai Steel Plant,21.2514,81.1257,11.0168,76.9558,57361,30,None,2933468,Trailer
189,2025-12-26,DO-2026-01-100188,Jindal Steel,"Surat, Gujarat",HRS,13.6,2000,3000,108,0,108,69.2,Normal,2026-01-07 00:00,LP-VSP-06,Visakhapatnam Steel,17.6869,83.2185,21.1702,72.8311,40037,45,Express Delivery,4542008,Trailer
190,2025-12-23,DO-2026-01-100189,Bhushan Steel,"Surat, Gujarat",HRS,25.4,1800,2000,40,0,40,28.7,Low,2026-01-17 00:00,LP-VSP-06,Visakhapatnam Steel,17.6869,83.2185,21.1702,72.8311,52944,60,Tarpaulin Cover,3185735,Flatbed
191,2025-12-28,DO-2026-01-100190,AM/NS India,"Indore, Madhya Pradesh",Galvanized,9.8,1250,2500,132,0,132,31.7,Critical,2026-01-12 00:00,LP-VSP-06,Visakhapatnam Steel,17.6869,83.2185,22.7196,75.8577,46695,30,Insurance Mandatory,1914983,Flatbed
192,2025-12-25,DO-2026-01-100191,Lloyds Metals,"Indore, Madhya Pradesh",Galvanized,22.5,1000,3000,48,0,48,25.4,High,2026-01-13 00:00,LP-VSP-06,Visakhapatnam Steel,17.6869,83.2185,22.7196,75.8577,56176,90,Wooden Crating,1838599,Flatbed
193,2025-12-27,DO-2026-01-100192,APL Apollo,"Mumbai, Maharashtra",TMT Fe500,25.0,1000,3000,96,0,96,56.5,Medium,2026-01-15 00:00,LP-JAM-01,Tata Steel Jamshedpur,22.8046,86.2029,19.076,72.8777,63369,90,Wooden Crating,1368665,LCV
194,2025-12-26,DO-2026-01-100193,Shyam Steel,"Mumbai, Maharashtra",TMT Fe500,27.3,1000,6000,34,0,34,43.7,Normal,2026-01-14 00:00,LP-JAM-01,Tata Steel Jamshedpur,22.8046,86.2029,19.076,72.8777,65905,60,None,2276417,LCV
195,2026-01-02,DO-2026-01-100194,SRMB Steel,Delhi NCR,TMT Fe550,27.1,1800,12000,116,0,116,533.0,Low,2026-01-17 00:00,LP-JAM-01,Tata Steel Jamshedpur,22.8046,86.2029,28.7041,77.1025,40137,45,None,2108677,LCV
196,2025-12-25,DO-2026-01-100195,Tata Steel Ltd,Delhi NCR,TMT Fe550,26.3,1250,3000,59,0,59,45.7,Critical,2026-01-08 00:00,LP-JAM-01,Tata Steel Jamshedpur,22.8046,86.2029,28.7041,77.1025,37168,60,None,3052262,HCV
197,2026-01-01,DO-2026-01-100196,JSW Steel,"Pune, Maharashtra",GP Coil,18.3,2000,12000,34,0,34,117.2,High,2026-01-12 00:00,LP-KOL-02,Kolkata Steel Depot,22.5726,88.3639,18.5204,73.8567,74007,45,Tarpaulin Cover,2043475,HCV
198,2025-12-24,DO-2026-01-100197,SAIL Bokaro,"Pune, Maharashtra",GP Coil,19.1,2000,3000,39,0,39,35.1,Medium,2026-01-04 00:00,LP-KOL-02,Kolkata Steel Depot,22.5726,88.3639,18.5204,73.8567,33859,30,None,2970094,HCV
199,2025-12-24,DO-2026-01-100198,Hindalco Industries,"Chennai, Tamil Nadu",Color Coated,7.5,2000,6000,101,0,101,71.4,Normal,2026-01-14 00:00,LP-KOL-02,Kolkata Steel Depot,22.5726,88.3639,13.0827,80.2707,33984,90,Express Delivery,3179941,Covered
200,2025-12-23,DO-2026-01-100199,Vedanta Resources,"Chennai, Tamil Nadu",Color Coated,26.9,1800,2500,100,0,100,95.0,Low,2026-01-10 00:00,LP-KOL-02,Kolkata Steel Depot,22.5726,88.3639,13.0827,80.2707,51492,90,None,1252586,Covered
201,2025-12-30,DO-2026-01-100200,NMDC Ltd,"Bengaluru, Karnataka",SS304,13.4,1800,6000,38,0,38,43.2,Critical,2026-01-09 00:00,LP-DUR-03,Durgapur Steel,23.5204,87.3119,12.9716,77.5946,71758,45,None,3428620,Covered
202,2025-12-31,DO-2026-01-100201,Rashtriya Ispat Nigam,"Bengaluru, Karnataka",SS304,27.7,1500,6000,111,0,111,217.2,High,2026-01-16 00:00,LP-DUR-03,Durgapur Steel,23.5204,87.3119,12.9716,77.5946,56283,30,None,4663055,Open
203,2026-01-01,DO-2026-01-100202,Essar Steel,"Hyderabad, Telangana",SS316L,9.0,1250,2500,33,0,33,7.3,Medium,2026-01-04 00:00,LP-DUR-03,Durgapur Steel,23.5204,87.3119,17.385,78.4867,51019,90,Express Delivery,4257568,Open
204,2025-12-24,DO-2026-01-100203,Jindal Steel,"Hyderabad, Telangana",SS316L,27.0,1250,3000,49,0,49,38.9,Normal,2026-01-15 00:00,LP-DUR-03,Durgapur Steel,23.5204,87.3119,17.385,78.4867,52494,45,Wooden Crating,4929754,Open
205,2026-01-02,DO-2026-01-100204,Bhushan Steel,"Ahmedabad, Gujarat",MS A36,14.1,1500,6000,83,0,83,82.7,Low,2026-01-05 00:00,LP-RKL-04,Rourkela Steel Plant,22.2604,84.8536,23.0225,72.5714,57771,90,Insurance Mandatory,2554762,Trailer
206,2025-12-26,DO-2026-01-100205,AM/NS India,"Ahmedabad, Gujarat",MS A36,11.2,1000,3000,92,0,92,24.3,Critical,2026-01-13 00:00,LP-RKL-04,Rourkela Steel Plant,22.2604,84.8536,23.0225,72.5714,74877,90,None,818597,Trailer
207,2025-12-28,DO-2026-01-100206,Lloyds Metals,"Jaipur, Rajasthan",CRS,4.8,1250,3000,126,0,126,17.8,High,2026-01-16 00:00,LP-RKL-04,Rourkela Steel Plant,22.2604,84.8536,26.9124,75.7873,58427,60,None,1179141,Trailer
208,2025-12-29,DO-2026-01-100207,APL Apollo,"Jaipur, Rajasthan",CRS,16.6,1500,12000,90,0,90,211.1,Medium,2026-01-05 00:00,LP-RKL-04,Rourkela Steel Plant,22.2604,84.8536,26.9124,75.7873,57319,90,Wooden Crating,3096467,Flatbed
209,2025-12-31,DO-2026-01-100208,Shyam Steel,"Lucknow, Uttar Pradesh",HRS,27.7,2000,2000,123,0,123,107.0,Normal,2026-01-05 00:00,LP-BHI-05,Bhilai Steel Plant,21.2514,81.1257,26.8467,80.9462,57814,60,Wooden Crating,3594453,Flatbed
210,2025-12-24,DO-2026-01-100209,SRMB Steel,"Lucknow, Uttar Pradesh",HRS,26.4,1250,2500,89,0,89,57.6,Low,2026-01-12 00:00,LP-BHI-05,Bhilai Steel Plant,21.2514,81.1257,26.8467,80.9462,58305,30,None,1899544,Flatbed
211,2025-12-26,DO-2026-01-100210,Tata Steel Ltd,"Coimbatore, Tamil Nadu",Galvanized,10.7,1800,12000,109,0,109,197.8,Critical,2026-01-06 00:00,LP-BHI-05,Bhilai Steel Plant,21.2514,81.1257,11.0168,76.9558,71731,45,None,3422023,LCV
212,2025-12-24,DO-2026-01-100211,JSW Steel,"Coimbatore, Tamil Nadu",Galvanized,12.2,2000,3000,38,0,38,21.8,High,2026-01-09 00:00,LP-BHI-05,Bhilai Steel Plant,21.2514,81.1257,11.0168,76.9558,65247,90,Tarpaulin Cover,3264825,LCV
213,2025-12-23,DO-2026-01-100212,SAIL Bokaro,"Surat, Gujarat",TMT Fe500,23.2,1500,3000,78,0,78,63.9,Medium,2026-01-05 00:00,LP-VSP-06,Visakhapatnam Steel,17.6869,83.2185,21.1702,72.8311,59298,60,Wooden Crating,973532,LCV
214,2025-12-30,DO-2026-01-100213,Hindalco Industries,"Surat, Gujarat",TMT Fe500,14.3,2000,12000,94,0,94,253.2,Normal,2026-01-15 00:00,LP-VSP-06,Visakhapatnam Steel,17.6869,83.2185,21.1702,72.8311,35365,90,None,3939267,HCV
215,2025-12-24,DO-2026-01-100214,Vedanta Resources,"Indore, Madhya Pradesh",TMT Fe550,23.4,1250,2000,36,0,36,16.5,Low,2026-01-15 00:00,LP-VSP-06,Visakhapatnam Steel,17.6869,83.2185,22.7196,75.8577,39202,45,None,3381443,HCV
216,2025-12-25,DO-2026-01-100215,NMDC Ltd,"Indore, Madhya Pradesh",TMT Fe550,5.9,1250,6000,71,0,71,24.7,Critical,2026-01-16 00:00,LP-VSP-06,Visakhapatnam Steel,17.6869,83.2185,22.7196,75.8577,72073,90,Express Delivery,1272453,HCV
217,2025-12-28,DO-2026-01-100216,Rashtriya Ispat Nigam,"Mumbai, Maharashtra",GP Coil,5.6,1250,12000,108,0,108,71.2,High,2026-01-14 00:00,LP-JAM-01,Tata Steel Jamshedpur,22.8046,86.2029,19.076,72.8777,63350,90,None,2202759,Covered
218,2025-12-28,DO-2026-01-100217,Essar Steel,"Mumbai, Maharashtra",GP Coil,25.7,1500,12000,76,0,76,276.0,Medium,2026-01-14 00:00,LP-JAM-01,Tata Steel Jamshedpur,22.8046,86.2029,19.076,72.8777,76613,60,Tarpaulin Cover,2362828,Covered
219,2025-12-29,DO-2026-01-100218,Jindal Steel,Delhi NCR,Color Coated,9.3,1500,2500,49,0,49,13.4,Normal,2026-01-16 00:00,LP-JAM-01,Tata Steel Jamshedpur,22.8046,86.2029,28.7041,77.1025,50940,45,Tarpaulin Cover,4852055,Covered
220,2025-12-29,DO-2026-01-100219,Bhushan Steel,Delhi NCR,Color Coated,14.5,2000,3000,58,0,58,39.6,Low,2026-01-05 00:00,LP-JAM-01,Tata Steel Jamshedpur,22.8046,86.2029,28.7041,77.1025,69583,90,Express Delivery,4059578,Open
221,2026-01-02,DO-2026-01-100220,AM/NS India,"Pune, Maharashtra",SS304,11.0,1250,3000,122,0,122,39.5,Critical,2026-01-08 00:00,LP-KOL-02,Kolkata Steel Depot,22.5726,88.3639,18.5204,73.8567,37179,60,Express Delivery,2901207,Open
222,2025-12-29,DO-2026-01-100221,Lloyds Metals,"Pune, Maharashtra",SS304,14.5,1250,12000,113,0,113,192.9,High,2026-01-12 00:00,LP-KOL-02,Kolkata Steel Depot,22.5726,88.3639,18.5204,73.8567,77624,60,None,2757243,Open
223,2025-12-23,DO-2026-01-100222,APL Apollo,"Chennai, Tamil Nadu",SS316L,3.3,2000,2500,49,0,49,6.3,Medium,2026-01-07 00:00,LP-KOL-02,Kolkata Steel Depot,22.5726,88.3639,13.0827,80.2707,35440,30,None,4712811,Trailer
224,2025-12-25,DO-2026-01-100223,Shyam Steel,"Chennai, Tamil Nadu",SS316L,19.7,1250,2000,30,0,30,11.6,Normal,2026-01-06 00:00,LP-KOL-02,Kolkata Steel Depot,22.5726,88.3639,13.0827,80.2707,58667,90,None,2423157,Trailer
225,2025-12-23,DO-2026-01-100224,SRMB Steel,"Bengaluru, Karnataka",MS A36,27.1,1500,3000,114,0,114,109.1,Low,2026-01-04 00:00,LP-DUR-03,Durgapur Steel,23.5204,87.3119,12.9716,77.5946,37862,45,None,1062880,Trailer
226,2026-01-02,DO-2026-01-100225,Tata Steel Ltd,"Bengaluru, Karnataka",MS A36,26.0,1800,2500,134,0,134,123.1,Critical,2026-01-17 00:00,LP-DUR-03,Durgapur Steel,23.5204,87.3119,12.9716,77.5946,58017,90,None,3178224,Flatbed
227,2025-12-24,DO-2026-01-100226,JSW Steel,"Hyderabad, Telangana",CRS,3.0,1500,12000,130,0,130,55.1,High,2026-01-05 00:00,LP-DUR-03,Durgapur Steel,23.5204,87.3119,17.385,78.4867,53957,60,None,5148302,Flatbed
228,2025-12-26,DO-2026-01-100227,SAIL Bokaro,"Hyderabad, Telangana",CRS,25.1,1250,12000,81,0,81,239.4,Medium,2026-01-08 00:00,LP-DUR-03,Durgapur Steel,23.5204,87.3119,17.385,78.4867,44636,30,None,4599653,Flatbed
229,2025-12-28,DO-2026-01-100228,Hindalco Industries,"Ahmedabad, Gujarat",HRS,8.7,1250,2000,100,0,100,17.1,Normal,2026-01-16 00:00,LP-RKL-04,Rourkela Steel Plant,22.2604,84.8536,23.0225,72.5714,51334,45,None,4151499,LCV
230,2025-12-27,DO-2026-01-100229,Vedanta Resources,"Ahmedabad, Gujarat",HRS,13.1,1500,2000,123,0,123,37.9,Low,2026-01-14 00:00,LP-RKL-04,Rourkela Steel Plant,22.2604,84.8536,23.0225,72.5714,38251,45,Insurance Mandatory,4755175,LCV
231,2025-12-27,DO-2026-01-100230,NMDC Ltd,"Jaipur, Rajasthan",Galvanized,26.3,1000,3000,59,0,59,36.5,Critical,2026-01-07 00:00,LP-RKL-04,Rourkela Steel Plant,22.2604,84.8536,26.9124,75.7873,61277,60,Insurance Mandatory,3282905,LCV
232,2025-12-23,DO-2026-01-100231,Rashtriya Ispat Nigam,"Jaipur, Rajasthan",Galvanized,20.8,1000,3000,92,0,92,45.1,High,2026-01-09 00:00,LP-RKL-04,Rourkela Steel Plant,22.2604,84.8536,26.9124,75.7873,77401,45,None,1741741,HCV
233,2025-12-29,DO-2026-01-100232,Essar Steel,"Lucknow, Uttar Pradesh",TMT Fe500,10.0,1800,12000,77,0,77,130.6,Medium,2026-01-15 00:00,LP-BHI-05,Bhilai Steel Plant,21.2514,81.1257,26.8467,80.9462,39694,60,None,2602617,HCV
234,2025-12-26,DO-2026-01-100233,Jindal Steel,"Lucknow, Uttar Pradesh",TMT Fe500,26.9,1800,2500,46,0,46,43.7,Normal,2026-01-15 00:00,LP-BHI-05,Bhilai Steel Plant,21.2514,81.1257,26.8467,80.9462,71697,60,None,4699592,HCV
235,2025-12-23,DO-2026-01-100234,Bhushan Steel,"Coimbatore, Tamil Nadu",TMT Fe550,16.0,1250,2500,114,0,114,44.7,Low,2026-01-16 00:00,LP-BHI-05,Bhilai Steel Plant,21.2514,81.1257,11.0168,76.9558,71047,30,None,5180637,Covered
236,2026-01-02,DO-2026-01-100235,AM/NS India,"Coimbatore, Tamil Nadu",TMT Fe550,11.4,2000,2000,108,0,108,38.7,Critical,2026-01-17 00:00,LP-BHI-05,Bhilai Steel Plant,21.2514,81.1257,11.0168,76.9558,67890,45,Tarpaulin Cover,2007052,Covered
237,2026-01-01,DO-2026-01-100236,Lloyds Metals,"Surat, Gujarat",GP Coil,10.5,2000,6000,39,0,39,38.6,High,2026-01-14 00:00,LP-VSP-06,Visakhapatnam Steel,17.6869,83.2185,21.1702,72.8311,45461,90,None,5031338,Covered
238,2025-12-25,DO-2026-01-100237,APL Apollo,"Surat, Gujarat",GP Coil,23.0,1800,2500,75,0,75,60.9,Medium,2026-01-10 00:00,LP-VSP-06,Visakhapatnam Steel,17.6869,83.2185,21.1702,72.8311,61936,30,Tarpaulin Cover,3335113,Open
239,2025-12-30,DO-2026-01-100238,Shyam Steel,"Indore, Madhya Pradesh",Color Coated,2.6,1500,2000,110,0,110,6.7,Normal,2026-01-13 00:00,LP-VSP-06,Visakhapatnam Steel,17.6869,83.2185,22.7196,75.8577,36786,30,None,1284856,Open
240,2026-01-02,DO-2026-01-100239,SRMB Steel,"Indore, Madhya Pradesh",Color Coated,27.8,1000,6000,87,0,87,113.9,Low,2026-01-08 00:00,LP-VSP-06,Visakhapatnam Steel,17.6869,83.2185,22.7196,75.8577,58795,45,Wooden Crating,4276251,Open
241,2025-12-27,DO-2026-01-100240,Tata Steel Ltd,"Mumbai, Maharashtra",SS304,27.8,1800,6000,65,0,65,153.2,Critical,2026-01-10 00:00,LP-JAM-01,Tata Steel Jamshedpur,22.8046,86.2029,19.076,72.8777,37259,45,Tarpaulin Cover,3667305,Trailer
242,2025-12-25,DO-2026-01-100241,JSW Steel,"Mumbai, Maharashtra",SS304,6.6,2000,6000,33,0,33,20.5,High,2026-01-06 00:00,LP-JAM-01,Tata Steel Jamshedpur,22.8046,86.2029,19.076,72.8777,46594,30,Wooden Crating,3252850,Trailer
243,2025-12-25,DO-2026-01-100242,SAIL Bokaro,Delhi NCR,SS316L,19.5,2000,6000,77,0,77,141.4,Medium,2026-01-10 00:00,LP-JAM-01,Tata Steel Jamshedpur,22.8046,86.2029,28.7041,77.1025,47051,45,None,2051252,Trailer
244,2025-12-23,DO-2026-01-100243,Hindalco Industries,Delhi NCR,SS316L,6.9,1000,2000,53,0,53,5.7,Normal,2026-01-10 00:00,LP-JAM-01,Tata Steel Jamshedpur,22.8046,86.2029,28.7041,77.1025,72299,30,None,1314477,Flatbed
245,2025-12-23,DO-2026-01-100244,Vedanta Resources,"Pune, Maharashtra",MS A36,17.4,1800,12000,30,0,30,88.5,Low,2026-01-15 00:00,LP-KOL-02,Kolkata Steel Depot,22.5726,88.3639,18.5204,73.8567,35190,45,Wooden Crating,4124446,Flatbed
246,2025-12-31,DO-2026-01-100245,NMDC Ltd,"Pune, Maharashtra",MS A36,8.1,1250,2000,74,0,74,11.8,Critical,2026-01-12 00:00,LP-KOL-02,Kolkata Steel Depot,22.5726,88.3639,18.5204,73.8567,50957,45,Wooden Crating,3425158,Flatbed
247,2025-12-29,DO-2026-01-100246,Rashtriya Ispat Nigam,"Chennai, Tamil Nadu",CRS,17.5,1500,2500,91,0,91,46.9,High,2026-01-06 00:00,LP-KOL-02,Kolkata Steel Depot,22.5726,88.3639,13.0827,80.2707,75267,45,None,3058158,LCV
248,2025-12-23,DO-2026-01-100247,Essar Steel,"Chennai, Tamil Nadu",CRS,16.5,2000,2500,25,0,25,16.2,Medium,2026-01-14 00:00,LP-KOL-02,Kolkata Steel Depot,22.5726,88.3639,13.0827,80.2707,59997,90,None,3639160,LCV
249,2025-12-27,DO-2026-01-100248,Jindal Steel,"Bengaluru, Karnataka",HRS,19.5,2000,3000,100,0,100,91.8,Normal,2026-01-10 00:00,LP-DUR-03,Durgapur Steel,23.5204,87.3119,12.9716,77.5946,41779,60,None,4722163,LCV
250,2025-12-26,DO-2026-01-100249,Bhushan Steel,"Bengaluru, Karnataka",HRS,24.1,1500,2500,48,0,48,34.1,Low,2026-01-04 00:00,LP-DUR-03,Durgapur Steel,23.5204,87.3119,12.9716,77.5946,68856,90,Insurance Mandatory,5195893,HCV
251,2025-12-28,DO-2026-01-100250,AM/NS India,"Hyderabad, Telangana",Galvanized,12.1,1500,2500,35,0,35,12.5,Critical,2026-01-14 00:00,LP-DUR-03,Durgapur Steel,23.5204,87.3119,17.385,78.4867,37181,90,Wooden Crating,1525644,HCV
252,2025-12-29,DO-2026-01-100251,Lloyds Metals,"Hyderabad, Telangana",Galvanized,20.8,1250,2000,86,0,86,35.1,High,2026-01-10 00:00,LP-DUR-03,Durgapur Steel,23.5204,87.3119,17.385,78.4867,76149,30,Express Delivery,2328428,HCV
253,2025-12-26,DO-2026-01-100252,APL Apollo,"Ahmedabad, Gujarat",TMT Fe500,21.8,2000,2500,120,0,120,102.7,Medium,2026-01-07 00:00,LP-RKL-04,Rourkela Steel Plant,22.2604,84.8536,23.0225,72.5714,53821,60,Insurance Mandatory,878628,Covered
254,2025-12-30,DO-2026-01-100253,Shyam Steel,"Ahmedabad, Gujarat",TMT Fe500,26.4,1000,6000,45,0,45,56.0,Normal,2026-01-15 00:00,LP-RKL-04,Rourkela Steel Plant,22.2604,84.8536,23.0225,72.5714,71610,45,None,2757653,Covered
255,2025-12-26,DO-2026-01-100254,SRMB Steel,"Jaipur, Rajasthan",TMT Fe550,10.4,1500,6000,88,0,88,64.7,Low,2026-01-12 00:00,LP-RKL-04,Rourkela Steel Plant,22.2604,84.8536,26.9124,75.7873,74514,60,None,3766917,Covered
256,2025-12-26,DO-2026-01-100255,Tata Steel Ltd,"Jaipur, Rajasthan",TMT Fe550,25.0,1800,2000,83,0,83,58.6,Critical,2026-01-16 00:00,LP-RKL-04,Rourkela Steel Plant,22.2604,84.8536,26.9124,75.7873,52986,45,None,4222297,Open
257,2026-01-02,DO-2026-01-100256,JSW Steel,"Lucknow, Uttar Pradesh",GP Coil,16.6,1250,2500,23,0,23,9.4,High,2026-01-08 00:00,LP-BHI-05,Bhilai Steel Plant,21.2514,81.1257,26.8467,80.9462,68261,90,None,2395775,Open
258,2025-12-26,DO-2026-01-100257,SAIL Bokaro,"Lucknow, Uttar Pradesh",GP Coil,8.0,2000,2500,60,0,60,18.8,Medium,2026-01-12 00:00,LP-BHI-05,Bhilai Steel Plant,21.2514,81.1257,26.8467,80.9462,74900,60,None,4848850,Open
259,2025-12-31,DO-2026-01-100258,Hindalco Industries,"Coimbatore, Tamil Nadu",Color Coated,18.7,1800,6000,110,0,110,174.4,Normal,2026-01-15 00:00,LP-BHI-05,Bhilai Steel Plant,21.2514,81.1257,11.0168,76.9558,55080,45,None,4846294,Trailer
260,2025-12-25,DO-2026-01-100259,Vedanta Resources,"Coimbatore, Tamil Nadu",Color Coated,25.8,2000,2000,41,0,41,33.2,Low,2026-01-04 00:00,LP-BHI-05,Bhilai Steel Plant,21.2514,81.1257,11.0168,76.9558,36871,30,Wooden Crating,4209396,Trailer
261,2025-12-31,DO-2026-01-100260,NMDC Ltd,"Surat, Gujarat",SS304,23.9,1250,2000,35,0,35,16.4,Critical,2026-01-04 00:00,LP-VSP-06,Visakhapatnam Steel,17.6869,83.2185,21.1702,72.8311,46334,90,None,4803410,Trailer
262,2025-12-25,DO-2026-01-100261,Rashtriya Ispat Nigam,"Surat, Gujarat",SS304,14.7,1000,12000,102,0,102,141.2,High,2026-01-10 00:00,LP-VSP-06,Visakhapatnam Steel,17.6869,83.2185,21.1702,72.8311,32776,30,None,3054692,Flatbed
263,2025-12-23,DO-2026-01-100262,Essar Steel,"Indore, Madhya Pradesh",SS316L,27.4,1000,12000,86,0,86,222.0,Medium,2026-01-10 00:00,LP-VSP-06,Visakhapatnam Steel,17.6869,83.2185,22.7196,75.8577,43748,30,Express Delivery,5148863,Flatbed
264,2025-12-29,DO-2026-01-100263,Jindal Steel,"Indore, Madhya Pradesh",SS316L,8.3,2000,12000,37,0,37,57.9,Normal,2026-01-17 00:00,LP-VSP-06,Visakhapatnam Steel,17.6869,83.2185,22.7196,75.8577,55228,60,Wooden Crating,1412861,Flatbed
265,2025-12-30,DO-2026-01-100264,Bhushan Steel,"Mumbai, Maharashtra",MS A36,26.9,1800,12000,65,0,65,296.5,Low,2026-01-15 00:00,LP-JAM-01,Tata Steel Jamshedpur,22.8046,86.2029,19.076,72.8777,46801,60,Tarpaulin Cover,1426263,LCV
266,2025-12-27,DO-2026-01-100265,AM/NS India,"Mumbai, Maharashtra",MS A36,27.8,1000,2000,101,0,101,44.1,Critical,2026-01-10 00:00,LP-JAM-01,Tata Steel Jamshedpur,22.8046,86.2029,19.076,72.8777,56718,90,None,829273,LCV
267,2025-12-23,DO-2026-01-100266,Lloyds Metals,Delhi NCR,CRS,6.5,1800,6000,107,0,107,59.0,High,2026-01-16 00:00,LP-JAM-01,Tata Steel Jamshedpur,22.8046,86.2029,28.7041,77.1025,53710,30,Express Delivery,1106950,LCV
268,2025-12-29,DO-2026-01-100267,APL Apollo,Delhi NCR,CRS,7.5,2000,6000,47,0,47,33.2,Medium,2026-01-04 00:00,LP-JAM-01,Tata Steel Jamshedpur,22.8046,86.2029,28.7041,77.1025,36872,60,Express Delivery,1026000,HCV
269,2025-12-30,DO-2026-01-100268,Shyam Steel,"Pune, Maharashtra",HRS,26.1,1500,2000,40,0,40,24.6,Normal,2026-01-13 00:00,LP-KOL-02,Kolkata Steel Depot,22.5726,88.3639,18.5204,73.8567,41449,90,Express Delivery,3260516,HCV
270,2025-12-23,DO-2026-01-100269,SRMB Steel,"Pune, Maharashtra",HRS,16.7,2000,6000,38,0,38,59.8,Low,2026-01-12 00:00,LP-KOL-02,Kolkata Steel Depot,22.5726,88.3639,18.5204,73.8567,53740,90,Wooden Crating,1923990,HCV
271,2025-12-28,DO-2026-01-100270,Tata Steel Ltd,"Chennai, Tamil Nadu",Galvanized,27.7,1000,12000,119,0,119,310.5,Critical,2026-01-04 00:00,LP-KOL-02,Kolkata Steel Depot,22.5726,88.3639,13.0827,80.2707,38401,90,None,1387687,Covered
272,2025-12-27,DO-2026-01-100271,JSW Steel,"Chennai, Tamil Nadu",Galvanized,17.7,2000,12000,61,0,61,203.4,High,2026-01-16 00:00,LP-KOL-02,Kolkata Steel Depot,22.5726,88.3639,13.0827,80.2707,53389,30,Tarpaulin Cover,4529488,Covered
273,2025-12-27,DO-2026-01-100272,SAIL Bokaro,"Bengaluru, Karnataka",TMT Fe500,7.9,2000,6000,80,0,80,59.5,Medium,2026-01-06 00:00,LP-DUR-03,Durgapur Steel,23.5204,87.3119,12.9716,77.5946,76544,90,None,3227822,Covered
274,2025-12-29,DO-2026-01-100273,Hindalco Industries,"Bengaluru, Karnataka",TMT Fe500,8.4,1000,2000,120,0,120,15.8,Normal,2026-01-06 00:00,LP-DUR-03,Durgapur Steel,23.5204,87.3119,12.9716,77.5946,56903,45,Wooden Crating,3406489,Open
275,2025-12-26,DO-2026-01-100274,Vedanta Resources,"Hyderabad, Telangana",TMT Fe550,4.8,1000,3000,64,0,64,7.2,Low,2026-01-09 00:00,LP-DUR-03,Durgapur Steel,23.5204,87.3119,17.385,78.4867,49679,30,None,2321956,Open
276,2025-12-27,DO-2026-01-100275,NMDC Ltd,"Hyderabad, Telangana",TMT Fe550,13.7,2000,12000,73,0,73,188.4,Critical,2026-01-05 00:00,LP-DUR-03,Durgapur Steel,23.5204,87.3119,17.385,78.4867,33721,30,None,1530679,Open
277,2026-01-02,DO-2026-01-100276,Rashtriya Ispat Nigam,"Ahmedabad, Gujarat",GP Coil,17.5,1500,6000,94,0,94,116.2,High,2026-01-08 00:00,LP-RKL-04,Rourkela Steel Plant,22.2604,84.8536,23.0225,72.5714,59119,90,Wooden Crating,2786271,Trailer
278,2025-12-31,DO-2026-01-100277,Essar Steel,"Ahmedabad, Gujarat",GP Coil,15.5,1800,2500,91,0,91,49.8,Medium,2026-01-08 00:00,LP-RKL-04,Rourkela Steel Plant,22.2604,84.8536,23.0225,72.5714,51734,60,None,1280723,Trailer
279,2025-12-26,DO-2026-01-100278,Jindal Steel,"Jaipur, Rajasthan",Color Coated,13.3,1800,3000,39,0,39,22.0,Normal,2026-01-16 00:00,LP-RKL-04,Rourkela Steel Plant,22.2604,84.8536,26.9124,75.7873,37041,60,None,2818547,Trailer
280,2025-12-30,DO-2026-01-100279,Bhushan Steel,"Jaipur, Rajasthan",Color Coated,18.3,2000,12000,110,0,110,379.2,Low,2026-01-11 00:00,LP-RKL-04,Rourkela Steel Plant,22.2604,84.8536,26.9124,75.7873,39010,45,None,4069304,Flatbed
281,2025-12-26,DO-2026-01-100280,AM/NS India,"Lucknow, Uttar Pradesh",SS304,23.9,1800,3000,60,0,60,60.8,Critical,2026-01-09 00:00,LP-BHI-05,Bhilai Steel Plant,21.2514,81.1257,26.8467,80.9462,60220,45,None,2434864,Flatbed
282,2025-12-29,DO-2026-01-100281,Lloyds Metals,"Lucknow, Uttar Pradesh",SS304,10.2,1800,3000,79,0,79,34.2,High,2026-01-15 00:00,LP-BHI-05,Bhilai Steel Plant,21.2514,81.1257,26.8467,80.9462,77544,90,Insurance Mandatory,2783602,Flatbed
283,2026-01-01,DO-2026-01-100282,APL Apollo,"Coimbatore, Tamil Nadu",SS316L,11.8,1800,3000,59,0,59,29.5,Medium,2026-01-13 00:00,LP-BHI-05,Bhilai Steel Plant,21.2514,81.1257,11.0168,76.9558,45094,45,Tarpaulin Cover,975788,LCV
284,2025-12-29,DO-2026-01-100283,Shyam Steel,"Coimbatore, Tamil Nadu",SS316L,14.0,1250,6000,111,0,111,91.5,Normal,2026-01-17 00:00,LP-BHI-05,Bhilai Steel Plant,21.2514,81.1257,11.0168,76.9558,77405,30,Wooden Crating,4182128,LCV
285,2025-12-29,DO-2026-01-100284,SRMB Steel,"Surat, Gujarat",MS A36,15.0,1500,2500,104,0,104,45.9,Low,2026-01-14 00:00,LP-VSP-06,Visakhapatnam Steel,17.6869,83.2185,21.1702,72.8311,42101,90,Wooden Crating,1370464,LCV
286,2025-12-27,DO-2026-01-100285,Tata Steel Ltd,"Surat, Gujarat",MS A36,27.8,1800,12000,75,0,75,353.5,Critical,2026-01-12 00:00,LP-VSP-06,Visakhapatnam Steel,17.6869,83.2185,21.1702,72.8311,65201,90,None,3765951,HCV
287,2025-12-23,DO-2026-01-100286,JSW Steel,"Indore, Madhya Pradesh",CRS,25.3,2000,12000,107,0,107,510.0,High,2026-01-05 00:00,LP-VSP-06,Visakhapatnam Steel,17.6869,83.2185,22.7196,75.8577,39167,45,Tarpaulin Cover,3728029,HCV
288,2025-12-23,DO-2026-01-100287,SAIL Bokaro,"Indore, Madhya Pradesh",CRS,18.8,1000,12000,39,0,39,69.1,Medium,2026-01-14 00:00,LP-VSP-06,Visakhapatnam Steel,17.6869,83.2185,22.7196,75.8577,74384,90,Insurance Mandatory,3531634,HCV
289,2025-12-29,DO-2026-01-100288,Hindalco Industries,"Mumbai, Maharashtra",HRS,13.2,1000,2000,119,0,119,24.7,Normal,2026-01-07 00:00,LP-JAM-01,Tata Steel Jamshedpur,22.8046,86.2029,19.076,72.8777,65467,45,None,4031071,Covered
290,2025-12-31,DO-2026-01-100289,Vedanta Resources,"Mumbai, Maharashtra",HRS,22.1,2000,12000,77,0,77,320.6,Low,2026-01-09 00:00,LP-JAM-01,Tata Steel Jamshedpur,22.8046,86.2029,19.076,72.8777,33609,90,None,4239454,Covered
291,2025-12-28,DO-2026-01-100290,NMDC Ltd,Delhi NCR,Galvanized,27.0,1000,2500,135,0,135,71.5,Critical,2026-01-08 00:00,LP-JAM-01,Tata Steel Jamshedpur,22.8046,86.2029,28.7041,77.1025,54483,90,Wooden Crating,5121428,Covered
292,2025-12-26,DO-2026-01-100291,Rashtriya Ispat Nigam,Delhi NCR,Galvanized,11.1,1000,6000,79,0,79,41.3,High,2026-01-09 00:00,LP-JAM-01,Tata Steel Jamshedpur,22.8046,86.2029,28.7041,77.1025,36402,60,None,1715405,Open
293,2025-12-30,DO-2026-01-100292,Essar Steel,"Pune, Maharashtra",TMT Fe500,24.1,1000,2500,20,0,20,9.5,Medium,2026-01-12 00:00,LP-KOL-02,Kolkata Steel Depot,22.5726,88.3639,18.5204,73.8567,43432,45,None,4326645,Open
294,2025-12-31,DO-2026-01-100293,Jindal Steel,"Pune, Maharashtra",TMT Fe500,8.0,1800,2500,77,0,77,21.8,Normal,2026-01-14 00:00,LP-KOL-02,Kolkata Steel Depot,22.5726,88.3639,18.5204,73.8567,75077,90,None,2405277,Open
295,2025-12-30,DO-2026-01-100294,Bhushan Steel,"Chennai, Tamil Nadu",TMT Fe550,17.4,1800,2000,75,0,75,36.9,Low,2026-01-07 00:00,LP-KOL-02,Kolkata Steel Depot,22.5726,88.3639,13.0827,80.2707,50241,30,Tarpaulin Cover,2318332,Trailer
296,2025-12-29,DO-2026-01-100295,AM/NS India,"Chennai, Tamil Nadu",TMT Fe550,10.5,1800,2000,64,0,64,19.0,Critical,2026-01-14 00:00,LP-KOL-02,Kolkata Steel Depot,22.5726,88.3639,13.0827,80.2707,64078,60,Tarpaulin Cover,4042897,Trailer
297,2025-12-24,DO-2026-01-100296,Lloyds Metals,"Bengaluru, Karnataka",GP Coil,5.0,1500,6000,93,0,93,32.9,High,2026-01-06 00:00,LP-DUR-03,Durgapur Steel,23.5204,87.3119,12.9716,77.5946,76144,60,Express Delivery,1460951,Trailer
298,2025-12-29,DO-2026-01-100297,APL Apollo,"Bengaluru, Karnataka",GP Coil,5.5,1000,2500,104,0,104,11.2,Medium,2026-01-05 00:00,LP-DUR-03,Durgapur Steel,23.5204,87.3119,12.9716,77.5946,43996,60,Tarpaulin Cover,5035109,Flatbed
299,2025-12-27,DO-2026-01-100298,Shyam Steel,"Hyderabad, Telangana",Color Coated,12.9,1250,12000,67,0,67,101.8,Normal,2026-01-10 00:00,LP-DUR-03,Durgapur Steel,23.5204,87.3119,17.385,78.4867,44173,90,Tarpaulin Cover,2203198,Flatbed
300,2025-12-31,DO-2026-01-100299,SRMB Steel,"Hyderabad, Telangana",Color Coated,6.3,1500,2500,89,0,89,16.5,Low,2026-01-09 00:00,LP-DUR-03,Durgapur Steel,23.5204,87.3119,17.385,78.4867,61556,30,Express Delivery,830391,Flatbed
301,2025-12-25,DO-2026-01-100300,Tata Steel Ltd,"Ahmedabad, Gujarat",SS304,5.5,1800,12000,80,0,80,74.6,Critical,2026-01-14 00:00,LP-RKL-04,Rourkela Steel Plant,22.2604,84.8536,23.0225,72.5714,64438,90,Tarpaulin Cover,4236560,LCV
302,2026-01-01,DO-2026-01-100301,JSW Steel,"Ahmedabad, Gujarat",SS304,23.8,1800,2500,108,0,108,90.8,High,2026-01-13 00:00,LP-RKL-04,Rourkela Steel Plant,22.2604,84.8536,23.0225,72.5714,34022,45,None,3055633,LCV
303,2025-12-24,DO-2026-01-100302,SAIL Bokaro,"Jaipur, Rajasthan",SS316L,16.0,1250,6000,46,0,46,43.3,Medium,2026-01-15 00:00,LP-RKL-04,Rourkela Steel Plant,22.2604,84.8536,26.9124,75.7873,64460,30,Tarpaulin Cover,2997215,LCV
304,2026-01-02,DO-2026-01-100303,Hindalco Industries,"Jaipur, Rajasthan",SS316L,16.1,1500,12000,117,0,117,266.2,Normal,2026-01-16 00:00,LP-RKL-04,Rourkela Steel Plant,22.2604,84.8536,26.9124,75.7873,60925,45,Insurance Mandatory,1609131,HCV
305,2026-01-02,DO-2026-01-100304,Vedanta Resources,"Lucknow, Uttar Pradesh",MS A36,23.6,1250,3000,112,0,112,77.8,Low,2026-01-11 00:00,LP-BHI-05,Bhilai Steel Plant,21.2514,81.1257,26.8467,80.9462,49223,60,Express Delivery,1479666,HCV
306,2025-12-30,DO-2026-01-100305,NMDC Ltd,"Lucknow, Uttar Pradesh",MS A36,24.5,1000,2500,74,0,74,35.6,Critical,2026-01-16 00:00,LP-BHI-05,Bhilai Steel Plant,21.2514,81.1257,26.8467,80.9462,70530,60,Express Delivery,4341725,HCV
307,2026-01-02,DO-2026-01-100306,Rashtriya Ispat Nigam,"Coimbatore, Tamil Nadu",CRS,18.0,1250,2500,39,0,39,17.2,High,2026-01-13 00:00,LP-BHI-05,Bhilai Steel Plant,21.2514,81.1257,11.0168,76.9558,54991,60,Tarpaulin Cover,2162451,Covered
308,2025-12-24,DO-2026-01-100307,Essar Steel,"Coimbatore, Tamil Nadu",CRS,27.5,1500,3000,59,0,59,57.3,Medium,2026-01-08 00:00,LP-BHI-05,Bhilai Steel Plant,21.2514,81.1257,11.0168,76.9558,65712,30,None,4202719,Covered
309,2025-12-31,DO-2026-01-100308,Jindal Steel,"Surat, Gujarat",HRS,3.5,1500,2500,135,0,135,13.9,Normal,2026-01-07 00:00,LP-VSP-06,Visakhapatnam Steel,17.6869,83.2185,21.1702,72.8311,41584,60,Wooden Crating,4044212,Covered
310,2025-12-27,DO-2026-01-100309,Bhushan Steel,"Surat, Gujarat",HRS,5.7,1500,6000,80,0,80,32.2,Low,2026-01-11 00:00,LP-VSP-06,Visakhapatnam Steel,17.6869,83.2185,21.1702,72.8311,36949,30,None,3083926,Open
311,2025-12-26,DO-2026-01-100310,AM/NS India,"Indore, Madhya Pradesh",Galvanized,26.3,1500,6000,106,0,106,197.0,Critical,2026-01-09 00:00,LP-VSP-06,Visakhapatnam Steel,17.6869,83.2185,22.7196,75.8577,70139,30,Express Delivery,1531328,Open
312,2025-12-25,DO-2026-01-100311,Lloyds Metals,"Indore, Madhya Pradesh",Galvanized,27.3,1500,2000,111,0,111,71.4,High,2026-01-10 00:00,LP-VSP-06,Visakhapatnam Steel,17.6869,83.2185,22.7196,75.8577,46275,90,Wooden Crating,4899969,Open
313,2025-12-25,DO-2026-01-100312,APL Apollo,"Mumbai, Maharashtra",TMT Fe500,10.4,1500,3000,52,0,52,19.1,Medium,2026-01-13 00:00,LP-JAM-01,Tata Steel Jamshedpur,22.8046,86.2029,19.076,72.8777,40558,90,Wooden Crating,1156086,Trailer
314,2026-01-01,DO-2026-01-100313,Shyam Steel,"Mumbai, Maharashtra",TMT Fe500,4.6,1800,2000,23,0,23,3.0,Normal,2026-01-17 00:00,LP-JAM-01,Tata Steel Jamshedpur,22.8046,86.2029,19.076,72.8777,42353,90,None,4338640,Trailer
315,2025-12-31,DO-2026-01-100314,SRMB Steel,Delhi NCR,TMT Fe550,27.9,1250,3000,43,0,43,35.3,Low,2026-01-17 00:00,LP-JAM-01,Tata Steel Jamshedpur,22.8046,86.2029,28.7041,77.1025,49958,30,Tarpaulin Cover,2850417,Trailer
316,2025-12-27,DO-2026-01-100315,Tata Steel Ltd,Delhi NCR,TMT Fe550,11.7,1250,2000,28,0,28,6.4,Critical,2026-01-14 00:00,LP-JAM-01,Tata Steel Jamshedpur,22.8046,86.2029,28.7041,77.1025,52021,45,None,1515034,Flatbed
317,2026-01-01,DO-2026-01-100316,JSW Steel,"Pune, Maharashtra",GP Coil,4.5,1250,6000,108,0,108,28.6,High,2026-01-06 00:00,LP-KOL-02,Kolkata Steel Depot,22.5726,88.3639,18.5204,73.8567,70907,45,None,4483491,Flatbed
318,2025-12-27,DO-2026-01-100317,SAIL Bokaro,"Pune, Maharashtra",GP Coil,2.2,1500,2000,19,0,19,1.0,Medium,2026-01-15 00:00,LP-KOL-02,Kolkata Steel Depot,22.5726,88.3639,18.5204,73.8567,40662,90,None,3963423,Flatbed
319,2025-12-28,DO-2026-01-100318,Hindalco Industries,"Chennai, Tamil Nadu",Color Coated,21.0,1000,2000,29,0,29,9.6,Normal,2026-01-09 00:00,LP-KOL-02,Kolkata Steel Depot,22.5726,88.3639,13.0827,80.2707,51611,45,None,1866911,LCV
320,2025-12-25,DO-2026-01-100319,Vedanta Resources,"Chennai, Tamil Nadu",Color Coated,27.8,1250,2000,100,0,100,54.6,Low,2026-01-13 00:00,LP-KOL-02,Kolkata Steel Depot,22.5726,88.3639,13.0827,80.2707,32555,45,None,2537238,LCV
321,2025-12-23,DO-2026-01-100320,NMDC Ltd,"Bengaluru, Karnataka",SS304,21.5,1800,12000,98,0,98,357.3,Critical,2026-01-11 00:00,LP-DUR-03,Durgapur Steel,23.5204,87.3119,12.9716,77.5946,46237,30,Express Delivery,1924515,LCV
322,2025-12-27,DO-2026-01-100321,Rashtriya Ispat Nigam,"Bengaluru, Karnataka",SS304,5.2,1800,3000,114,0,114,25.1,High,2026-01-09 00:00,LP-DUR-03,Durgapur Steel,23.5204,87.3119,12.9716,77.5946,41163,45,None,1456729,HCV
323,2025-12-29,DO-2026-01-100322,Essar Steel,"Hyderabad, Telangana",SS316L,16.4,2000,12000,49,0,49,151.4,Medium,2026-01-16 00:00,LP-DUR-03,Durgapur Steel,23.5204,87.3119,17.385,78.4867,77251,30,Wooden Crating,3280418,HCV
324,2025-12-27,DO-2026-01-100323,Jindal Steel,"Hyderabad, Telangana",SS316L,15.5,2000,2500,44,0,44,26.8,Normal,2026-01-08 00:00,LP-DUR-03,Durgapur Steel,23.5204,87.3119,17.385,78.4867,74347,30,Wooden Crating,2757738,HCV
325,2025-12-23,DO-2026-01-100324,Bhushan Steel,"Ahmedabad, Gujarat",MS A36,12.0,1250,6000,81,0,81,57.2,Low,2026-01-13 00:00,LP-RKL-04,Rourkela Steel Plant,22.2604,84.8536,23.0225,72.5714,36653,30,Insurance Mandatory,3404765,Covered
326,2025-12-28,DO-2026-01-100325,AM/NS India,"Ahmedabad, Gujarat",MS A36,12.1,2000,6000,34,0,34,38.8,Critical,2026-01-12 00:00,LP-RKL-04,Rourkela Steel Plant,22.2604,84.8536,23.0225,72.5714,76757,45,Wooden Crating,1362299,Covered
327,2025-12-30,DO-2026-01-100326,Lloyds Metals,"Jaipur, Rajasthan",CRS,17.3,1000,3000,20,0,20,8.1,High,2026-01-04 00:00,LP-RKL-04,Rourkela Steel Plant,22.2604,84.8536,26.9124,75.7873,35962,90,None,4953103,Covered
328,2025-12-23,DO-2026-01-100327,APL Apollo,"Jaipur, Rajasthan",CRS,12.8,1800,2000,116,0,116,42.0,Medium,2026-01-12 00:00,LP-RKL-04,Rourkela Steel Plant,22.2604,84.8536,26.9124,75.7873,67235,45,None,3349687,Open
329,2025-12-25,DO-2026-01-100328,Shyam Steel,"Lucknow, Uttar Pradesh",HRS,15.3,1250,2500,28,0,28,10.5,Normal,2026-01-09 00:00,LP-BHI-05,Bhilai Steel Plant,21.2514,81.1257,26.8467,80.9462,57606,30,None,4419898,Open
330,2025-12-30,DO-2026-01-100329,SRMB Steel,"Lucknow, Uttar Pradesh",HRS,26.8,1250,2000,111,0,111,58.4,Low,2026-01-05 00:00,LP-BHI-05,Bhilai Steel Plant,21.2514,81.1257,26.8467,80.9462,60474,30,None,1211613,Open
331,2026-01-02,DO-2026-01-100330,Tata Steel Ltd,"Coimbatore, Tamil Nadu",Galvanized,19.3,1250,2000,57,0,57,21.6,Critical,2026-01-15 00:00,LP-BHI-05,Bhilai Steel Plant,21.2514,81.1257,11.0168,76.9558,40992,30,None,3658373,Trailer
332,2025-12-28,DO-2026-01-100331,JSW Steel,"Coimbatore, Tamil Nadu",Galvanized,15.4,1500,2500,84,0,84,38.1,High,2026-01-06 00:00,LP-BHI-05,Bhilai Steel Plant,21.2514,81.1257,11.0168,76.9558,49613,30,Wooden Crating,996258,Trailer
333,2026-01-01,DO-2026-01-100332,SAIL Bokaro,"Surat, Gujarat",TMT Fe500,23.0,1500,12000,60,0,60,195.0,Medium,2026-01-08 00:00,LP-VSP-06,Visakhapatnam Steel,17.6869,83.2185,21.1702,72.8311,69791,30,None,5034748,Trailer
334,2025-12-28,DO-2026-01-100333,Hindalco Industries,"Surat, Gujarat",TMT Fe500,3.4,2000,2500,64,0,64,8.5,Normal,2026-01-06 00:00,LP-VSP-06,Visakhapatnam Steel,17.6869,83.2185,21.1702,72.8311,48719,30,Express Delivery,1717488,Flatbed
335,2026-01-02,DO-2026-01-100334,Vedanta Resources,"Indore, Madhya Pradesh",TMT Fe550,21.3,1000,2000,47,0,47,15.7,Low,2026-01-07 00:00,LP-VSP-06,Visakhapatnam Steel,17.6869,83.2185,22.7196,75.8577,35013,90,None,2009001,Flatbed
336,2025-12-23,DO-2026-01-100335,NMDC Ltd,"Indore, Madhya Pradesh",TMT Fe550,26.2,1000,12000,40,0,40,98.7,Critical,2026-01-10 00:00,LP-VSP-06,Visakhapatnam Steel,17.6869,83.2185,22.7196,75.8577,46713,60,None,3433810,Flatbed
337,2026-01-01,DO-2026-01-100336,Rashtriya Ispat Nigam,"Mumbai, Maharashtra",GP Coil,23.5,2000,3000,52,0,52,57.6,High,2026-01-12 00:00,LP-JAM-01,Tata Steel Jamshedpur,22.8046,86.2029,19.076,72.8777,76127,30,None,5076626,LCV
338,2025-12-29,DO-2026-01-100337,Essar Steel,"Mumbai, Maharashtra",GP Coil,26.8,1000,6000,23,0,23,29.0,Medium,2026-01-16 00:00,LP-JAM-01,Tata Steel Jamshedpur,22.8046,86.2029,19.076,72.8777,52361,60,None,4581464,LCV
339,2025-12-29,DO-2026-01-100338,Jindal Steel,Delhi NCR,Color Coated,11.6,1500,12000,19,0,19,31.1,Normal,2026-01-15 00:00,LP-JAM-01,Tata Steel Jamshedpur,22.8046,86.2029,28.7041,77.1025,72810,45,None,4888609,LCV
340,2025-12-31,DO-2026-01-100339,Bhushan Steel,Delhi NCR,Color Coated,22.2,2000,2500,116,0,116,101.1,Low,2026-01-04 00:00,LP-JAM-01,Tata Steel Jamshedpur,22.8046,86.2029,28.7041,77.1025,58872,30,None,3656012,HCV
341,2026-01-02,DO-2026-01-100340,AM/NS India,"Pune, Maharashtra",SS304,23.8,1000,3000,99,0,99,55.5,Critical,2026-01-16 00:00,LP-KOL-02,Kolkata Steel Depot,22.5726,88.3639,18.5204,73.8567,75077,90,Wooden Crating,3329586,HCV
342,2025-12-26,DO-2026-01-100341,Lloyds Metals,"Pune, Maharashtra",SS304,7.3,1250,6000,31,0,31,13.3,High,2026-01-04 00:00,LP-KOL-02,Kolkata Steel Depot,22.5726,88.3639,18.5204,73.8567,41330,60,None,2691732,HCV
343,2025-12-26,DO-2026-01-100342,APL Apollo,"Chennai, Tamil Nadu",SS316L,24.0,1800,3000,132,0,132,134.3,Medium,2026-01-15 00:00,LP-KOL-02,Kolkata Steel Depot,22.5726,88.3639,13.0827,80.2707,37564,30,None,4058058,Covered
344,2025-12-23,DO-2026-01-100343,Shyam Steel,"Chennai, Tamil Nadu",SS316L,17.4,1000,6000,27,0,27,22.1,Normal,2026-01-06 00:00,LP-KOL-02,Kolkata Steel Depot,22.5726,88.3639,13.0827,80.2707,47517,60,None,3392486,Covered
345,2025-12-26,DO-2026-01-100344,SRMB Steel,"Bengaluru, Karnataka",MS A36,12.2,1500,3000,120,0,120,51.7,Low,2026-01-08 00:00,LP-DUR-03,Durgapur Steel,23.5204,87.3119,12.9716,77.5946,47309,30,Express Delivery,1891788,Covered
346,2026-01-01,DO-2026-01-100345,Tata Steel Ltd,"Bengaluru, Karnataka",MS A36,22.0,1000,2500,117,0,117,50.5,Critical,2026-01-06 00:00,LP-DUR-03,Durgapur Steel,23.5204,87.3119,12.9716,77.5946,61462,90,None,1762813,Open
347,2025-12-29,DO-2026-01-100346,JSW Steel,"Hyderabad, Telangana",CRS,11.3,1250,6000,86,0,86,57.2,High,2026-01-11 00:00,LP-DUR-03,Durgapur Steel,23.5204,87.3119,17.385,78.4867,49367,30,None,3301940,Open
348,2025-12-30,DO-2026-01-100347,SAIL Bokaro,"Hyderabad, Telangana",CRS,20.3,2000,2000,123,0,123,78.4,Medium,2026-01-17 00:00,LP-DUR-03,Durgapur Steel,23.5204,87.3119,17.385,78.4867,53482,45,None,2832210,Open
349,2025-12-29,DO-2026-01-100348,Hindalco Industries,"Ahmedabad, Gujarat",HRS,12.3,1000,3000,63,0,63,18.2,Normal,2026-01-17 00:00,LP-RKL-04,Rourkela Steel Plant,22.2604,84.8536,23.0225,72.5714,43394,30,Insurance Mandatory,4543338,Trailer
350,2025-12-26,DO-2026-01-100349,Vedanta Resources,"Ahmedabad, Gujarat",HRS,21.5,1250,2000,89,0,89,37.6,Low,2026-01-05 00:00,LP-RKL-04,Rourkela Steel Plant,22.2604,84.8536,23.0225,72.5714,41161,30,None,2614688,Trailer
351,2025-12-23,DO-2026-01-100350,NMDC Ltd,"Jaipur, Rajasthan",Galvanized,7.2,1800,3000,34,0,34,10.4,Critical,2026-01-14 00:00,LP-RKL-04,Rourkela Steel Plant,22.2604,84.8536,26.9124,75.7873,74250,30,Tarpaulin Cover,2921144,Trailer
352,2025-12-30,DO-2026-01-100351,Rashtriya Ispat Nigam,"Jaipur, Rajasthan",Galvanized,23.1,1000,2000,135,0,135,49.0,High,2026-01-14 00:00,LP-RKL-04,Rourkela Steel Plant,22.2604,84.8536,26.9124,75.7873,61060,45,None,3531242,Flatbed
353,2025-12-31,DO-2026-01-100352,Essar Steel,"Lucknow, Uttar Pradesh",TMT Fe500,3.1,1800,2000,33,0,33,2.9,Medium,2026-01-13 00:00,LP-BHI-05,Bhilai Steel Plant,21.2514,81.1257,26.8467,80.9462,60387,90,None,3960567,Flatbed
354,2025-12-31,DO-2026-01-100353,Jindal Steel,"Lucknow, Uttar Pradesh",TMT Fe500,13.1,1500,2500,105,0,105,40.5,Normal,2026-01-08 00:00,LP-BHI-05,Bhilai Steel Plant,21.2514,81.1257,26.8467,80.9462,50340,90,Express Delivery,1040660,Flatbed
355,2025-12-26,DO-2026-01-100354,Bhushan Steel,"Coimbatore, Tamil Nadu",TMT Fe550,18.1,1250,3000,96,0,96,51.2,Low,2026-01-10 00:00,LP-BHI-05,Bhilai Steel Plant,21.2514,81.1257,11.0168,76.9558,68089,90,None,3096931,LCV
356,2025-12-30,DO-2026-01-100355,AM/NS India,"Coimbatore, Tamil Nadu",TMT Fe550,5.6,1250,12000,67,0,67,44.2,Critical,2026-01-14 00:00,LP-BHI-05,Bhilai Steel Plant,21.2514,81.1257,11.0168,76.9558,67629,30,Insurance Mandatory,3762450,LCV
357,2025-12-24,DO-2026-01-100356,Lloyds Metals,"Surat, Gujarat",GP Coil,16.2,1800,3000,79,0,79,54.3,High,2026-01-12 00:00,LP-VSP-06,Visakhapatnam Steel,17.6869,83.2185,21.1702,72.8311,53076,90,None,968632,LCV
358,2026-01-02,DO-2026-01-100357,APL Apollo,"Surat, Gujarat",GP Coil,17.5,1000,3000,58,0,58,23.9,Medium,2026-01-16 00:00,LP-VSP-06,Visakhapatnam Steel,17.6869,83.2185,21.1702,72.8311,62912,60,Wooden Crating,2702550,HCV
359,2025-12-25,DO-2026-01-100358,Shyam Steel,"Indore, Madhya Pradesh",Color Coated,4.6,1250,3000,38,0,38,5.1,Normal,2026-01-17 00:00,LP-VSP-06,Visakhapatnam Steel,17.6869,83.2185,22.7196,75.8577,35664,45,Tarpaulin Cover,4008324,HCV
360,2025-12-30,DO-2026-01-100359,SRMB Steel,"Indore, Madhya Pradesh",Color Coated,26.3,1250,2500,63,0,63,40.6,Low,2026-01-13 00:00,LP-VSP-06,Visakhapatnam Steel,17.6869,83.2185,22.7196,75.8577,52840,60,Express Delivery,986613,HCV
361,2025-12-31,DO-2026-01-100360,Tata Steel Ltd,"Mumbai, Maharashtra",SS304,20.2,2000,12000,108,0,108,411.0,Critical,2026-01-13 00:00,LP-JAM-01,Tata Steel Jamshedpur,22.8046,86.2029,19.076,72.8777,44336,90,None,2222676,Covered
362,2025-12-24,DO-2026-01-100361,JSW Steel,"Mumbai, Maharashtra",SS304,3.0,1000,2500,80,0,80,4.7,High,2026-01-07 00:00,LP-JAM-01,Tata Steel Jamshedpur,22.8046,86.2029,19.076,72.8777,33306,90,None,2440005,Covered
363,2026-01-02,DO-2026-01-100362,SAIL Bokaro,Delhi NCR,SS316L,5.4,1250,3000,121,0,121,19.2,Medium,2026-01-04 00:00,LP-JAM-01,Tata Steel Jamshedpur,22.8046,86.2029,28.7041,77.1025,41680,45,Wooden Crating,5164881,Covered
364,2025-12-23,DO-2026-01-100363,Hindalco Industries,Delhi NCR,SS316L,11.5,1000,3000,128,0,128,34.7,Normal,2026-01-10 00:00,LP-JAM-01,Tata Steel Jamshedpur,22.8046,86.2029,28.7041,77.1025,70405,30,None,3456191,Open
365,2025-12-23,DO-2026-01-100364,Vedanta Resources,"Pune, Maharashtra",MS A36,27.4,1800,6000,35,0,35,81.3,Low,2026-01-09 00:00,LP-KOL-02,Kolkata Steel Depot,22.5726,88.3639,18.5204,73.8567,43416,60,None,2220956,Open
366,2025-12-31,DO-2026-01-100365,NMDC Ltd,"Pune, Maharashtra",MS A36,10.0,1500,2500,66,0,66,19.4,Critical,2026-01-15 00:00,LP-KOL-02,Kolkata Steel Depot,22.5726,88.3639,18.5204,73.8567,32117,90,Express Delivery,1021646,Open
367,2025-12-23,DO-2026-01-100366,Rashtriya Ispat Nigam,"Chennai, Tamil Nadu",CRS,17.7,2000,2500,41,0,41,28.5,High,2026-01-13 00:00,LP-KOL-02,Kolkata Steel Depot,22.5726,88.3639,13.0827,80.2707,38822,90,None,1402689,Trailer
368,2025-12-23,DO-2026-01-100367,Essar Steel,"Chennai, Tamil Nadu",CRS,11.0,1500,2500,48,0,48,15.5,Medium,2026-01-05 00:00,LP-KOL-02,Kolkata Steel Depot,22.5726,88.3639,13.0827,80.2707,75910,60,None,2974763,Trailer
369,2025-12-29,DO-2026-01-100368,Jindal Steel,"Bengaluru, Karnataka",HRS,8.5,1000,3000,44,0,44,8.8,Normal,2026-01-16 00:00,LP-DUR-03,Durgapur Steel,23.5204,87.3119,12.9716,77.5946,39080,30,None,4426056,Trailer
370,2025-12-26,DO-2026-01-100369,Bhushan Steel,"Bengaluru, Karnataka",HRS,12.9,1250,6000,111,0,111,84.3,Low,2026-01-10 00:00,LP-DUR-03,Durgapur Steel,23.5204,87.3119,12.9716,77.5946,55018,90,None,4772247,Flatbed
371,2025-12-26,DO-2026-01-100370,AM/NS India,"Hyderabad, Telangana",Galvanized,24.5,1250,2500,118,0,118,70.9,Critical,2026-01-05 00:00,LP-DUR-03,Durgapur Steel,23.5204,87.3119,17.385,78.4867,34189,60,None,2940497,Flatbed
372,2025-12-31,DO-2026-01-100371,Lloyds Metals,"Hyderabad, Telangana",Galvanized,3.9,1250,6000,31,0,31,7.1,High,2026-01-15 00:00,LP-DUR-03,Durgapur Steel,23.5204,87.3119,17.385,78.4867,36915,30,None,4799489,Flatbed
373,2025-12-27,DO-2026-01-100372,APL Apollo,"Ahmedabad, Gujarat",TMT Fe500,2.8,1250,12000,108,0,108,35.6,Medium,2026-01-06 00:00,LP-RKL-04,Rourkela Steel Plant,22.2604,84.8536,23.0225,72.5714,35509,30,None,2343703,LCV
374,2025-12-23,DO-2026-01-100373,Shyam Steel,"Ahmedabad, Gujarat",TMT Fe500,20.1,2000,3000,70,0,70,66.3,Normal,2026-01-08 00:00,LP-RKL-04,Rourkela Steel Plant,22.2604,84.8536,23.0225,72.5714,51490,45,None,4045902,LCV
375,2026-01-02,DO-2026-01-100374,SRMB Steel,"Jaipur, Rajasthan",TMT Fe550,16.3,1800,2500,91,0,91,52.4,Low,2026-01-09 00:00,LP-RKL-04,Rourkela Steel Plant,22.2604,84.8536,26.9124,75.7873,32250,90,None,4779286,LCV
376,2025-12-23,DO-2026-01-100375,Tata Steel Ltd,"Jaipur, Rajasthan",TMT Fe550,4.5,1250,2500,43,0,43,4.7,Critical,2026-01-08 00:00,LP-RKL-04,Rourkela Steel Plant,22.2604,84.8536,26.9124,75.7873,37369,90,Wooden Crating,3336655,HCV
377,2026-01-01,DO-2026-01-100376,JSW Steel,"Lucknow, Uttar Pradesh",GP Coil,12.3,1800,3000,118,0,118,61.5,High,2026-01-14 00:00,LP-BHI-05,Bhilai Steel Plant,21.2514,81.1257,26.8467,80.9462,67659,90,None,3949794,HCV
378,2025-12-26,DO-2026-01-100377,SAIL Bokaro,"Lucknow, Uttar Pradesh",GP Coil,6.9,1000,3000,65,0,65,10.6,Medium,2026-01-11 00:00,LP-BHI-05,Bhilai Steel Plant,21.2514,81.1257,26.8467,80.9462,49262,45,Wooden Crating,1267068,HCV
379,2025-12-23,DO-2026-01-100378,Hindalco Industries,"Coimbatore, Tamil Nadu",Color Coated,21.6,1000,2000,37,0,37,12.5,Normal,2026-01-09 00:00,LP-BHI-05,Bhilai Steel Plant,21.2514,81.1257,11.0168,76.9558,67484,90,Insurance Mandatory,2658515,Covered
380,2025-12-27,DO-2026-01-100379,Vedanta Resources,"Coimbatore, Tamil Nadu",Color Coated,3.6,1800,12000,88,0,88,53.7,Low,2026-01-12 00:00,LP-BHI-05,Bhilai Steel Plant,21.2514,81.1257,11.0168,76.9558,77027,90,Tarpaulin Cover,2726708,Covered
381,2025-12-25,DO-2026-01-100380,NMDC Ltd,"Surat, Gujarat",SS304,9.8,1800,2000,78,0,78,21.6,Critical,2026-01-13 00:00,LP-VSP-06,Visakhapatnam Steel,17.6869,83.2185,21.1702,72.8311,65870,45,None,4516818,Covered
382,2025-12-30,DO-2026-01-100381,Rashtriya Ispat Nigam,"Surat, Gujarat",SS304,26.7,1250,2500,40,0,40,26.2,High,2026-01-06 00:00,LP-VSP-06,Visakhapatnam Steel,17.6869,83.2185,21.1702,72.8311,34796,90,None,4402343,Open
383,2025-12-29,DO-2026-01-100382,Essar Steel,"Indore, Madhya Pradesh",SS316L,27.9,1250,12000,43,0,43,141.3,Medium,2026-01-09 00:00,LP-VSP-06,Visakhapatnam Steel,17.6869,83.2185,22.7196,75.8577,36391,30,None,4083255,Open
384,2025-12-26,DO-2026-01-100383,Jindal Steel,"Indore, Madhya Pradesh",SS316L,10.5,1500,12000,88,0,88,130.6,Normal,2026-01-17 00:00,LP-VSP-06,Visakhapatnam Steel,17.6869,83.2185,22.7196,75.8577,32810,90,None,2005290,Open
385,2026-01-01,DO-2026-01-100384,Bhushan Steel,"Mumbai, Maharashtra",MS A36,16.7,2000,2000,36,0,36,18.9,Low,2026-01-13 00:00,LP-JAM-01,Tata Steel Jamshedpur,22.8046,86.2029,19.076,72.8777,38618,60,Express Delivery,3634583,Trailer
386,2025-12-24,DO-2026-01-100385,AM/NS India,"Mumbai, Maharashtra",MS A36,12.7,1800,6000,130,0,130,140.0,Critical,2026-01-13 00:00,LP-JAM-01,Tata Steel Jamshedpur,22.8046,86.2029,19.076,72.8777,63001,30,None,4130390,Trailer
387,2025-12-27,DO-2026-01-100386,Lloyds Metals,Delhi NCR,CRS,18.1,1800,2000,36,0,36,18.4,High,2026-01-09 00:00,LP-JAM-01,Tata Steel Jamshedpur,22.8046,86.2029,28.7041,77.1025,77253,45,None,4736419,Trailer
388,2025-12-28,DO-2026-01-100387,APL Apollo,Delhi NCR,CRS,9.0,1500,2000,135,0,135,28.6,Medium,2026-01-17 00:00,LP-JAM-01,Tata Steel Jamshedpur,22.8046,86.2029,28.7041,77.1025,51861,60,None,4874000,Flatbed
389,2025-12-31,DO-2026-01-100388,Shyam Steel,"Pune, Maharashtra",HRS,20.1,1000,2500,127,0,127,50.1,Normal,2026-01-08 00:00,LP-KOL-02,Kolkata Steel Depot,22.5726,88.3639,18.5204,73.8567,61039,60,None,4246143,Flatbed
390,2025-12-30,DO-2026-01-100389,SRMB Steel,"Pune, Maharashtra",HRS,18.8,1250,6000,95,0,95,105.2,Low,2026-01-17 00:00,LP-KOL-02,Kolkata Steel Depot,22.5726,88.3639,18.5204,73.8567,58684,90,Wooden Crating,3886586,Flatbed
391,2025-12-29,DO-2026-01-100390,Tata Steel Ltd,"Chennai, Tamil Nadu",Galvanized,3.5,1250,2000,123,0,123,8.4,Critical,2026-01-15 00:00,LP-KOL-02,Kolkata Steel Depot,22.5726,88.3639,13.0827,80.2707,65213,90,None,5148031,LCV
392,2025-12-30,DO-2026-01-100391,JSW Steel,"Chennai, Tamil Nadu",Galvanized,16.8,1250,2500,130,0,130,53.6,High,2026-01-17 00:00,LP-KOL-02,Kolkata Steel Depot,22.5726,88.3639,13.0827,80.2707,35776,45,None,1174121,LCV
393,2025-12-28,DO-2026-01-100392,SAIL Bokaro,"Bengaluru, Karnataka",TMT Fe500,11.4,1250,3000,135,0,135,45.3,Medium,2026-01-17 00:00,LP-DUR-03,Durgapur Steel,23.5204,87.3119,12.9716,77.5946,62423,90,Tarpaulin Cover,1789120,LCV
394,2025-12-24,DO-2026-01-100393,Hindalco Industries,"Bengaluru, Karnataka",TMT Fe500,2.8,1500,6000,105,0,105,20.8,Normal,2026-01-11 00:00,LP-DUR-03,Durgapur Steel,23.5204,87.3119,12.9716,77.5946,43638,90,Tarpaulin Cover,3683998,HCV
395,2025-12-29,DO-2026-01-100394,Vedanta Resources,"Hyderabad, Telangana",TMT Fe550,6.3,1500,2000,62,0,62,9.2,Low,2026-01-04 00:00,LP-DUR-03,Durgapur Steel,23.5204,87.3119,17.385,78.4867,57333,30,None,2547834,HCV
396,2025-12-29,DO-2026-01-100395,NMDC Ltd,"Hyderabad, Telangana",TMT Fe550,7.8,1250,2500,127,0,127,24.3,Critical,2026-01-14 00:00,LP-DUR-03,Durgapur Steel,23.5204,87.3119,17.385,78.4867,58837,30,Express Delivery,824641,HCV
397,2026-01-02,DO-2026-01-100396,Rashtriya Ispat Nigam,"Ahmedabad, Gujarat",GP Coil,25.7,1250,12000,78,0,78,236.0,High,2026-01-07 00:00,LP-RKL-04,Rourkela Steel Plant,22.2604,84.8536,23.0225,72.5714,48540,60,Tarpaulin Cover,3060042,Covered
398,2025-12-29,DO-2026-01-100397,Essar Steel,"Ahmedabad, Gujarat",GP Coil,25.3,1500,6000,72,0,72,128.7,Medium,2026-01-07 00:00,LP-RKL-04,Rourkela Steel Plant,22.2604,84.8536,23.0225,72.5714,62585,60,Tarpaulin Cover,4081556,Covered
399,2025-12-25,DO-2026-01-100398,Jindal Steel,"Jaipur, Rajasthan",Color Coated,4.7,2000,3000,92,0,92,20.4,Normal,2026-01-14 00:00,LP-RKL-04,Rourkela Steel Plant,22.2604,84.8536,26.9124,75.7873,70913,60,None,1656846,Covered
400,2025-12-29,DO-2026-01-100399,Bhushan Steel,"Jaipur, Rajasthan",Color Coated,3.7,1500,3000,79,0,79,10.3,Low,2026-01-08 00:00,LP-RKL-04,Rourkela Steel Plant,22.2604,84.8536,26.9124,75.7873,74999,60,None,5089373,Open
401,2025-12-27,DO-2026-01-100400,AM/NS India,"Lucknow, Uttar Pradesh",SS304,8.2,1000,12000,115,0,115,88.8,Critical,2026-01-14 00:00,LP-BHI-05,Bhilai Steel Plant,21.2514,81.1257,26.8467,80.9462,52944,45,Tarpaulin Cover,4922265,Open
402,2025-12-27,DO-2026-01-100401,Lloyds Metals,"Lucknow, Uttar Pradesh",SS304,8.7,1800,6000,55,0,55,40.6,High,2026-01-15 00:00,LP-BHI-05,Bhilai Steel Plant,21.2514,81.1257,26.8467,80.9462,34314,45,None,2615317,Open
403,2025-12-25,DO-2026-01-100402,APL Apollo,"Coimbatore, Tamil Nadu",SS316L,15.9,1800,3000,105,0,105,70.8,Medium,2026-01-08 00:00,LP-BHI-05,Bhilai Steel Plant,21.2514,81.1257,11.0168,76.9558,43140,45,None,4699196,Trailer
404,2025-12-23,DO-2026-01-100403,Shyam Steel,"Coimbatore, Tamil Nadu",SS316L,21.3,2000,2500,34,0,34,28.4,Normal,2026-01-09 00:00,LP-BHI-05,Bhilai Steel Plant,21.2514,81.1257,11.0168,76.9558,74889,30,None,2623410,Trailer
405,2025-12-28,DO-2026-01-100404,SRMB Steel,"Surat, Gujarat",MS A36,24.7,1800,3000,113,0,113,118.3,Low,2026-01-08 00:00,LP-VSP-06,Visakhapatnam Steel,17.6869,83.2185,21.1702,72.8311,70375,60,None,1738022,Trailer
406,2025-12-24,DO-2026-01-100405,Tata Steel Ltd,"Surat, Gujarat",MS A36,3.4,2000,12000,78,0,78,50.0,Critical,2026-01-05 00:00,LP-VSP-06,Visakhapatnam Steel,17.6869,83.2185,21.1702,72.8311,62947,45,None,3951673,Flatbed
407,2025-12-31,DO-2026-01-100406,JSW Steel,"Indore, Madhya Pradesh",CRS,9.8,1000,2500,85,0,85,16.3,High,2026-01-07 00:00,LP-VSP-06,Visakhapatnam Steel,17.6869,83.2185,22.7196,75.8577,54457,90,Insurance Mandatory,4588387,Flatbed
408,2025-12-26,DO-2026-01-100407,SAIL Bokaro,"Indore, Madhya Pradesh",CRS,10.2,1250,2000,36,0,36,7.2,Medium,2026-01-09 00:00,LP-VSP-06,Visakhapatnam Steel,17.6869,83.2185,22.7196,75.8577,73355,45,None,1236653,Flatbed
409,2025-12-24,DO-2026-01-100408,Hindalco Industries,"Mumbai, Maharashtra",HRS,13.8,1250,2500,18,0,18,6.1,Normal,2026-01-16 00:00,LP-JAM-01,Tata Steel Jamshedpur,22.8046,86.2029,19.076,72.8777,42383,90,Wooden Crating,1488544,LCV
410,2025-12-27,DO-2026-01-100409,Vedanta Resources,"Mumbai, Maharashtra",HRS,18.0,1800,6000,34,0,34,51.9,Low,2026-01-11 00:00,LP-JAM-01,Tata Steel Jamshedpur,22.8046,86.2029,19.076,72.8777,57121,30,None,2422807,LCV
411,2025-12-25,DO-2026-01-100410,NMDC Ltd,Delhi NCR,Galvanized,11.7,1000,3000,111,0,111,30.6,Critical,2026-01-07 00:00,LP-JAM-01,Tata Steel Jamshedpur,22.8046,86.2029,28.7041,77.1025,33174,30,Tarpaulin Cover,2837279,LCV
412,2025-12-31,DO-2026-01-100411,Rashtriya Ispat Nigam,Delhi NCR,Galvanized,20.0,1500,3000,46,0,46,32.5,High,2026-01-05 00:00,LP-JAM-01,Tata Steel Jamshedpur,22.8046,86.2029,28.7041,77.1025,57136,60,None,1133513,HCV
413,2025-12-24,DO-2026-01-100412,Essar Steel,"Pune, Maharashtra",TMT Fe500,26.7,1800,12000,56,0,56,253.5,Medium,2026-01-12 00:00,LP-KOL-02,Kolkata Steel Depot,22.5726,88.3639,18.5204,73.8567,54140,90,Express Delivery,1872307,HCV
414,2025-12-30,DO-2026-01-100413,Jindal Steel,"Pune, Maharashtra",TMT Fe500,27.9,1800,3000,61,0,61,72.1,Normal,2026-01-06 00:00,LP-KOL-02,Kolkata Steel Depot,22.5726,88.3639,18.5204,73.8567,58436,30,None,1850633,HCV
415,2025-12-31,DO-2026-01-100414,Bhushan Steel,"Chennai, Tamil Nadu",TMT Fe550,21.1,2000,12000,45,0,45,178.9,Low,2026-01-05 00:00,LP-KOL-02,Kolkata Steel Depot,22.5726,88.3639,13.0827,80.2707,56024,30,None,2895715,Covered
416,2026-01-02,DO-2026-01-100415,AM/NS India,"Chennai, Tamil Nadu",TMT Fe550,15.9,1000,12000,116,0,116,173.7,Critical,2026-01-14 00:00,LP-KOL-02,Kolkata Steel Depot,22.5726,88.3639,13.0827,80.2707,39085,30,None,1721315,Covered
417,2025-12-29,DO-2026-01-100416,Lloyds Metals,"Bengaluru, Karnataka",GP Coil,13.6,1000,12000,71,0,71,91.0,High,2026-01-11 00:00,LP-DUR-03,Durgapur Steel,23.5204,87.3119,12.9716,77.5946,77997,45,None,828052,Covered
418,2025-12-29,DO-2026-01-100417,APL Apollo,"Bengaluru, Karnataka",GP Coil,12.9,1000,12000,56,0,56,68.1,Medium,2026-01-13 00:00,LP-DUR-03,Durgapur Steel,23.5204,87.3119,12.9716,77.5946,71690,45,None,1630084,Open
419,2026-01-01,DO-2026-01-100418,Shyam Steel,"Hyderabad, Telangana",Color Coated,20.7,1000,3000,83,0,83,40.5,Normal,2026-01-16 00:00,LP-DUR-03,Durgapur Steel,23.5204,87.3119,17.385,78.4867,38964,90,None,2425619,Open
420,2025-12-28,DO-2026-01-100419,SRMB Steel,"Hyderabad, Telangana",Color Coated,8.8,2000,2500,117,0,117,40.4,Low,2026-01-15 00:00,LP-DUR-03,Durgapur Steel,23.5204,87.3119,17.385,78.4867,58853,60,None,4913725,Open
421,2025-12-30,DO-2026-01-100420,Tata Steel Ltd,"Ahmedabad, Gujarat",SS304,7.4,1800,3000,134,0,134,42.0,Critical,2026-01-04 00:00,LP-RKL-04,Rourkela Steel Plant,22.2604,84.8536,23.0225,72.5714,32835,30,Express Delivery,4894845,Trailer
422,2026-01-01,DO-2026-01-100421,JSW Steel,"Ahmedabad, Gujarat",SS304,26.7,2000,2000,37,0,37,31.0,High,2026-01-08 00:00,LP-RKL-04,Rourkela Steel Plant,22.2604,84.8536,23.0225,72.5714,74227,45,None,3233214,Trailer
423,2026-01-02,DO-2026-01-100422,SAIL Bokaro,"Jaipur, Rajasthan",SS316L,14.1,1000,2500,51,0,51,14.1,Medium,2026-01-17 00:00,LP-RKL-04,Rourkela Steel Plant,22.2604,84.8536,26.9124,75.7873,51042,60,Wooden Crating,3373177,Trailer
424,2026-01-02,DO-2026-01-100423,Hindalco Industries,"Jaipur, Rajasthan",SS316L,21.2,1000,2000,72,0,72,24.0,Normal,2026-01-17 00:00,LP-RKL-04,Rourkela Steel Plant,22.2604,84.8536,26.9124,75.7873,41069,45,None,4421815,Flatbed
425,2025-12-28,DO-2026-01-100424,Vedanta Resources,"Lucknow, Uttar Pradesh",MS A36,9.0,1000,3000,97,0,97,20.6,Low,2026-01-06 00:00,LP-BHI-05,Bhilai Steel Plant,21.2514,81.1257,26.8467,80.9462,39460,90,None,4579724,Flatbed
426,2025-12-23,DO-2026-01-100425,NMDC Ltd,"Lucknow, Uttar Pradesh",MS A36,23.7,1800,6000,52,0,52,104.5,Critical,2026-01-16 00:00,LP-BHI-05,Bhilai Steel Plant,21.2514,81.1257,26.8467,80.9462,42930,30,None,1241961,Flatbed
427,2025-12-26,DO-2026-01-100426,Rashtriya Ispat Nigam,"Coimbatore, Tamil Nadu",CRS,6.1,1800,12000,126,0,126,130.3,High,2026-01-16 00:00,LP-BHI-05,Bhilai Steel Plant,21.2514,81.1257,11.0168,76.9558,69286,90,None,3935580,LCV
428,2025-12-26,DO-2026-01-100427,Essar Steel,"Coimbatore, Tamil Nadu",CRS,11.3,1000,2500,117,0,117,25.9,Medium,2026-01-11 00:00,LP-BHI-05,Bhilai Steel Plant,21.2514,81.1257,11.0168,76.9558,39401,90,None,1281301,LCV
429,2025-12-24,DO-2026-01-100428,Jindal Steel,"Surat, Gujarat",HRS,19.0,1000,12000,51,0,51,91.3,Normal,2026-01-15 00:00,LP-VSP-06,Visakhapatnam Steel,17.6869,83.2185,21.1702,72.8311,69028,45,Insurance Mandatory,3587871,LCV
430,2025-12-27,DO-2026-01-100429,Bhushan Steel,"Surat, Gujarat",HRS,15.6,2000,2000,84,0,84,41.1,Low,2026-01-14 00:00,LP-VSP-06,Visakhapatnam Steel,17.6869,83.2185,21.1702,72.8311,48290,90,None,3978579,HCV
431,2026-01-02,DO-2026-01-100430,AM/NS India,"Indore, Madhya Pradesh",Galvanized,23.8,2000,12000,37,0,37,165.9,Critical,2026-01-04 00:00,LP-VSP-06,Visakhapatnam Steel,17.6869,83.2185,22.7196,75.8577,74165,45,None,4686680,HCV
432,2025-12-26,DO-2026-01-100431,Lloyds Metals,"Indore, Madhya Pradesh",Galvanized,14.9,1250,2000,127,0,127,37.1,High,2026-01-09 00:00,LP-VSP-06,Visakhapatnam Steel,17.6869,83.2185,22.7196,75.8577,47787,60,Insurance Mandatory,1172372,HCV
433,2025-12-30,DO-2026-01-100432,APL Apollo,"Mumbai, Maharashtra",TMT Fe500,7.8,1800,6000,82,0,82,54.2,Medium,2026-01-05 00:00,LP-JAM-01,Tata Steel Jamshedpur,22.8046,86.2029,19.076,72.8777,62087,90,Wooden Crating,4508923,Covered
434,2026-01-01,DO-2026-01-100433,Shyam Steel,"Mumbai, Maharashtra",TMT Fe500,24.3,1800,3000,29,0,29,29.9,Normal,2026-01-11 00:00,LP-JAM-01,Tata Steel Jamshedpur,22.8046,86.2029,19.076,72.8777,74819,30,None,4208946,Covered
435,2025-12-24,DO-2026-01-100434,SRMB Steel,Delhi NCR,TMT Fe550,16.5,1000,2000,22,0,22,5.7,Low,2026-01-13 00:00,LP-JAM-01,Tata Steel Jamshedpur,22.8046,86.2029,28.7041,77.1025,73781,60,Express Delivery,2485194,Covered
436,2026-01-02,DO-2026-01-100435,Tata Steel Ltd,Delhi NCR,TMT Fe550,19.5,1500,3000,101,0,101,69.6,Critical,2026-01-17 00:00,LP-JAM-01,Tata Steel Jamshedpur,22.8046,86.2029,28.7041,77.1025,46609,90,None,4718932,Open
437,2026-01-01,DO-2026-01-100436,JSW Steel,"Pune, Maharashtra",GP Coil,19.1,1800,2000,109,0,109,58.8,High,2026-01-16 00:00,LP-KOL-02,Kolkata Steel Depot,22.5726,88.3639,18.5204,73.8567,75182,45,None,3729121,Open
438,2025-12-25,DO-2026-01-100437,SAIL Bokaro,"Pune, Maharashtra",GP Coil,18.5,1500,12000,124,0,124,324.1,Medium,2026-01-09 00:00,LP-KOL-02,Kolkata Steel Depot,22.5726,88.3639,18.5204,73.8567,38967,30,Express Delivery,4880736,Open
439,2025-12-29,DO-2026-01-100438,Hindalco Industries,"Chennai, Tamil Nadu",Color Coated,23.4,1800,2000,35,0,35,23.1,Normal,2026-01-13 00:00,LP-KOL-02,Kolkata Steel Depot,22.5726,88.3639,13.0827,80.2707,44839,45,None,4045854,Trailer
440,2026-01-01,DO-2026-01-100439,Vedanta Resources,"Chennai, Tamil Nadu",Color Coated,13.9,1250,3000,45,0,45,18.4,Low,2026-01-16 00:00,LP-KOL-02,Kolkata Steel Depot,22.5726,88.3639,13.0827,80.2707,59162,30,Express Delivery,1783637,Trailer
441,2025-12-25,DO-2026-01-100440,NMDC Ltd,"Bengaluru, Karnataka",SS304,25.2,1800,12000,116,0,116,495.7,Critical,2026-01-06 00:00,LP-DUR-03,Durgapur Steel,23.5204,87.3119,12.9716,77.5946,64691,30,None,1157448,Trailer
442,2025-12-25,DO-2026-01-100441,Rashtriya Ispat Nigam,"Bengaluru, Karnataka",SS304,26.3,2000,6000,88,0,88,218.0,High,2026-01-16 00:00,LP-DUR-03,Durgapur Steel,23.5204,87.3119,12.9716,77.5946,43613,45,Wooden Crating,1826944,Flatbed
443,2025-12-28,DO-2026-01-100442,Essar Steel,"Hyderabad, Telangana",SS316L,12.1,2000,12000,31,0,31,70.7,Medium,2026-01-12 00:00,LP-DUR-03,Durgapur Steel,23.5204,87.3119,17.385,78.4867,57209,90,Insurance Mandatory,2832377,Flatbed
444,2025-12-26,DO-2026-01-100443,Jindal Steel,"Hyderabad, Telangana",SS316L,12.3,1500,3000,53,0,53,23.0,Normal,2026-01-16 00:00,LP-DUR-03,Durgapur Steel,23.5204,87.3119,17.385,78.4867,40740,45,None,5047438,Flatbed
445,2025-12-25,DO-2026-01-100444,Bhushan Steel,"Ahmedabad, Gujarat",MS A36,23.9,2000,3000,56,0,56,63.0,Low,2026-01-14 00:00,LP-RKL-04,Rourkela Steel Plant,22.2604,84.8536,23.0225,72.5714,46243,45,None,3187557,LCV
446,2025-12-25,DO-2026-01-100445,AM/NS India,"Ahmedabad, Gujarat",MS A36,11.0,1250,2500,105,0,105,28.3,Critical,2026-01-12 00:00,LP-RKL-04,Rourkela Steel Plant,22.2604,84.8536,23.0225,72.5714,77502,60,Tarpaulin Cover,3704784,LCV
447,2025-12-23,DO-2026-01-100446,Lloyds Metals,"Jaipur, Rajasthan",CRS,14.5,2000,6000,89,0,89,121.6,High,2026-01-15 00:00,LP-RKL-04,Rourkela Steel Plant,22.2604,84.8536,26.9124,75.7873,66989,60,Express Delivery,4293233,LCV
448,2025-12-27,DO-2026-01-100447,APL Apollo,"Jaipur, Rajasthan",CRS,2.3,1000,2000,121,0,121,4.4,Medium,2026-01-06 00:00,LP-RKL-04,Rourkela Steel Plant,22.2604,84.8536,26.9124,75.7873,35477,30,None,2100023,HCV
449,2025-12-29,DO-2026-01-100448,Shyam Steel,"Lucknow, Uttar Pradesh",HRS,19.8,1250,2000,54,0,54,21.0,Normal,2026-01-07 00:00,LP-BHI-05,Bhilai Steel Plant,21.2514,81.1257,26.8467,80.9462,67466,30,None,4546637,HCV
450,2025-12-23,DO-2026-01-100449,SRMB Steel,"Lucknow, Uttar Pradesh",HRS,18.0,2000,2500,31,0,31,21.9,Low,2026-01-12 00:00,LP-BHI-05,Bhilai Steel Plant,21.2514,81.1257,26.8467,80.9462,57486,45,None,3162887,HCV
451,2025-12-27,DO-2026-01-100450,Tata Steel Ltd,"Coimbatore, Tamil Nadu",Galvanized,19.3,1800,6000,106,0,106,173.4,Critical,2026-01-16 00:00,LP-BHI-05,Bhilai Steel Plant,21.2514,81.1257,11.0168,76.9558,76901,60,Insurance Mandatory,1201325,Covered
452,2025-12-26,DO-2026-01-100451,JSW Steel,"Coimbatore, Tamil Nadu",Galvanized,21.3,1250,12000,19,0,19,47.7,High,2026-01-17 00:00,LP-BHI-05,Bhilai Steel Plant,21.2514,81.1257,11.0168,76.9558,46781,60,Wooden Crating,2398102,Covered
453,2025-12-26,DO-2026-01-100452,SAIL Bokaro,"Surat, Gujarat",TMT Fe500,20.8,1250,3000,117,0,117,71.6,Medium,2026-01-06 00:00,LP-VSP-06,Visakhapatnam Steel,17.6869,83.2185,21.1702,72.8311,76738,30,None,2207899,Covered
454,2025-12-27,DO-2026-01-100453,Hindalco Industries,"Surat, Gujarat",TMT Fe500,15.4,1800,2000,112,0,112,48.7,Normal,2026-01-08 00:00,LP-VSP-06,Visakhapatnam Steel,17.6869,83.2185,21.1702,72.8311,68477,60,None,2889230,Open
455,2025-12-31,DO-2026-01-100454,Vedanta Resources,"Indore, Madhya Pradesh",TMT Fe550,10.6,1250,2000,18,0,18,3.7,Low,2026-01-09 00:00,LP-VSP-06,Visakhapatnam Steel,17.6869,83.2185,22.7196,75.8577,71117,30,Wooden Crating,3276269,Open
456,2026-01-01,DO-2026-01-100455,NMDC Ltd,"Indore, Madhya Pradesh",TMT Fe550,22.5,2000,3000,80,0,80,84.8,Critical,2026-01-16 00:00,LP-VSP-06,Visakhapatnam Steel,17.6869,83.2185,22.7196,75.8577,52831,45,Insurance Mandatory,5117162,Open
457,2025-12-25,DO-2026-01-100456,Rashtriya Ispat Nigam,"Mumbai, Maharashtra",GP Coil,22.4,1250,6000,26,0,26,34.3,High,2026-01-12 00:00,LP-JAM-01,Tata Steel Jamshedpur,22.8046,86.2029,19.076,72.8777,58438,30,None,2539741,Trailer
458,2025-12-30,DO-2026-01-100457,Essar Steel,"Mumbai, Maharashtra",GP Coil,10.6,1500,3000,102,0,102,38.2,Medium,2026-01-16 00:00,LP-JAM-01,Tata Steel Jamshedpur,22.8046,86.2029,19.076,72.8777,72519,90,Insurance Mandatory,823850,Trailer
459,2025-12-23,DO-2026-01-100458,Jindal Steel,Delhi NCR,Color Coated,19.4,1800,2500,32,0,32,21.9,Normal,2026-01-13 00:00,LP-JAM-01,Tata Steel Jamshedpur,22.8046,86.2029,28.7041,77.1025,72706,45,Insurance Mandatory,3442214,Trailer
460,2025-12-29,DO-2026-01-100459,Bhushan Steel,Delhi NCR,Color Coated,25.8,1000,6000,66,0,66,80.2,Low,2026-01-12 00:00,LP-JAM-01,Tata Steel Jamshedpur,22.8046,86.2029,28.7041,77.1025,50535,30,Express Delivery,3895376,Flatbed
461,2026-01-02,DO-2026-01-100460,AM/NS India,"Pune, Maharashtra",SS304,22.9,1800,6000,83,0,83,161.1,Critical,2026-01-08 00:00,LP-KOL-02,Kolkata Steel Depot,22.5726,88.3639,18.5204,73.8567,74698,45,None,1440763,Flatbed
462,2026-01-02,DO-2026-01-100461,Lloyds Metals,"Pune, Maharashtra",SS304,6.4,2000,12000,30,0,30,36.2,High,2026-01-14 00:00,LP-KOL-02,Kolkata Steel Depot,22.5726,88.3639,18.5204,73.8567,36290,45,Tarpaulin Cover,2538242,Flatbed
463,2025-12-25,DO-2026-01-100462,APL Apollo,"Chennai, Tamil Nadu",SS316L,19.8,1000,2500,128,0,128,49.7,Medium,2026-01-17 00:00,LP-KOL-02,Kolkata Steel Depot,22.5726,88.3639,13.0827,80.2707,60523,30,Wooden Crating,2039786,LCV
464,2026-01-01,DO-2026-01-100463,Shyam Steel,"Chennai, Tamil Nadu",SS316L,13.9,1500,2000,21,0,21,6.9,Normal,2026-01-05 00:00,LP-KOL-02,Kolkata Steel Depot,22.5726,88.3639,13.0827,80.2707,35556,45,Wooden Crating,1340911,LCV
465,2025-12-27,DO-2026-01-100464,SRMB Steel,"Bengaluru, Karnataka",MS A36,23.4,1500,6000,91,0,91,150.4,Low,2026-01-11 00:00,LP-DUR-03,Durgapur Steel,23.5204,87.3119,12.9716,77.5946,73301,90,None,891691,LCV
466,2025-12-23,DO-2026-01-100465,Tata Steel Ltd,"Bengaluru, Karnataka",MS A36,19.5,2000,2000,67,0,67,41.0,Critical,2026-01-15 00:00,LP-DUR-03,Durgapur Steel,23.5204,87.3119,12.9716,77.5946,72524,30,Wooden Crating,1131823,HCV
467,2026-01-01,DO-2026-01-100466,JSW Steel,"Hyderabad, Telangana",CRS,24.1,1500,12000,107,0,107,364.4,High,2026-01-08 00:00,LP-DUR-03,Durgapur Steel,23.5204,87.3119,17.385,78.4867,76949,60,Tarpaulin Cover,3111539,HCV
468,2025-12-23,DO-2026-01-100467,SAIL Bokaro,"Hyderabad, Telangana",CRS,26.1,1800,6000,115,0,115,254.5,Medium,2026-01-04 00:00,LP-DUR-03,Durgapur Steel,23.5204,87.3119,17.385,78.4867,63063,45,None,1894050,HCV
469,2025-12-23,DO-2026-01-100468,Hindalco Industries,"Ahmedabad, Gujarat",HRS,12.2,2000,3000,113,0,113,64.9,Normal,2026-01-06 00:00,LP-RKL-04,Rourkela Steel Plant,22.2604,84.8536,23.0225,72.5714,51533,60,Insurance Mandatory,843534,Covered
470,2026-01-02,DO-2026-01-100469,Vedanta Resources,"Ahmedabad, Gujarat",HRS,24.7,1250,2000,88,0,88,42.7,Low,2026-01-04 00:00,LP-RKL-04,Rourkela Steel Plant,22.2604,84.8536,23.0225,72.5714,69533,90,None,1464095,Covered
471,2025-12-27,DO-2026-01-100470,NMDC Ltd,"Jaipur, Rajasthan",Galvanized,7.5,1500,2500,57,0,57,12.6,Critical,2026-01-14 00:00,LP-RKL-04,Rourkela Steel Plant,22.2604,84.8536,26.9124,75.7873,65590,45,None,2602103,Covered
472,2025-12-31,DO-2026-01-100471,Rashtriya Ispat Nigam,"Jaipur, Rajasthan",Galvanized,23.7,1250,2000,96,0,96,44.7,High,2026-01-14 00:00,LP-RKL-04,Rourkela Steel Plant,22.2604,84.8536,26.9124,75.7873,69178,30,Express Delivery,4619372,Open
473,2025-12-29,DO-2026-01-100472,Essar Steel,"Lucknow, Uttar Pradesh",TMT Fe500,16.3,1500,2000,100,0,100,38.4,Medium,2026-01-05 00:00,LP-BHI-05,Bhilai Steel Plant,21.2514,81.1257,26.8467,80.9462,44937,90,Insurance Mandatory,3745893,Open
474,2025-12-29,DO-2026-01-100473,Jindal Steel,"Lucknow, Uttar Pradesh",TMT Fe500,19.5,1250,2000,34,0,34,13.0,Normal,2026-01-13 00:00,LP-BHI-05,Bhilai Steel Plant,21.2514,81.1257,26.8467,80.9462,36574,45,None,4530292,Open
475,2025-12-31,DO-2026-01-100474,Bhushan Steel,"Coimbatore, Tamil Nadu",TMT Fe550,18.0,1500,12000,60,0,60,152.6,Low,2026-01-13 00:00,LP-BHI-05,Bhilai Steel Plant,21.2514,81.1257,11.0168,76.9558,69149,60,Wooden Crating,4342902,Trailer
476,2025-12-23,DO-2026-01-100475,AM/NS India,"Coimbatore, Tamil Nadu",TMT Fe550,2.1,1250,2500,39,0,39,2.0,Critical,2026-01-10 00:00,LP-BHI-05,Bhilai Steel Plant,21.2514,81.1257,11.0168,76.9558,50132,60,None,3531351,Trailer
477,2025-12-29,DO-2026-01-100476,Lloyds Metals,"Surat, Gujarat",GP Coil,14.5,1800,3000,130,0,130,79.9,High,2026-01-11 00:00,LP-VSP-06,Visakhapatnam Steel,17.6869,83.2185,21.1702,72.8311,68154,30,None,1437645,Trailer
478,2025-12-30,DO-2026-01-100477,APL Apollo,"Surat, Gujarat",GP Coil,9.3,1250,12000,125,0,125,136.9,Medium,2026-01-08 00:00,LP-VSP-06,Visakhapatnam Steel,17.6869,83.2185,21.1702,72.8311,73066,30,Tarpaulin Cover,906282,Flatbed
479,2025-12-24,DO-2026-01-100478,Shyam Steel,"Indore, Madhya Pradesh",Color Coated,15.2,1000,12000,126,0,126,180.4,Normal,2026-01-10 00:00,LP-VSP-06,Visakhapatnam Steel,17.6869,83.2185,22.7196,75.8577,70668,45,Express Delivery,2936208,Flatbed
480,2025-12-23,DO-2026-01-100479,SRMB Steel,"Indore, Madhya Pradesh",Color Coated,25.2,2000,6000,87,0,87,206.5,Low,2026-01-16 00:00,LP-VSP-06,Visakhapatnam Steel,17.6869,83.2185,22.7196,75.8577,41740,60,None,3191077,Flatbed
481,2025-12-27,DO-2026-01-100480,Tata Steel Ltd,"Mumbai, Maharashtra",SS304,14.1,2000,2000,35,0,35,15.5,Critical,2026-01-09 00:00,LP-JAM-01,Tata Steel Jamshedpur,22.8046,86.2029,19.076,72.8777,64910,30,Tarpaulin Cover,2141196,LCV
482,2025-12-31,DO-2026-01-100481,JSW Steel,"Mumbai, Maharashtra",SS304,15.4,1800,2500,114,0,114,62.0,High,2026-01-13 00:00,LP-JAM-01,Tata Steel Jamshedpur,22.8046,86.2029,19.076,72.8777,69081,45,Wooden Crating,4805920,LCV
483,2026-01-01,DO-2026-01-100482,SAIL Bokaro,Delhi NCR,SS316L,3.1,1800,2500,63,0,63,6.9,Medium,2026-01-08 00:00,LP-JAM-01,Tata Steel Jamshedpur,22.8046,86.2029,28.7041,77.1025,56211,45,None,2484546,LCV
484,2025-12-26,DO-2026-01-100483,Hindalco Industries,Delhi NCR,SS316L,25.6,1500,6000,84,0,84,151.9,Normal,2026-01-11 00:00,LP-JAM-01,Tata Steel Jamshedpur,22.8046,86.2029,28.7041,77.1025,35043,30,Insurance Mandatory,3468505,HCV
485,2025-12-29,DO-2026-01-100484,Vedanta Resources,"Pune, Maharashtra",MS A36,20.3,2000,3000,31,0,31,29.6,Low,2026-01-13 00:00,LP-KOL-02,Kolkata Steel Depot,22.5726,88.3639,18.5204,73.8567,67674,45,None,3925243,HCV
486,2025-12-29,DO-2026-01-100485,NMDC Ltd,"Pune, Maharashtra",MS A36,17.3,1000,12000,64,0,64,104.3,Critical,2026-01-10 00:00,LP-KOL-02,Kolkata Steel Depot,22.5726,88.3639,18.5204,73.8567,46607,90,None,3644340,HCV
487,2025-12-25,DO-2026-01-100486,Rashtriya Ispat Nigam,"Chennai, Tamil Nadu",CRS,22.6,2000,2000,80,0,80,56.8,High,2026-01-06 00:00,LP-KOL-02,Kolkata Steel Depot,22.5726,88.3639,13.0827,80.2707,60829,45,None,5066285,Covered
488,2025-12-31,DO-2026-01-100487,Essar Steel,"Chennai, Tamil Nadu",CRS,9.3,1250,2500,100,0,100,22.8,Medium,2026-01-09 00:00,LP-KOL-02,Kolkata Steel Depot,22.5726,88.3639,13.0827,80.2707,71454,30,Tarpaulin Cover,4228031,Covered
489,2025-12-23,DO-2026-01-100488,Jindal Steel,"Bengaluru, Karnataka",HRS,10.6,1000,6000,121,0,121,60.4,Normal,2026-01-11 00:00,LP-DUR-03,Durgapur Steel,23.5204,87.3119,12.9716,77.5946,63393,45,Tarpaulin Cover,4196872,Covered
490,2025-12-24,DO-2026-01-100489,Bhushan Steel,"Bengaluru, Karnataka",HRS,8.3,1250,12000,20,0,20,19.5,Low,2026-01-06 00:00,LP-DUR-03,Durgapur Steel,23.5204,87.3119,12.9716,77.5946,40829,30,Express Delivery,1981993,Open
491,2025-12-27,DO-2026-01-100490,AM/NS India,"Hyderabad, Telangana",Galvanized,6.3,1250,12000,25,0,25,18.5,Critical,2026-01-13 00:00,LP-DUR-03,Durgapur Steel,23.5204,87.3119,17.385,78.4867,68936,30,Express Delivery,3127789,Open
492,2025-12-26,DO-2026-01-100491,Lloyds Metals,"Hyderabad, Telangana",Galvanized,7.6,2000,6000,28,0,28,20.0,High,2026-01-06 00:00,LP-DUR-03,Durgapur Steel,23.5204,87.3119,17.385,78.4867,46376,90,Tarpaulin Cover,2275754,Open
493,2025-12-23,DO-2026-01-100492,APL Apollo,"Ahmedabad, Gujarat",TMT Fe500,19.2,1500,2500,97,0,97,54.8,Medium,2026-01-09 00:00,LP-RKL-04,Rourkela Steel Plant,22.2604,84.8536,23.0225,72.5714,61718,30,None,3983488,Trailer
494,2025-12-25,DO-2026-01-100493,Shyam Steel,"Ahmedabad, Gujarat",TMT Fe500,4.8,1250,12000,34,0,34,19.2,Normal,2026-01-14 00:00,LP-RKL-04,Rourkela Steel Plant,22.2604,84.8536,23.0225,72.5714,59511,45,Tarpaulin Cover,2238325,Trailer
495,2025-12-25,DO-2026-01-100494,SRMB Steel,"Jaipur, Rajasthan",TMT Fe550,25.4,2000,2000,78,0,78,62.2,Low,2026-01-12 00:00,LP-RKL-04,Rourkela Steel Plant,22.2604,84.8536,26.9124,75.7873,39701,30,None,1843277,Trailer
496,2025-12-25,DO-2026-01-100495,Tata Steel Ltd,"Jaipur, Rajasthan",TMT Fe550,17.7,1000,6000,133,0,133,110.9,Critical,2026-01-10 00:00,LP-RKL-04,Rourkela Steel Plant,22.2604,84.8536,26.9124,75.7873,56273,30,Tarpaulin Cover,4348345,Flatbed
497,2025-12-28,DO-2026-01-100496,JSW Steel,"Lucknow, Uttar Pradesh",GP Coil,26.4,1800,6000,47,0,47,105.2,High,2026-01-13 00:00,LP-BHI-05,Bhilai Steel Plant,21.2514,81.1257,26.8467,80.9462,77659,30,None,2885051,Flatbed
498,2025-12-24,DO-2026-01-100497,SAIL Bokaro,"Lucknow, Uttar Pradesh",GP Coil,21.9,1000,3000,79,0,79,40.7,Medium,2026-01-12 00:00,LP-BHI-05,Bhilai Steel Plant,21.2514,81.1257,26.8467,80.9462,58781,60,None,809677,Flatbed
499,2025-12-27,DO-2026-01-100498,Hindalco Industries,"Coimbatore, Tamil Nadu",Color Coated,15.6,2000,2000,91,0,91,44.6,Normal,2026-01-14 00:00,LP-BHI-05,Bhilai Steel Plant,21.2514,81.1257,11.0168,76.9558,45462,60,None,1644084,LCV
500,2025-12-29,DO-2026-01-100499,Vedanta Resources,"Coimbatore, Tamil Nadu",Color Coated,13.1,2000,3000,37,0,37,22.8,Low,2026-01-17 00:00,LP-BHI-05,Bhilai Steel Plant,21.2514,81.1257,11.0168,76.9558,67134,90,Tarpaulin Cover,3061569,LCV
501,2025-12-25,DO-2026-01-100500,NMDC Ltd,"Surat, Gujarat",SS304,12.3,1250,6000,105,0,105,76.0,Critical,2026-01-16 00:00,LP-VSP-06,Visakhapatnam Steel,17.6869,83.2185,21.1702,72.8311,68540,90,None,4808074,LCV
502,2025-12-27,DO-2026-01-100501,Rashtriya Ispat Nigam,"Surat, Gujarat",SS304,27.7,2000,3000,50,0,50,65.2,High,2026-01-15 00:00,LP-VSP-06,Visakhapatnam Steel,17.6869,83.2185,21.1702,72.8311,41048,30,Wooden Crating,4496309,HCV
503,2025-12-30,DO-2026-01-100502,Essar Steel,"Indore, Madhya Pradesh",SS316L,20.2,1250,2000,118,0,118,46.8,Medium,2026-01-12 00:00,LP-VSP-06,Visakhapatnam Steel,17.6869,83.2185,22.7196,75.8577,58251,60,Wooden Crating,1186650,HCV
504,2025-12-31,DO-2026-01-100503,Jindal Steel,"Indore, Madhya Pradesh",SS316L,12.1,1000,2000,38,0,38,7.2,Normal,2026-01-11 00:00,LP-VSP-06,Visakhapatnam Steel,17.6869,83.2185,22.7196,75.8577,71337,90,None,2956975,HCV
505,2025-12-27,DO-2026-01-100504,Bhushan Steel,"Mumbai, Maharashtra",MS A36,11.6,2000,2000,46,0,46,16.8,Low,2026-01-10 00:00,LP-JAM-01,Tata Steel Jamshedpur,22.8046,86.2029,19.076,72.8777,72236,60,Tarpaulin Cover,1232034,Covered
506,2026-01-02,DO-2026-01-100505,AM/NS India,"Mumbai, Maharashtra",MS A36,23.3,1800,6000,117,0,117,231.1,Critical,2026-01-07 00:00,LP-JAM-01,Tata Steel Jamshedpur,22.8046,86.2029,19.076,72.8777,75049,60,None,5032785,Covered
507,2025-12-23,DO-2026-01-100506,Lloyds Metals,Delhi NCR,CRS,20.2,2000,2500,84,0,84,66.6,High,2026-01-04 00:00,LP-JAM-01,Tata Steel Jamshedpur,22.8046,86.2029,28.7041,77.1025,55575,45,Tarpaulin Cover,2070742,Covered
508,2025-12-23,DO-2026-01-100507,APL Apollo,Delhi NCR,CRS,27.9,1800,3000,29,0,29,34.3,Medium,2026-01-10 00:00,LP-JAM-01,Tata Steel Jamshedpur,22.8046,86.2029,28.7041,77.1025,58571,45,None,1325602,Open
509,2025-12-24,DO-2026-01-100508,Shyam Steel,"Pune, Maharashtra",HRS,4.3,1500,12000,135,0,135,82.0,Normal,2026-01-09 00:00,LP-KOL-02,Kolkata Steel Depot,22.5726,88.3639,18.5204,73.8567,54772,60,None,2381795,Open
510,2025-12-29,DO-2026-01-100509,SRMB Steel,"Pune, Maharashtra",HRS,26.2,2000,2000,76,0,76,62.5,Low,2026-01-06 00:00,LP-KOL-02,Kolkata Steel Depot,22.5726,88.3639,18.5204,73.8567,58681,30,Tarpaulin Cover,4970888,Open
511,2025-12-29,DO-2026-01-100510,Tata Steel Ltd,"Chennai, Tamil Nadu",Galvanized,10.8,1000,12000,55,0,55,56.0,Critical,2026-01-12 00:00,LP-KOL-02,Kolkata Steel Depot,22.5726,88.3639,13.0827,80.2707,69676,60,Tarpaulin Cover,3913178,Trailer
512,2025-12-26,DO-2026-01-100511,JSW Steel,"Chennai, Tamil Nadu",Galvanized,14.6,1250,3000,90,0,90,38.7,High,2026-01-14 00:00,LP-KOL-02,Kolkata Steel Depot,22.5726,88.3639,13.0827,80.2707,62193,30,None,2912748,Trailer
513,2025-12-28,DO-2026-01-100512,SAIL Bokaro,"Bengaluru, Karnataka",TMT Fe500,11.9,1250,2500,26,0,26,7.6,Medium,2026-01-10 00:00,LP-DUR-03,Durgapur Steel,23.5204,87.3119,12.9716,77.5946,55140,30,Tarpaulin Cover,2959137,Trailer
514,2026-01-01,DO-2026-01-100513,Hindalco Industries,"Bengaluru, Karnataka",TMT Fe500,9.5,1800,3000,49,0,49,19.7,Normal,2026-01-12 00:00,LP-DUR-03,Durgapur Steel,23.5204,87.3119,12.9716,77.5946,43697,90,None,2583465,Flatbed
515,2025-12-26,DO-2026-01-100514,Vedanta Resources,"Hyderabad, Telangana",TMT Fe550,16.9,1250,2500,132,0,132,54.7,Low,2026-01-15 00:00,LP-DUR-03,Durgapur Steel,23.5204,87.3119,17.385,78.4867,45085,45,Wooden Crating,2976381,Flatbed
516,2025-12-28,DO-2026-01-100515,NMDC Ltd,"Hyderabad, Telangana",TMT Fe550,8.0,1250,12000,44,0,44,41.4,Critical,2026-01-06 00:00,LP-DUR-03,Durgapur Steel,23.5204,87.3119,17.385,78.4867,38991,30,Express Delivery,4882772,Flatbed
517,2025-12-26,DO-2026-01-100516,Rashtriya Ispat Nigam,"Ahmedabad, Gujarat",GP Coil,2.2,2000,2000,96,0,96,6.6,High,2026-01-09 00:00,LP-RKL-04,Rourkela Steel Plant,22.2604,84.8536,23.0225,72.5714,72676,60,None,3054627,LCV
518,2025-12-27,DO-2026-01-100517,Essar Steel,"Ahmedabad, Gujarat",GP Coil,6.8,2000,3000,80,0,80,25.6,Medium,2026-01-07 00:00,LP-RKL-04,Rourkela Steel Plant,22.2604,84.8536,23.0225,72.5714,69792,45,None,4299856,LCV
519,2025-12-28,DO-2026-01-100518,Jindal Steel,"Jaipur, Rajasthan",Color Coated,26.4,1000,12000,79,0,79,196.5,Normal,2026-01-10 00:00,LP-RKL-04,Rourkela Steel Plant,22.2604,84.8536,26.9124,75.7873,76979,45,None,1759721,LCV
520,2026-01-02,DO-2026-01-100519,Bhushan Steel,"Jaipur, Rajasthan",Color Coated,15.5,1500,2000,107,0,107,39.1,Low,2026-01-14 00:00,LP-RKL-04,Rourkela Steel Plant,22.2604,84.8536,26.9124,75.7873,45811,90,Tarpaulin Cover,3479956,HCV
521,2025-12-25,DO-2026-01-100520,AM/NS India,"Lucknow, Uttar Pradesh",SS304,17.9,1500,2500,64,0,64,33.7,Critical,2026-01-08 00:00,LP-BHI-05,Bhilai Steel Plant,21.2514,81.1257,26.8467,80.9462,47541,60,None,3628101,HCV
522,2025-12-27,DO-2026-01-100521,Lloyds Metals,"Lucknow, Uttar Pradesh",SS304,6.8,1800,2500,64,0,64,15.4,High,2026-01-15 00:00,LP-BHI-05,Bhilai Steel Plant,21.2514,81.1257,26.8467,80.9462,56399,60,Express Delivery,3095702,HCV
523,2025-12-23,DO-2026-01-100522,APL Apollo,"Coimbatore, Tamil Nadu",SS316L,6.7,1250,12000,75,0,75,59.2,Medium,2026-01-07 00:00,LP-BHI-05,Bhilai Steel Plant,21.2514,81.1257,11.0168,76.9558,38545,60,Wooden Crating,4375713,Covered
524,2025-12-26,DO-2026-01-100523,Shyam Steel,"Coimbatore, Tamil Nadu",SS316L,11.9,1250,2500,127,0,127,37.1,Normal,2026-01-16 00:00,LP-BHI-05,Bhilai Steel Plant,21.2514,81.1257,11.0168,76.9558,32638,45,None,1878030,Covered
525,2025-12-28,DO-2026-01-100524,SRMB Steel,"Surat, Gujarat",MS A36,24.1,2000,12000,132,0,132,599.3,Low,2026-01-16 00:00,LP-VSP-06,Visakhapatnam Steel,17.6869,83.2185,21.1702,72.8311,63891,60,None,1150214,Covered
526,2025-12-30,DO-2026-01-100525,Tata Steel Ltd,"Surat, Gujarat",MS A36,4.6,1250,2000,68,0,68,6.1,Critical,2026-01-17 00:00,LP-VSP-06,Visakhapatnam Steel,17.6869,83.2185,21.1702,72.8311,48665,90,Wooden Crating,1557838,Open
527,2025-12-28,DO-2026-01-100526,JSW Steel,"Indore, Madhya Pradesh",CRS,21.4,1500,3000,75,0,75,56.7,High,2026-01-12 00:00,LP-VSP-06,Visakhapatnam Steel,17.6869,83.2185,22.7196,75.8577,68535,60,None,4204100,Open
528,2025-12-24,DO-2026-01-100527,SAIL Bokaro,"Indore, Madhya Pradesh",CRS,11.1,2000,2500,33,0,33,14.4,Medium,2026-01-13 00:00,LP-VSP-06,Visakhapatnam Steel,17.6869,83.2185,22.7196,75.8577,74589,45,Insurance Mandatory,3137471,Open
529,2025-12-26,DO-2026-01-100528,Hindalco Industries,"Mumbai, Maharashtra",HRS,10.5,2000,6000,63,0,63,62.3,Normal,2026-01-05 00:00,LP-JAM-01,Tata Steel Jamshedpur,22.8046,86.2029,19.076,72.8777,56973,60,None,1965075,Trailer
530,2025-12-23,DO-2026-01-100529,Vedanta Resources,"Mumbai, Maharashtra",HRS,6.4,1500,6000,129,0,129,58.3,Low,2026-01-13 00:00,LP-JAM-01,Tata Steel Jamshedpur,22.8046,86.2029,19.076,72.8777,69462,90,Wooden Crating,1348477,Trailer
531,2025-12-28,DO-2026-01-100530,NMDC Ltd,Delhi NCR,Galvanized,6.2,1250,3000,28,0,28,5.1,Critical,2026-01-14 00:00,LP-JAM-01,Tata Steel Jamshedpur,22.8046,86.2029,28.7041,77.1025,51094,60,Tarpaulin Cover,4067319,Trailer
532,2025-12-25,DO-2026-01-100531,Rashtriya Ispat Nigam,Delhi NCR,Galvanized,25.1,1500,12000,52,0,52,184.4,High,2026-01-11 00:00,LP-JAM-01,Tata Steel Jamshedpur,22.8046,86.2029,28.7041,77.1025,59131,45,None,943786,Flatbed
533,2025-12-30,DO-2026-01-100532,Essar Steel,"Pune, Maharashtra",TMT Fe500,20.9,1500,2000,34,0,34,16.7,Medium,2026-01-06 00:00,LP-KOL-02,Kolkata Steel Depot,22.5726,88.3639,18.5204,73.8567,58020,30,None,4719370,Flatbed
534,2026-01-01,DO-2026-01-100533,Jindal Steel,"Pune, Maharashtra",TMT Fe500,3.4,1800,12000,88,0,88,50.7,Normal,2026-01-05 00:00,LP-KOL-02,Kolkata Steel Depot,22.5726,88.3639,18.5204,73.8567,49200,45,None,4020267,Flatbed
535,2025-12-23,DO-2026-01-100534,Bhushan Steel,"Chennai, Tamil Nadu",TMT Fe550,8.0,1500,6000,57,0,57,32.2,Low,2026-01-06 00:00,LP-KOL-02,Kolkata Steel Depot,22.5726,88.3639,13.0827,80.2707,40603,45,None,3743401,LCV
536,2025-12-25,DO-2026-01-100535,AM/NS India,"Chennai, Tamil Nadu",TMT Fe550,25.8,1800,6000,128,0,128,280.0,Critical,2026-01-08 00:00,LP-KOL-02,Kolkata Steel Depot,22.5726,88.3639,13.0827,80.2707,67949,90,None,2235090,LCV
537,2025-12-25,DO-2026-01-100536,Lloyds Metals,"Bengaluru, Karnataka",GP Coil,17.5,2000,6000,93,0,93,153.3,High,2026-01-14 00:00,LP-DUR-03,Durgapur Steel,23.5204,87.3119,12.9716,77.5946,73912,60,Express Delivery,4790387,LCV
538,2025-12-29,DO-2026-01-100537,APL Apollo,"Bengaluru, Karnataka",GP Coil,7.9,1000,6000,87,0,87,32.4,Medium,2026-01-09 00:00,LP-DUR-03,Durgapur Steel,23.5204,87.3119,12.9716,77.5946,59014,60,None,838548,HCV
539,2025-12-29,DO-2026-01-100538,Shyam Steel,"Hyderabad, Telangana",Color Coated,15.6,1250,3000,18,0,18,8.3,Normal,2026-01-11 00:00,LP-DUR-03,Durgapur Steel,23.5204,87.3119,17.385,78.4867,67068,30,Tarpaulin Cover,4876621,HCV
540,2025-12-29,DO-2026-01-100539,SRMB Steel,"Hyderabad, Telangana",Color Coated,14.4,1000,6000,114,0,114,77.3,Low,2026-01-13 00:00,LP-DUR-03,Durgapur Steel,23.5204,87.3119,17.385,78.4867,47152,30,None,2331848,HCV
541,2025-12-30,DO-2026-01-100540,Tata Steel Ltd,"Ahmedabad, Gujarat",SS304,24.9,1800,6000,70,0,70,147.8,Critical,2026-01-06 00:00,LP-RKL-04,Rourkela Steel Plant,22.2604,84.8536,23.0225,72.5714,74335,90,Wooden Crating,2600463,Covered
542,2025-12-24,DO-2026-01-100541,JSW Steel,"Ahmedabad, Gujarat",SS304,4.1,1250,12000,51,0,51,24.6,High,2026-01-16 00:00,LP-RKL-04,Rourkela Steel Plant,22.2604,84.8536,23.0225,72.5714,77477,60,None,3005042,Covered
543,2025-12-31,DO-2026-01-100542,SAIL Bokaro,"Jaipur, Rajasthan",SS316L,6.9,1000,2500,70,0,70,9.5,Medium,2026-01-08 00:00,LP-RKL-04,Rourkela Steel Plant,22.2604,84.8536,26.9124,75.7873,39232,90,Tarpaulin Cover,3032826,Covered
544,2026-01-02,DO-2026-01-100543,Hindalco Industries,"Jaipur, Rajasthan",SS316L,18.2,1250,3000,107,0,107,57.3,Normal,2026-01-06 00:00,LP-RKL-04,Rourkela Steel Plant,22.2604,84.8536,26.9124,75.7873,35252,30,None,1607932,Open
545,2025-12-30,DO-2026-01-100544,Vedanta Resources,"Lucknow, Uttar Pradesh",MS A36,9.0,1800,2000,54,0,54,13.7,Low,2026-01-05 00:00,LP-BHI-05,Bhilai Steel Plant,21.2514,81.1257,26.8467,80.9462,41875,30,None,3618172,Open
546,2025-12-26,DO-2026-01-100545,NMDC Ltd,"Lucknow, Uttar Pradesh",MS A36,10.1,1800,3000,71,0,71,30.4,Critical,2026-01-15 00:00,LP-BHI-05,Bhilai Steel Plant,21.2514,81.1257,26.8467,80.9462,34079,60,None,1975473,Open
547,2025-12-25,DO-2026-01-100546,Rashtriya Ispat Nigam,"Coimbatore, Tamil Nadu",CRS,8.9,1800,2000,25,0,25,6.3,High,2026-01-11 00:00,LP-BHI-05,Bhilai Steel Plant,21.2514,81.1257,11.0168,76.9558,43901,45,Express Delivery,2847818,Trailer
548,2025-12-30,DO-2026-01-100547,Essar Steel,"Coimbatore, Tamil Nadu",CRS,11.9,1000,2000,122,0,122,22.8,Medium,2026-01-10 00:00,LP-BHI-05,Bhilai Steel Plant,21.2514,81.1257,11.0168,76.9558,61029,45,Wooden Crating,1031104,Trailer
549,2025-12-23,DO-2026-01-100548,Jindal Steel,"Surat, Gujarat",HRS,14.0,1000,12000,43,0,43,56.7,Normal,2026-01-07 00:00,LP-VSP-06,Visakhapatnam Steel,17.6869,83.2185,21.1702,72.8311,62987,90,Tarpaulin Cover,3368163,Trailer
550,2025-12-25,DO-2026-01-100549,Bhushan Steel,"Surat, Gujarat",HRS,6.1,1000,12000,59,0,59,33.9,Low,2026-01-05 00:00,LP-VSP-06,Visakhapatnam Steel,17.6869,83.2185,21.1702,72.8311,48601,90,Tarpaulin Cover,2417014,Flatbed
551,2025-12-30,DO-2026-01-100550,AM/NS India,"Indore, Madhya Pradesh",Galvanized,25.1,1250,2000,64,0,64,31.5,Critical,2026-01-14 00:00,LP-VSP-06,Visakhapatnam Steel,17.6869,83.2185,22.7196,75.8577,60453,60,None,3066095,Flatbed
552,2026-01-02,DO-2026-01-100551,Lloyds Metals,"Indore, Madhya Pradesh",Galvanized,5.1,1250,2000,92,0,92,9.2,High,2026-01-13 00:00,LP-VSP-06,Visakhapatnam Steel,17.6869,83.2185,22.7196,75.8577,77269,90,Tarpaulin Cover,2050166,Flatbed
553,2025-12-26,DO-2026-01-100552,APL Apollo,"Mumbai, Maharashtra",TMT Fe500,22.0,1250,2500,65,0,65,35.1,Medium,2026-01-05 00:00,LP-JAM-01,Tata Steel Jamshedpur,22.8046,86.2029,19.076,72.8777,76954,60,Express Delivery,1253755,LCV
554,2026-01-01,DO-2026-01-100553,Shyam Steel,"Mumbai, Maharashtra",TMT Fe500,11.2,1250,12000,25,0,25,33.0,Normal,2026-01-06 00:00,LP-JAM-01,Tata Steel Jamshedpur,22.8046,86.2029,19.076,72.8777,63971,45,None,3663512,LCV
555,2025-12-27,DO-2026-01-100554,SRMB Steel,Delhi NCR,TMT Fe550,25.2,1250,2000,121,0,121,59.8,Low,2026-01-09 00:00,LP-JAM-01,Tata Steel Jamshedpur,22.8046,86.2029,28.7041,77.1025,40829,60,Express Delivery,4821009,LCV
556,2025-12-26,DO-2026-01-100555,Tata Steel Ltd,Delhi NCR,TMT Fe550,13.4,1500,12000,108,0,108,204.5,Critical,2026-01-07 00:00,LP-JAM-01,Tata Steel Jamshedpur,22.8046,86.2029,28.7041,77.1025,69139,45,None,3465231,HCV
557,2025-12-31,DO-2026-01-100556,JSW Steel,"Pune, Maharashtra",GP Coil,14.2,2000,12000,111,0,111,297.0,High,2026-01-05 00:00,LP-KOL-02,Kolkata Steel Depot,22.5726,88.3639,18.5204,73.8567,66808,45,None,2959133,HCV
558,2025-12-27,DO-2026-01-100557,SAIL Bokaro,"Pune, Maharashtra",GP Coil,11.5,1000,12000,87,0,87,94.2,Medium,2026-01-15 00:00,LP-KOL-02,Kolkata Steel Depot,22.5726,88.3639,18.5204,73.8567,44159,30,Tarpaulin Cover,3804084,HCV
559,2025-12-23,DO-2026-01-100558,Hindalco Industries,"Chennai, Tamil Nadu",Color Coated,18.1,1500,2000,117,0,117,49.9,Normal,2026-01-12 00:00,LP-KOL-02,Kolkata Steel Depot,22.5726,88.3639,13.0827,80.2707,57394,45,None,4923744,Covered
560,2025-12-28,DO-2026-01-100559,Vedanta Resources,"Chennai, Tamil Nadu",Color Coated,16.3,2000,3000,116,0,116,89.1,Low,2026-01-10 00:00,LP-KOL-02,Kolkata Steel Depot,22.5726,88.3639,13.0827,80.2707,74002,60,None,5138924,Covered
561,2026-01-02,DO-2026-01-100560,NMDC Ltd,"Bengaluru, Karnataka",SS304,3.7,1250,2500,102,0,102,9.3,Critical,2026-01-07 00:00,LP-DUR-03,Durgapur Steel,23.5204,87.3119,12.9716,77.5946,39015,90,None,1016901,Covered
562,2025-12-25,DO-2026-01-100561,Rashtriya Ispat Nigam,"Bengaluru, Karnataka",SS304,18.7,1800,6000,91,0,91,144.3,High,2026-01-13 00:00,LP-DUR-03,Durgapur Steel,23.5204,87.3119,12.9716,77.5946,77961,60,None,2601556,Open
563,2025-12-23,DO-2026-01-100562,Essar Steel,"Hyderabad, Telangana",SS316L,20.7,1000,2500,95,0,95,38.6,Medium,2026-01-11 00:00,LP-DUR-03,Durgapur Steel,23.5204,87.3119,17.385,78.4867,37240,90,Wooden Crating,1259190,Open
564,2026-01-02,DO-2026-01-100563,Jindal Steel,"Hyderabad, Telangana",SS316L,16.5,1800,3000,64,0,64,44.8,Normal,2026-01-17 00:00,LP-DUR-03,Durgapur Steel,23.5204,87.3119,17.385,78.4867,72431,60,None,1340458,Open
565,2026-01-01,DO-2026-01-100564,Bhushan Steel,"Ahmedabad, Gujarat",MS A36,9.9,1250,12000,124,0,124,144.5,Low,2026-01-05 00:00,LP-RKL-04,Rourkela Steel Plant,22.2604,84.8536,23.0225,72.5714,47139,90,None,5164018,Trailer
566,2025-12-25,DO-2026-01-100565,AM/NS India,"Ahmedabad, Gujarat",MS A36,8.5,1250,12000,102,0,102,102.1,Critical,2026-01-10 00:00,LP-RKL-04,Rourkela Steel Plant,22.2604,84.8536,23.0225,72.5714,38914,60,Tarpaulin Cover,4332564,Trailer
567,2025-12-27,DO-2026-01-100566,Lloyds Metals,"Jaipur, Rajasthan",CRS,4.7,1250,12000,131,0,131,72.5,High,2026-01-12 00:00,LP-RKL-04,Rourkela Steel Plant,22.2604,84.8536,26.9124,75.7873,54119,45,None,4466255,Trailer
568,2025-12-28,DO-2026-01-100567,APL Apollo,"Jaipur, Rajasthan",CRS,25.5,2000,3000,63,0,63,75.7,Medium,2026-01-10 00:00,LP-RKL-04,Rourkela Steel Plant,22.2604,84.8536,26.9124,75.7873,73500,90,Wooden Crating,3463302,Flatbed
569,2025-12-27,DO-2026-01-100568,Shyam Steel,"Lucknow, Uttar Pradesh",HRS,8.3,2000,2500,95,0,95,30.9,Normal,2026-01-16 00:00,LP-BHI-05,Bhilai Steel Plant,21.2514,81.1257,26.8467,80.9462,68060,60,None,4545035,Flatbed
570,2025-12-29,DO-2026-01-100569,SRMB Steel,"Lucknow, Uttar Pradesh",HRS,27.0,1000,2000,75,0,75,31.8,Low,2026-01-13 00:00,LP-BHI-05,Bhilai Steel Plant,21.2514,81.1257,26.8467,80.9462,33068,45,Insurance Mandatory,3282031,Flatbed
571,2025-12-28,DO-2026-01-100570,Tata Steel Ltd,"Coimbatore, Tamil Nadu",Galvanized,9.8,1250,2500,18,0,18,4.3,Critical,2026-01-04 00:00,LP-BHI-05,Bhilai Steel Plant,21.2514,81.1257,11.0168,76.9558,77201,60,Express Delivery,5038856,LCV
572,2026-01-01,DO-2026-01-100571,JSW Steel,"Coimbatore, Tamil Nadu",Galvanized,16.8,2000,2500,89,0,89,58.7,High,2026-01-04 00:00,LP-BHI-05,Bhilai Steel Plant,21.2514,81.1257,11.0168,76.9558,62170,60,None,2972881,LCV
573,2025-12-29,DO-2026-01-100572,SAIL Bokaro,"Surat, Gujarat",TMT Fe500,25.1,1250,2500,64,0,64,39.4,Medium,2026-01-16 00:00,LP-VSP-06,Visakhapatnam Steel,17.6869,83.2185,21.1702,72.8311,51680,30,Tarpaulin Cover,2573996,LCV
574,2025-12-31,DO-2026-01-100573,Hindalco Industries,"Surat, Gujarat",TMT Fe500,4.0,1500,6000,111,0,111,31.4,Normal,2026-01-11 00:00,LP-VSP-06,Visakhapatnam Steel,17.6869,83.2185,21.1702,72.8311,77193,30,Tarpaulin Cover,3269881,HCV
575,2026-01-01,DO-2026-01-100574,Vedanta Resources,"Indore, Madhya Pradesh",TMT Fe550,21.0,2000,6000,22,0,22,43.5,Low,2026-01-16 00:00,LP-VSP-06,Visakhapatnam Steel,17.6869,83.2185,22.7196,75.8577,35664,60,None,4393209,HCV
576,2025-12-23,DO-2026-01-100575,NMDC Ltd,"Indore, Madhya Pradesh",TMT Fe550,26.2,1000,2500,71,0,71,36.5,Critical,2026-01-17 00:00,LP-VSP-06,Visakhapatnam Steel,17.6869,83.2185,22.7196,75.8577,71472,30,Tarpaulin Cover,3958533,HCV
577,2025-12-25,DO-2026-01-100576,Rashtriya Ispat Nigam,"Mumbai, Maharashtra",GP Coil,9.9,1000,3000,24,0,24,5.6,High,2026-01-13 00:00,LP-JAM-01,Tata Steel Jamshedpur,22.8046,86.2029,19.076,72.8777,41802,60,None,2602180,Covered
578,2025-12-24,DO-2026-01-100577,Essar Steel,"Mumbai, Maharashtra",GP Coil,3.3,1800,6000,37,0,37,10.4,Medium,2026-01-13 00:00,LP-JAM-01,Tata Steel Jamshedpur,22.8046,86.2029,19.076,72.8777,65077,30,None,3180876,Covered
579,2026-01-01,DO-2026-01-100578,Jindal Steel,Delhi NCR,Color Coated,12.3,1250,3000,118,0,118,42.7,Normal,2026-01-11 00:00,LP-JAM-01,Tata Steel Jamshedpur,22.8046,86.2029,28.7041,77.1025,69449,30,None,2952495,Covered
580,2025-12-31,DO-2026-01-100579,Bhushan Steel,Delhi NCR,Color Coated,12.4,1800,2500,28,0,28,12.3,Low,2026-01-11 00:00,LP-JAM-01,Tata Steel Jamshedpur,22.8046,86.2029,28.7041,77.1025,68654,45,None,2395000,Open
581,2025-12-30,DO-2026-01-100580,AM/NS India,"Pune, Maharashtra",SS304,18.0,2000,2500,89,0,89,62.9,Critical,2026-01-05 00:00,LP-KOL-02,Kolkata Steel Depot,22.5726,88.3639,18.5204,73.8567,49449,90,None,1501574,Open
582,2025-12-28,DO-2026-01-100581,Lloyds Metals,"Pune, Maharashtra",SS304,19.5,1800,3000,32,0,32,26.5,High,2026-01-07 00:00,LP-KOL-02,Kolkata Steel Depot,22.5726,88.3639,18.5204,73.8567,53019,60,Tarpaulin Cover,953061,Open
583,2025-12-26,DO-2026-01-100582,APL Apollo,"Chennai, Tamil Nadu",SS316L,9.9,1500,12000,116,0,116,162.3,Medium,2026-01-13 00:00,LP-KOL-02,Kolkata Steel Depot,22.5726,88.3639,13.0827,80.2707,41556,90,None,2708652,Trailer
584,2026-01-01,DO-2026-01-100583,Shyam Steel,"Chennai, Tamil Nadu",SS316L,19.8,1250,2000,43,0,43,16.7,Normal,2026-01-15 00:00,LP-KOL-02,Kolkata Steel Depot,22.5726,88.3639,13.0827,80.2707,35574,45,Express Delivery,1988805,Trailer
585,2025-12-28,DO-2026-01-100584,SRMB Steel,"Bengaluru, Karnataka",MS A36,23.6,1500,2000,129,0,129,71.7,Low,2026-01-15 00:00,LP-DUR-03,Durgapur Steel,23.5204,87.3119,12.9716,77.5946,39292,60,None,940825,Trailer
586,2025-12-30,DO-2026-01-100585,Tata Steel Ltd,"Bengaluru, Karnataka",MS A36,7.4,2000,2500,60,0,60,17.4,Critical,2026-01-12 00:00,LP-DUR-03,Durgapur Steel,23.5204,87.3119,12.9716,77.5946,66292,60,None,1935708,Flatbed
587,2025-12-24,DO-2026-01-100586,JSW Steel,"Hyderabad, Telangana",CRS,20.2,1000,6000,106,0,106,100.9,High,2026-01-14 00:00,LP-DUR-03,Durgapur Steel,23.5204,87.3119,17.385,78.4867,66524,30,None,1254239,Flatbed
588,2026-01-02,DO-2026-01-100587,SAIL Bokaro,"Hyderabad, Telangana",CRS,7.2,2000,3000,54,0,54,18.3,Medium,2026-01-11 00:00,LP-DUR-03,Durgapur Steel,23.5204,87.3119,17.385,78.4867,74910,30,None,3025916,Flatbed
589,2026-01-02,DO-2026-01-100588,Hindalco Industries,"Ahmedabad, Gujarat",HRS,24.2,1500,2000,102,0,102,58.1,Normal,2026-01-08 00:00,LP-RKL-04,Rourkela Steel Plant,22.2604,84.8536,23.0225,72.5714,74559,90,None,3943553,LCV
590,2025-12-26,DO-2026-01-100589,Vedanta Resources,"Ahmedabad, Gujarat",HRS,27.4,1000,3000,83,0,83,53.6,Low,2026-01-17 00:00,LP-RKL-04,Rourkela Steel Plant,22.2604,84.8536,23.0225,72.5714,71131,30,None,4949763,LCV
591,2025-12-30,DO-2026-01-100590,NMDC Ltd,"Jaipur, Rajasthan",Galvanized,16.6,1000,2000,76,0,76,19.8,Critical,2026-01-12 00:00,LP-RKL-04,Rourkela Steel Plant,22.2604,84.8536,26.9124,75.7873,51983,60,None,2067055,LCV
592,2025-12-23,DO-2026-01-100591,Rashtriya Ispat Nigam,"Jaipur, Rajasthan",Galvanized,11.0,1500,3000,20,0,20,7.8,High,2026-01-08 00:00,LP-RKL-04,Rourkela Steel Plant,22.2604,84.8536,26.9124,75.7873,47479,60,Wooden Crating,2911571,HCV
593,2025-12-29,DO-2026-01-100592,Essar Steel,"Lucknow, Uttar Pradesh",TMT Fe500,12.1,1000,12000,130,0,130,148.2,Medium,2026-01-07 00:00,LP-BHI-05,Bhilai Steel Plant,21.2514,81.1257,26.8467,80.9462,41942,60,Express Delivery,1901426,HCV
594,2025-12-23,DO-2026-01-100593,Jindal Steel,"Lucknow, Uttar Pradesh",TMT Fe500,21.0,2000,12000,29,0,29,114.7,Normal,2026-01-14 00:00,LP-BHI-05,Bhilai Steel Plant,21.2514,81.1257,26.8467,80.9462,46904,90,None,2031352,HCV
595,2025-12-26,DO-2026-01-100594,Bhushan Steel,"Coimbatore, Tamil Nadu",TMT Fe550,27.2,2000,3000,72,0,72,92.2,Low,2026-01-12 00:00,LP-BHI-05,Bhilai Steel Plant,21.2514,81.1257,11.0168,76.9558,40635,45,Tarpaulin Cover,2447101,Covered
596,2025-12-27,DO-2026-01-100595,AM/NS India,"Coimbatore, Tamil Nadu",TMT Fe550,5.6,2000,2500,128,0,128,28.1,Critical,2026-01-16 00:00,LP-BHI-05,Bhilai Steel Plant,21.2514,81.1257,11.0168,76.9558,41512,45,None,1743104,Covered
597,2025-12-28,DO-2026-01-100596,Lloyds Metals,"Surat, Gujarat",GP Coil,10.3,1250,2000,41,0,41,8.3,High,2026-01-10 00:00,LP-VSP-06,Visakhapatnam Steel,17.6869,83.2185,21.1702,72.8311,58951,60,None,3046768,Covered
598,2025-12-31,DO-2026-01-100597,APL Apollo,"Surat, Gujarat",GP Coil,22.3,1000,2500,37,0,37,16.2,Medium,2026-01-04 00:00,LP-VSP-06,Visakhapatnam Steel,17.6869,83.2185,21.1702,72.8311,72106,60,Tarpaulin Cover,2687024,Open
599,2026-01-01,DO-2026-01-100598,Shyam Steel,"Indore, Madhya Pradesh",Color Coated,8.0,1000,3000,94,0,94,17.7,Normal,2026-01-15 00:00,LP-VSP-06,Visakhapatnam Steel,17.6869,83.2185,22.7196,75.8577,63234,45,None,4682273,Open
600,2025-12-26,DO-2026-01-100599,SRMB Steel,"Indore, Madhya Pradesh",Color Coated,18.9,1250,6000,109,0,109,121.3,Low,2026-01-11 00:00,LP-VSP-06,Visakhapatnam Steel,17.6869,83.2185,22.7196,75.8577,41012,45,None,1020361,Open
601,2025-12-27,DO-2026-01-100600,Tata Steel Ltd,"Mumbai, Maharashtra",SS304,21.9,1000,3000,70,0,70,36.1,Critical,2026-01-07 00:00,LP-JAM-01,Tata Steel Jamshedpur,22.8046,86.2029,19.076,72.8777,75996,45,Wooden Crating,1304791,Trailer
602,2025-12-26,DO-2026-01-100601,JSW Steel,"Mumbai, Maharashtra",SS304,26.1,1800,12000,40,0,40,177.0,High,2026-01-15 00:00,LP-JAM-01,Tata Steel Jamshedpur,22.8046,86.2029,19.076,72.8777,53292,90,Express Delivery,4336597,Trailer
603,2025-12-28,DO-2026-01-100602,SAIL Bokaro,Delhi NCR,SS316L,22.2,2000,6000,69,0,69,144.3,Medium,2026-01-10 00:00,LP-JAM-01,Tata Steel Jamshedpur,22.8046,86.2029,28.7041,77.1025,72075,30,None,4538375,Trailer
604,2025-12-25,DO-2026-01-100603,Hindalco Industries,Delhi NCR,SS316L,23.5,1000,2500,76,0,76,35.1,Normal,2026-01-12 00:00,LP-JAM-01,Tata Steel Jamshedpur,22.8046,86.2029,28.7041,77.1025,57926,30,Tarpaulin Cover,5079584,Flatbed
605,2025-12-29,DO-2026-01-100604,Vedanta Resources,"Pune, Maharashtra",MS A36,18.4,1000,2500,115,0,115,41.5,Low,2026-01-11 00:00,LP-KOL-02,Kolkata Steel Depot,22.5726,88.3639,18.5204,73.8567,58085,60,Wooden Crating,3148425,Flatbed
606,2026-01-02,DO-2026-01-100605,NMDC Ltd,"Pune, Maharashtra",MS A36,6.3,1500,12000,77,0,77,68.5,Critical,2026-01-15 00:00,LP-KOL-02,Kolkata Steel Depot,22.5726,88.3639,18.5204,73.8567,65880,45,None,4539118,Flatbed
607,2025-12-24,DO-2026-01-100606,Rashtriya Ispat Nigam,"Chennai, Tamil Nadu",CRS,20.8,1000,2500,29,0,29,11.8,High,2026-01-15 00:00,LP-KOL-02,Kolkata Steel Depot,22.5726,88.3639,13.0827,80.2707,67809,45,None,3463386,LCV
608,2025-12-30,DO-2026-01-100607,Essar Steel,"Chennai, Tamil Nadu",CRS,2.6,1800,12000,75,0,75,33.1,Medium,2026-01-11 00:00,LP-KOL-02,Kolkata Steel Depot,22.5726,88.3639,13.0827,80.2707,37910,60,None,2125681,LCV
609,2025-12-26,DO-2026-01-100608,Jindal Steel,"Bengaluru, Karnataka",HRS,21.1,1000,2000,109,0,109,36.1,Normal,2026-01-14 00:00,LP-DUR-03,Durgapur Steel,23.5204,87.3119,12.9716,77.5946,55785,30,None,3971958,LCV
610,2025-12-31,DO-2026-01-100609,Bhushan Steel,"Bengaluru, Karnataka",HRS,22.6,2000,12000,111,0,111,472.6,Low,2026-01-10 00:00,LP-DUR-03,Durgapur Steel,23.5204,87.3119,12.9716,77.5946,68067,90,None,2183487,HCV
611,2025-12-31,DO-2026-01-100610,AM/NS India,"Hyderabad, Telangana",Galvanized,10.7,1250,2500,134,0,134,35.2,Critical,2026-01-06 00:00,LP-DUR-03,Durgapur Steel,23.5204,87.3119,17.385,78.4867,35362,90,None,4493485,HCV
612,2025-12-30,DO-2026-01-100611,Lloyds Metals,"Hyderabad, Telangana",Galvanized,18.3,1000,2500,54,0,54,19.4,High,2026-01-04 00:00,LP-DUR-03,Durgapur Steel,23.5204,87.3119,17.385,78.4867,72800,60,None,4924402,HCV
613,2025-12-26,DO-2026-01-100612,APL Apollo,"Ahmedabad, Gujarat",TMT Fe500,15.0,1000,12000,127,0,127,179.5,Medium,2026-01-07 00:00,LP-RKL-04,Rourkela Steel Plant,22.2604,84.8536,23.0225,72.5714,46213,90,None,4456719,Covered
614,2025-12-25,DO-2026-01-100613,Shyam Steel,"Ahmedabad, Gujarat",TMT Fe500,17.6,1000,2500,28,0,28,9.7,Normal,2026-01-08 00:00,LP-RKL-04,Rourkela Steel Plant,22.2604,84.8536,23.0225,72.5714,72616,45,None,1993662,Covered
615,2026-01-02,DO-2026-01-100614,SRMB Steel,"Jaipur, Rajasthan",TMT Fe550,19.0,1000,2500,25,0,25,9.3,Low,2026-01-14 00:00,LP-RKL-04,Rourkela Steel Plant,22.2604,84.8536,26.9124,75.7873,69885,60,None,1485703,Covered
616,2025-12-23,DO-2026-01-100615,Tata Steel Ltd,"Jaipur, Rajasthan",TMT Fe550,4.8,1250,2500,24,0,24,2.8,Critical,2026-01-08 00:00,LP-RKL-04,Rourkela Steel Plant,22.2604,84.8536,26.9124,75.7873,72048,45,Insurance Mandatory,3771481,Open
617,2025-12-28,DO-2026-01-100616,JSW Steel,"Lucknow, Uttar Pradesh",GP Coil,4.4,1500,3000,22,0,22,3.4,High,2026-01-10 00:00,LP-BHI-05,Bhilai Steel Plant,21.2514,81.1257,26.8467,80.9462,36434,90,Wooden Crating,1294637,Open
618,2025-12-28,DO-2026-01-100617,SAIL Bokaro,"Lucknow, Uttar Pradesh",GP Coil,14.2,1000,3000,55,0,55,18.4,Medium,2026-01-12 00:00,LP-BHI-05,Bhilai Steel Plant,21.2514,81.1257,26.8467,80.9462,59116,45,Tarpaulin Cover,1238087,Open
619,2025-12-26,DO-2026-01-100618,Hindalco Industries,"Coimbatore, Tamil Nadu",Color Coated,16.9,2000,2000,31,0,31,16.5,Normal,2026-01-15 00:00,LP-BHI-05,Bhilai Steel Plant,21.2514,81.1257,11.0168,76.9558,77131,60,None,3404898,Trailer
620,2025-12-31,DO-2026-01-100619,Vedanta Resources,"Coimbatore, Tamil Nadu",Color Coated,15.7,2000,3000,51,0,51,37.7,Low,2026-01-13 00:00,LP-BHI-05,Bhilai Steel Plant,21.2514,81.1257,11.0168,76.9558,68872,90,None,4925355,Trailer
621,2025-12-29,DO-2026-01-100620,NMDC Ltd,"Surat, Gujarat",SS304,23.0,2000,2500,81,0,81,73.1,Critical,2026-01-07 00:00,LP-VSP-06,Visakhapatnam Steel,17.6869,83.2185,21.1702,72.8311,32103,30,None,1739232,Trailer
622,2025-12-27,DO-2026-01-100621,Rashtriya Ispat Nigam,"Surat, Gujarat",SS304,24.0,2000,6000,112,0,112,253.2,High,2026-01-04 00:00,LP-VSP-06,Visakhapatnam Steel,17.6869,83.2185,21.1702,72.8311,53875,60,Tarpaulin Cover,2531219,Flatbed
623,2026-01-01,DO-2026-01-100622,Essar Steel,"Indore, Madhya Pradesh",SS316L,18.7,1500,3000,19,0,19,12.6,Medium,2026-01-08 00:00,LP-VSP-06,Visakhapatnam Steel,17.6869,83.2185,22.7196,75.8577,51679,60,Wooden Crating,1704931,Flatbed
624,2025-12-24,DO-2026-01-100623,Jindal Steel,"Indore, Madhya Pradesh",SS316L,10.7,1800,12000,105,0,105,190.5,Normal,2026-01-04 00:00,LP-VSP-06,Visakhapatnam Steel,17.6869,83.2185,22.7196,75.8577,43510,45,None,3584819,Flatbed
625,2025-12-23,DO-2026-01-100624,Bhushan Steel,"Mumbai, Maharashtra",MS A36,14.5,1800,2000,104,0,104,42.6,Low,2026-01-06 00:00,LP-JAM-01,Tata Steel Jamshedpur,22.8046,86.2029,19.076,72.8777,63555,45,Tarpaulin Cover,3561103,LCV
626,2025-12-25,DO-2026-01-100625,AM/NS India,"Mumbai, Maharashtra",MS A36,22.4,1800,2000,77,0,77,48.7,Critical,2026-01-08 00:00,LP-JAM-01,Tata Steel Jamshedpur,22.8046,86.2029,19.076,72.8777,69024,60,Tarpaulin Cover,907021,LCV
627,2026-01-01,DO-2026-01-100626,Lloyds Metals,Delhi NCR,CRS,17.0,1500,3000,44,0,44,26.4,High,2026-01-06 00:00,LP-JAM-01,Tata Steel Jamshedpur,22.8046,86.2029,28.7041,77.1025,50380,30,None,3897747,LCV
628,2025-12-24,DO-2026-01-100627,APL Apollo,Delhi NCR,CRS,15.9,1250,12000,98,0,98,183.5,Medium,2026-01-10 00:00,LP-JAM-01,Tata Steel Jamshedpur,22.8046,86.2029,28.7041,77.1025,44280,30,Express Delivery,3336051,HCV
629,2025-12-27,DO-2026-01-100628,Shyam Steel,"Pune, Maharashtra",HRS,24.3,1000,3000,108,0,108,61.8,Normal,2026-01-05 00:00,LP-KOL-02,Kolkata Steel Depot,22.5726,88.3639,18.5204,73.8567,64574,45,None,3288633,HCV
630,2025-12-28,DO-2026-01-100629,SRMB Steel,"Pune, Maharashtra",HRS,15.7,1250,2000,45,0,45,13.9,Low,2026-01-16 00:00,LP-KOL-02,Kolkata Steel Depot,22.5726,88.3639,18.5204,73.8567,34450,45,Express Delivery,4472646,HCV
631,2025-12-31,DO-2026-01-100630,Tata Steel Ltd,"Chennai, Tamil Nadu",Galvanized,2.6,1800,12000,82,0,82,36.2,Critical,2026-01-07 00:00,LP-KOL-02,Kolkata Steel Depot,22.5726,88.3639,13.0827,80.2707,54289,90,Wooden Crating,5142509,Covered
632,2025-12-25,DO-2026-01-100631,JSW Steel,"Chennai, Tamil Nadu",Galvanized,22.2,1250,2000,57,0,57,24.8,High,2026-01-14 00:00,LP-KOL-02,Kolkata Steel Depot,22.5726,88.3639,13.0827,80.2707,40697,45,Tarpaulin Cover,4603461,Covered
633,2026-01-02,DO-2026-01-100632,SAIL Bokaro,"Bengaluru, Karnataka",TMT Fe500,20.6,2000,2000,67,0,67,43.3,Medium,2026-01-08 00:00,LP-DUR-03,Durgapur Steel,23.5204,87.3119,12.9716,77.5946,34885,30,None,1137048,Covered
634,2025-12-24,DO-2026-01-100633,Hindalco Industries,"Bengaluru, Karnataka",TMT Fe500,15.5,1500,2000,31,0,31,11.3,Normal,2026-01-16 00:00,LP-DUR-03,Durgapur Steel,23.5204,87.3119,12.9716,77.5946,52456,45,None,2365189,Open
635,2025-12-23,DO-2026-01-100634,Vedanta Resources,"Hyderabad, Telangana",TMT Fe550,9.2,1500,6000,54,0,54,35.1,Low,2026-01-05 00:00,LP-DUR-03,Durgapur Steel,23.5204,87.3119,17.385,78.4867,49868,45,None,1710163,Open
636,2026-01-01,DO-2026-01-100635,NMDC Ltd,"Hyderabad, Telangana",TMT Fe550,26.9,2000,12000,19,0,19,96.3,Critical,2026-01-07 00:00,LP-DUR-03,Durgapur Steel,23.5204,87.3119,17.385,78.4867,67555,60,None,3023749,Open
637,2025-12-30,DO-2026-01-100636,Rashtriya Ispat Nigam,"Ahmedabad, Gujarat",GP Coil,26.5,1500,12000,36,0,36,134.8,High,2026-01-06 00:00,LP-RKL-04,Rourkela Steel Plant,22.2604,84.8536,23.0225,72.5714,36668,60,Tarpaulin Cover,3591547,Trailer
638,2025-12-26,DO-2026-01-100637,Essar Steel,"Ahmedabad, Gujarat",GP Coil,13.5,1250,2000,87,0,87,23.0,Medium,2026-01-14 00:00,LP-RKL-04,Rourkela Steel Plant,22.2604,84.8536,23.0225,72.5714,35306,30,None,1472423,Trailer
639,2025-12-23,DO-2026-01-100638,Jindal Steel,"Jaipur, Rajasthan",Color Coated,12.2,2000,12000,72,0,72,165.5,Normal,2026-01-17 00:00,LP-RKL-04,Rourkela Steel Plant,22.2604,84.8536,26.9124,75.7873,77228,90,Tarpaulin Cover,3370942,Trailer
640,2025-12-26,DO-2026-01-100639,Bhushan Steel,"Jaipur, Rajasthan",Color Coated,23.3,2000,2000,60,0,60,43.9,Low,2026-01-13 00:00,LP-RKL-04,Rourkela Steel Plant,22.2604,84.8536,26.9124,75.7873,40637,30,Wooden Crating,4678183,Flatbed
641,2025-12-30,DO-2026-01-100640,AM/NS India,"Lucknow, Uttar Pradesh",SS304,13.8,1800,6000,30,0,30,35.1,Critical,2026-01-07 00:00,LP-BHI-05,Bhilai Steel Plant,21.2514,81.1257,26.8467,80.9462,41418,60,Express Delivery,4038979,Flatbed
642,2025-12-26,DO-2026-01-100641,Lloyds Metals,"Lucknow, Uttar Pradesh",SS304,20.2,1500,3000,41,0,41,29.3,High,2026-01-11 00:00,LP-BHI-05,Bhilai Steel Plant,21.2514,81.1257,26.8467,80.9462,33983,30,None,3698099,Flatbed
643,2025-12-28,DO-2026-01-100642,APL Apollo,"Coimbatore, Tamil Nadu",SS316L,14.0,1250,3000,79,0,79,32.6,Medium,2026-01-13 00:00,LP-BHI-05,Bhilai Steel Plant,21.2514,81.1257,11.0168,76.9558,69662,45,None,4153140,LCV
644,2025-12-25,DO-2026-01-100643,Shyam Steel,"Coimbatore, Tamil Nadu",SS316L,20.6,1000,3000,122,0,122,59.2,Normal,2026-01-14 00:00,LP-BHI-05,Bhilai Steel Plant,21.2514,81.1257,11.0168,76.9558,36648,60,None,4112292,LCV
645,2025-12-25,DO-2026-01-100644,SRMB Steel,"Surat, Gujarat",MS A36,12.7,2000,2500,93,0,93,46.4,Low,2026-01-06 00:00,LP-VSP-06,Visakhapatnam Steel,17.6869,83.2185,21.1702,72.8311,63612,90,None,2496828,LCV
646,2025-12-24,DO-2026-01-100645,Tata Steel Ltd,"Surat, Gujarat",MS A36,20.0,1800,6000,122,0,122,206.9,Critical,2026-01-16 00:00,LP-VSP-06,Visakhapatnam Steel,17.6869,83.2185,21.1702,72.8311,54426,45,None,1403425,HCV
647,2026-01-01,DO-2026-01-100646,JSW Steel,"Indore, Madhya Pradesh",CRS,26.2,2000,6000,112,0,112,276.4,High,2026-01-13 00:00,LP-VSP-06,Visakhapatnam Steel,17.6869,83.2185,22.7196,75.8577,71064,90,None,1569180,HCV
648,2026-01-01,DO-2026-01-100647,SAIL Bokaro,"Indore, Madhya Pradesh",CRS,13.6,1500,6000,123,0,123,118.2,Medium,2026-01-13 00:00,LP-VSP-06,Visakhapatnam Steel,17.6869,83.2185,22.7196,75.8577,39126,90,None,1265750,HCV
649,2025-12-23,DO-2026-01-100648,Hindalco Industries,"Mumbai, Maharashtra",HRS,7.7,1250,12000,29,0,29,26.3,Normal,2026-01-16 00:00,LP-JAM-01,Tata Steel Jamshedpur,22.8046,86.2029,19.076,72.8777,32012,45,Tarpaulin Cover,4549824,Covered
650,2025-12-26,DO-2026-01-100649,Vedanta Resources,"Mumbai, Maharashtra",HRS,9.6,2000,12000,86,0,86,155.5,Low,2026-01-07 00:00,LP-JAM-01,Tata Steel Jamshedpur,22.8046,86.2029,19.076,72.8777,45478,60,None,3304751,Covered
651,2026-01-01,DO-2026-01-100650,NMDC Ltd,Delhi NCR,Galvanized,26.5,1800,3000,135,0,135,151.7,Critical,2026-01-13 00:00,LP-JAM-01,Tata Steel Jamshedpur,22.8046,86.2029,28.7041,77.1025,32532,90,Wooden Crating,3217799,Covered
652,2026-01-02,DO-2026-01-100651,Rashtriya Ispat Nigam,Delhi NCR,Galvanized,11.6,2000,2000,25,0,25,9.1,High,2026-01-15 00:00,LP-JAM-01,Tata Steel Jamshedpur,22.8046,86.2029,28.7041,77.1025,68702,60,None,3117342,Open
653,2025-12-27,DO-2026-01-100652,Essar Steel,"Pune, Maharashtra",TMT Fe500,2.8,1800,12000,128,0,128,60.8,Medium,2026-01-14 00:00,LP-KOL-02,Kolkata Steel Depot,22.5726,88.3639,18.5204,73.8567,52848,90,None,4400638,Open
654,2025-12-31,DO-2026-01-100653,Jindal Steel,"Pune, Maharashtra",TMT Fe500,7.5,1250,6000,87,0,87,38.4,Normal,2026-01-07 00:00,LP-KOL-02,Kolkata Steel Depot,22.5726,88.3639,18.5204,73.8567,68400,90,Wooden Crating,3772313,Open
655,2025-12-31,DO-2026-01-100654,Bhushan Steel,"Chennai, Tamil Nadu",TMT Fe550,12.8,1500,2500,125,0,125,47.1,Low,2026-01-04 00:00,LP-KOL-02,Kolkata Steel Depot,22.5726,88.3639,13.0827,80.2707,36701,30,None,4832746,Trailer
656,2025-12-31,DO-2026-01-100655,AM/NS India,"Chennai, Tamil Nadu",TMT Fe550,13.4,1250,2000,102,0,102,26.8,Critical,2026-01-14 00:00,LP-KOL-02,Kolkata Steel Depot,22.5726,88.3639,13.0827,80.2707,59253,90,Express Delivery,4321065,Trailer
657,2025-12-25,DO-2026-01-100656,Lloyds Metals,"Bengaluru, Karnataka",GP Coil,6.7,2000,6000,97,0,97,61.2,High,2026-01-17 00:00,LP-DUR-03,Durgapur Steel,23.5204,87.3119,12.9716,77.5946,61494,90,None,2308528,Trailer
658,2025-12-30,DO-2026-01-100657,APL Apollo,"Bengaluru, Karnataka",GP Coil,17.7,2000,6000,72,0,72,120.0,Medium,2026-01-15 00:00,LP-DUR-03,Durgapur Steel,23.5204,87.3119,12.9716,77.5946,64881,60,None,3828367,Flatbed
659,2025-12-28,DO-2026-01-100658,Shyam Steel,"Hyderabad, Telangana",Color Coated,27.4,2000,6000,22,0,22,56.8,Normal,2026-01-05 00:00,LP-DUR-03,Durgapur Steel,23.5204,87.3119,17.385,78.4867,70028,90,Insurance Mandatory,1421618,Flatbed
660,2025-12-26,DO-2026-01-100659,SRMB Steel,"Hyderabad, Telangana",Color Coated,21.0,2000,3000,36,0,36,35.6,Low,2026-01-12 00:00,LP-DUR-03,Durgapur Steel,23.5204,87.3119,17.385,78.4867,37127,30,None,1404998,Flatbed
661,2025-12-24,DO-2026-01-100660,Tata Steel Ltd,"Ahmedabad, Gujarat",SS304,18.5,2000,3000,105,0,105,91.5,Critical,2026-01-04 00:00,LP-RKL-04,Rourkela Steel Plant,22.2604,84.8536,23.0225,72.5714,54514,30,None,5050529,LCV
662,2025-12-28,DO-2026-01-100661,JSW Steel,"Ahmedabad, Gujarat",SS304,14.2,1500,6000,133,0,133,133.4,High,2026-01-16 00:00,LP-RKL-04,Rourkela Steel Plant,22.2604,84.8536,23.0225,72.5714,51308,60,None,3300731,LCV
663,2025-12-23,DO-2026-01-100662,SAIL Bokaro,"Jaipur, Rajasthan",SS316L,22.4,1500,2000,111,0,111,58.6,Medium,2026-01-11 00:00,LP-RKL-04,Rourkela Steel Plant,22.2604,84.8536,26.9124,75.7873,69889,45,Tarpaulin Cover,3197403,LCV
664,2025-12-26,DO-2026-01-100663,Hindalco Industries,"Jaipur, Rajasthan",SS316L,21.2,1000,3000,121,0,121,60.4,Normal,2026-01-05 00:00,LP-RKL-04,Rourkela Steel Plant,22.2604,84.8536,26.9124,75.7873,40311,30,Express Delivery,3080764,HCV
665,2025-12-29,DO-2026-01-100664,Vedanta Resources,"Lucknow, Uttar Pradesh",MS A36,5.4,1500,3000,50,0,50,9.5,Low,2026-01-04 00:00,LP-BHI-05,Bhilai Steel Plant,21.2514,81.1257,26.8467,80.9462,39310,45,Express Delivery,2017817,HCV
666,2025-12-30,DO-2026-01-100665,NMDC Ltd,"Lucknow, Uttar Pradesh",MS A36,13.6,1250,3000,102,0,102,40.8,Critical,2026-01-11 00:00,LP-BHI-05,Bhilai Steel Plant,21.2514,81.1257,26.8467,80.9462,43849,30,None,1458010,HCV
667,2025-12-27,DO-2026-01-100666,Rashtriya Ispat Nigam,"Coimbatore, Tamil Nadu",CRS,17.5,1250,6000,36,0,36,37.1,High,2026-01-16 00:00,LP-BHI-05,Bhilai Steel Plant,21.2514,81.1257,11.0168,76.9558,57111,45,Tarpaulin Cover,2153273,Covered
668,2025-12-23,DO-2026-01-100667,Essar Steel,"Coimbatore, Tamil Nadu",CRS,17.0,1500,2000,44,0,44,17.6,Medium,2026-01-08 00:00,LP-BHI-05,Bhilai Steel Plant,21.2514,81.1257,11.0168,76.9558,39601,30,None,4094913,Covered
669,2025-12-27,DO-2026-01-100668,Jindal Steel,"Surat, Gujarat",HRS,9.8,2000,2500,78,0,78,30.0,Normal,2026-01-14 00:00,LP-VSP-06,Visakhapatnam Steel,17.6869,83.2185,21.1702,72.8311,57563,90,None,5199671,Covered
670,2025-12-27,DO-2026-01-100669,Bhushan Steel,"Surat, Gujarat",HRS,13.3,1500,6000,129,0,129,121.2,Low,2026-01-14 00:00,LP-VSP-06,Visakhapatnam Steel,17.6869,83.2185,21.1702,72.8311,52688,30,None,3718125,Open
671,2025-12-29,DO-2026-01-100670,AM/NS India,"Indore, Madhya Pradesh",Galvanized,13.2,1500,3000,126,0,126,58.8,Critical,2026-01-08 00:00,LP-VSP-06,Visakhapatnam Steel,17.6869,83.2185,22.7196,75.8577,38440,60,Tarpaulin Cover,4031235,Open
672,2025-12-30,DO-2026-01-100671,Lloyds Metals,"Indore, Madhya Pradesh",Galvanized,22.1,1250,12000,77,0,77,200.4,High,2026-01-12 00:00,LP-VSP-06,Visakhapatnam Steel,17.6869,83.2185,22.7196,75.8577,54112,45,None,838734,Open
673,2025-12-27,DO-2026-01-100672,APL Apollo,"Mumbai, Maharashtra",TMT Fe500,2.2,1000,2000,104,0,104,3.6,Medium,2026-01-05 00:00,LP-JAM-01,Tata Steel Jamshedpur,22.8046,86.2029,19.076,72.8777,66423,30,Tarpaulin Cover,3698733,Trailer
674,2026-01-02,DO-2026-01-100673,Shyam Steel,"Mumbai, Maharashtra",TMT Fe500,20.9,1500,2500,46,0,46,28.3,Normal,2026-01-04 00:00,LP-JAM-01,Tata Steel Jamshedpur,22.8046,86.2029,19.076,72.8777,72592,30,None,2568857,Trailer
675,2025-12-24,DO-2026-01-100674,SRMB Steel,Delhi NCR,TMT Fe550,18.6,1000,2000,94,0,94,27.4,Low,2026-01-06 00:00,LP-JAM-01,Tata Steel Jamshedpur,22.8046,86.2029,28.7041,77.1025,56638,45,Express Delivery,2295710,Trailer
676,2025-12-29,DO-2026-01-100675,Tata Steel Ltd,Delhi NCR,TMT Fe550,9.7,1000,6000,50,0,50,22.8,Critical,2026-01-16 00:00,LP-JAM-01,Tata Steel Jamshedpur,22.8046,86.2029,28.7041,77.1025,59982,60,None,1370732,Flatbed
677,2025-12-28,DO-2026-01-100676,JSW Steel,"Pune, Maharashtra",GP Coil,22.2,1800,6000,53,0,53,99.8,High,2026-01-04 00:00,LP-KOL-02,Kolkata Steel Depot,22.5726,88.3639,18.5204,73.8567,48923,60,None,1332156,Flatbed
678,2025-12-27,DO-2026-01-100677,SAIL Bokaro,"Pune, Maharashtra",GP Coil,27.5,1250,12000,80,0,80,259.1,Medium,2026-01-06 00:00,LP-KOL-02,Kolkata Steel Depot,22.5726,88.3639,18.5204,73.8567,74302,90,None,4367617,Flatbed
679,2025-12-29,DO-2026-01-100678,Hindalco Industries,"Chennai, Tamil Nadu",Color Coated,18.0,1000,6000,45,0,45,38.2,Normal,2026-01-05 00:00,LP-KOL-02,Kolkata Steel Depot,22.5726,88.3639,13.0827,80.2707,34284,30,None,2852154,LCV
680,2025-12-23,DO-2026-01-100679,Vedanta Resources,"Chennai, Tamil Nadu",Color Coated,13.6,1800,2500,117,0,117,56.2,Low,2026-01-14 00:00,LP-KOL-02,Kolkata Steel Depot,22.5726,88.3639,13.0827,80.2707,32056,30,Tarpaulin Cover,2985031,LCV
681,2026-01-02,DO-2026-01-100680,NMDC Ltd,"Bengaluru, Karnataka",SS304,20.2,1800,12000,37,0,37,126.7,Critical,2026-01-12 00:00,LP-DUR-03,Durgapur Steel,23.5204,87.3119,12.9716,77.5946,64157,90,None,1338038,LCV
682,2026-01-01,DO-2026-01-100681,Rashtriya Ispat Nigam,"Bengaluru, Karnataka",SS304,7.9,1800,6000,87,0,87,58.3,High,2026-01-13 00:00,LP-DUR-03,Durgapur Steel,23.5204,87.3119,12.9716,77.5946,67081,60,None,3290306,HCV
683,2025-12-25,DO-2026-01-100682,Essar Steel,"Hyderabad, Telangana",SS316L,3.4,1000,3000,69,0,69,5.5,Medium,2026-01-17 00:00,LP-DUR-03,Durgapur Steel,23.5204,87.3119,17.385,78.4867,54286,30,Wooden Crating,3182349,HCV
684,2025-12-27,DO-2026-01-100683,Jindal Steel,"Hyderabad, Telangana",SS316L,7.3,2000,2000,100,0,100,22.9,Normal,2026-01-14 00:00,LP-DUR-03,Durgapur Steel,23.5204,87.3119,17.385,78.4867,44517,60,Tarpaulin Cover,1645635,HCV
685,2025-12-23,DO-2026-01-100684,Bhushan Steel,"Ahmedabad, Gujarat",MS A36,19.9,1800,2000,98,0,98,55.1,Low,2026-01-11 00:00,LP-RKL-04,Rourkela Steel Plant,22.2604,84.8536,23.0225,72.5714,44416,45,None,962773,Covered
686,2025-12-27,DO-2026-01-100685,AM/NS India,"Ahmedabad, Gujarat",MS A36,27.9,1250,6000,110,0,110,180.7,Critical,2026-01-05 00:00,LP-RKL-04,Rourkela Steel Plant,22.2604,84.8536,23.0225,72.5714,67425,60,None,4519062,Covered
687,2026-01-02,DO-2026-01-100686,Lloyds Metals,"Jaipur, Rajasthan",CRS,3.0,1000,3000,20,0,20,1.4,High,2026-01-10 00:00,LP-RKL-04,Rourkela Steel Plant,22.2604,84.8536,26.9124,75.7873,39745,45,Wooden Crating,5138245,Covered
688,2025-12-24,DO-2026-01-100687,APL Apollo,"Jaipur, Rajasthan",CRS,26.4,2000,2500,76,0,76,78.8,Medium,2026-01-07 00:00,LP-RKL-04,Rourkela Steel Plant,22.2604,84.8536,26.9124,75.7873,36720,30,Wooden Crating,4851146,Open
689,2025-12-30,DO-2026-01-100688,Shyam Steel,"Lucknow, Uttar Pradesh",HRS,2.5,2000,2000,101,0,101,7.9,Normal,2026-01-15 00:00,LP-BHI-05,Bhilai Steel Plant,21.2514,81.1257,26.8467,80.9462,74518,45,None,1169078,Open
690,2025-12-24,DO-2026-01-100689,SRMB Steel,"Lucknow, Uttar Pradesh",HRS,10.0,1000,6000,133,0,133,62.6,Low,2026-01-06 00:00,LP-BHI-05,Bhilai Steel Plant,21.2514,81.1257,26.8467,80.9462,70734,30,Wooden Crating,1641970,Open
691,2026-01-01,DO-2026-01-100690,Tata Steel Ltd,"Coimbatore, Tamil Nadu",Galvanized,14.9,2000,2500,32,0,32,18.7,Critical,2026-01-16 00:00,LP-BHI-05,Bhilai Steel Plant,21.2514,81.1257,11.0168,76.9558,45280,90,None,4122292,Trailer
692,2025-12-31,DO-2026-01-100691,JSW Steel,"Coimbatore, Tamil Nadu",Galvanized,5.1,2000,12000,59,0,59,56.7,High,2026-01-09 00:00,LP-BHI-05,Bhilai Steel Plant,21.2514,81.1257,11.0168,76.9558,45974,30,Tarpaulin Cover,3564409,Trailer
693,2025-12-31,DO-2026-01-100692,SAIL Bokaro,"Surat, Gujarat",TMT Fe500,5.1,1250,6000,26,0,26,7.8,Medium,2026-01-15 00:00,LP-VSP-06,Visakhapatnam Steel,17.6869,83.2185,21.1702,72.8311,56243,45,None,1091407,Trailer
694,2025-12-31,DO-2026-01-100693,Hindalco Industries,"Surat, Gujarat",TMT Fe500,4.6,2000,6000,35,0,35,15.2,Normal,2026-01-04 00:00,LP-VSP-06,Visakhapatnam Steel,17.6869,83.2185,21.1702,72.8311,63913,30,None,2255024,Flatbed
695,2025-12-27,DO-2026-01-100694,Vedanta Resources,"Indore, Madhya Pradesh",TMT Fe550,20.4,2000,3000,29,0,29,27.9,Low,2026-01-15 00:00,LP-VSP-06,Visakhapatnam Steel,17.6869,83.2185,22.7196,75.8577,63195,45,None,3022891,Flatbed
696,2025-12-24,DO-2026-01-100695,NMDC Ltd,"Indore, Madhya Pradesh",TMT Fe550,13.7,1250,2500,84,0,84,28.2,Critical,2026-01-15 00:00,LP-VSP-06,Visakhapatnam Steel,17.6869,83.2185,22.7196,75.8577,34465,45,Tarpaulin Cover,1488375,Flatbed
697,2025-12-27,DO-2026-01-100696,Rashtriya Ispat Nigam,"Mumbai, Maharashtra",GP Coil,23.5,1500,3000,98,0,98,81.4,High,2026-01-04 00:00,LP-JAM-01,Tata Steel Jamshedpur,22.8046,86.2029,19.076,72.8777,68550,45,None,5197631,LCV
698,2025-12-30,DO-2026-01-100697,Essar Steel,"Mumbai, Maharashtra",GP Coil,18.1,2000,12000,30,0,30,102.3,Medium,2026-01-11 00:00,LP-JAM-01,Tata Steel Jamshedpur,22.8046,86.2029,19.076,72.8777,73055,45,None,2375032,LCV
699,2025-12-31,DO-2026-01-100698,Jindal Steel,Delhi NCR,Color Coated,22.7,1800,6000,32,0,32,61.6,Normal,2026-01-06 00:00,LP-JAM-01,Tata Steel Jamshedpur,22.8046,86.2029,28.7041,77.1025,75918,30,None,3805072,LCV
700,2025-12-24,DO-2026-01-100699,Bhushan Steel,Delhi NCR,Color Coated,7.4,1500,3000,54,0,54,14.1,Low,2026-01-16 00:00,LP-JAM-01,Tata Steel Jamshedpur,22.8046,86.2029,28.7041,77.1025,61697,30,None,1190037,HCV
701,2025-12-25,DO-2026-01-100700,AM/NS India,"Pune, Maharashtra",SS304,6.6,1000,6000,86,0,86,26.7,Critical,2026-01-05 00:00,LP-KOL-02,Kolkata Steel Depot,22.5726,88.3639,18.5204,73.8567,36643,45,Tarpaulin Cover,3484453,HCV
702,2026-01-01,DO-2026-01-100701,Lloyds Metals,"Pune, Maharashtra",SS304,7.2,1500,2500,71,0,71,15.0,High,2026-01-09 00:00,LP-KOL-02,Kolkata Steel Depot,22.5726,88.3639,18.5204,73.8567,46927,30,None,4211101,HCV
703,2025-12-26,DO-2026-01-100702,APL Apollo,"Chennai, Tamil Nadu",SS316L,7.2,1250,2000,129,0,129,18.2,Medium,2026-01-13 00:00,LP-KOL-02,Kolkata Steel Depot,22.5726,88.3639,13.0827,80.2707,63746,30,Express Delivery,1965855,Covered
704,2025-12-27,DO-2026-01-100703,Shyam Steel,"Chennai, Tamil Nadu",SS316L,26.1,1800,2500,45,0,45,41.5,Normal,2026-01-09 00:00,LP-KOL-02,Kolkata Steel Depot,22.5726,88.3639,13.0827,80.2707,40939,90,Tarpaulin Cover,3758072,Covered
705,2025-12-24,DO-2026-01-100704,SRMB Steel,"Bengaluru, Karnataka",MS A36,7.3,1250,2000,52,0,52,7.4,Low,2026-01-04 00:00,LP-DUR-03,Durgapur Steel,23.5204,87.3119,12.9716,77.5946,50389,45,None,4655184,Covered
706,2025-12-29,DO-2026-01-100705,Tata Steel Ltd,"Bengaluru, Karnataka",MS A36,12.9,1500,2500,76,0,76,28.9,Critical,2026-01-13 00:00,LP-DUR-03,Durgapur Steel,23.5204,87.3119,12.9716,77.5946,42275,45,Tarpaulin Cover,2676882,Open
707,2025-12-30,DO-2026-01-100706,JSW Steel,"Hyderabad, Telangana",CRS,12.7,2000,6000,29,0,29,34.7,High,2026-01-13 00:00,LP-DUR-03,Durgapur Steel,23.5204,87.3119,17.385,78.4867,63030,90,None,4341250,Open
708,2025-12-27,DO-2026-01-100707,SAIL Bokaro,"Hyderabad, Telangana",CRS,24.7,1250,3000,112,0,112,81.4,Medium,2026-01-13 00:00,LP-DUR-03,Durgapur Steel,23.5204,87.3119,17.385,78.4867,46575,45,Express Delivery,792593,Open
709,2025-12-25,DO-2026-01-100708,Hindalco Industries,"Ahmedabad, Gujarat",HRS,27.5,1000,6000,71,0,71,92.0,Normal,2026-01-04 00:00,LP-RKL-04,Rourkela Steel Plant,22.2604,84.8536,23.0225,72.5714,59898,90,None,1572076,Trailer
710,2026-01-02,DO-2026-01-100709,Vedanta Resources,"Ahmedabad, Gujarat",HRS,14.9,1000,12000,75,0,75,105.3,Low,2026-01-15 00:00,LP-RKL-04,Rourkela Steel Plant,22.2604,84.8536,23.0225,72.5714,58648,45,None,3231269,Trailer
711,2025-12-26,DO-2026-01-100710,NMDC Ltd,"Jaipur, Rajasthan",Galvanized,18.8,1000,2000,48,0,48,14.2,Critical,2026-01-14 00:00,LP-RKL-04,Rourkela Steel Plant,22.2604,84.8536,26.9124,75.7873,51977,45,Tarpaulin Cover,954795,Trailer
712,2025-12-31,DO-2026-01-100711,Rashtriya Ispat Nigam,"Jaipur, Rajasthan",Galvanized,14.1,1250,6000,76,0,76,63.1,High,2026-01-16 00:00,LP-RKL-04,Rourkela Steel Plant,22.2604,84.8536,26.9124,75.7873,56275,90,Tarpaulin Cover,761439,Flatbed
713,2025-12-25,DO-2026-01-100712,Essar Steel,"Lucknow, Uttar Pradesh",TMT Fe500,18.3,1800,3000,128,0,128,99.3,Medium,2026-01-04 00:00,LP-BHI-05,Bhilai Steel Plant,21.2514,81.1257,26.8467,80.9462,51437,90,Wooden Crating,2487670,Flatbed
714,2026-01-02,DO-2026-01-100713,Jindal Steel,"Lucknow, Uttar Pradesh",TMT Fe500,19.8,2000,3000,118,0,118,110.0,Normal,2026-01-12 00:00,LP-BHI-05,Bhilai Steel Plant,21.2514,81.1257,26.8467,80.9462,76214,60,Express Delivery,1680854,Flatbed
715,2025-12-28,DO-2026-01-100714,Bhushan Steel,"Coimbatore, Tamil Nadu",TMT Fe550,11.5,2000,2000,67,0,67,24.2,Low,2026-01-09 00:00,LP-BHI-05,Bhilai Steel Plant,21.2514,81.1257,11.0168,76.9558,43486,30,Tarpaulin Cover,2467253,LCV
716,2026-01-01,DO-2026-01-100715,AM/NS India,"Coimbatore, Tamil Nadu",TMT Fe550,27.5,1250,12000,35,0,35,113.3,Critical,2026-01-14 00:00,LP-BHI-05,Bhilai Steel Plant,21.2514,81.1257,11.0168,76.9558,63358,45,Wooden Crating,2641104,LCV
717,2025-12-23,DO-2026-01-100716,Lloyds Metals,"Surat, Gujarat",GP Coil,11.2,1500,12000,59,0,59,93.4,High,2026-01-10 00:00,LP-VSP-06,Visakhapatnam Steel,17.6869,83.2185,21.1702,72.8311,50162,30,None,3645970,LCV
718,2025-12-26,DO-2026-01-100717,APL Apollo,"Surat, Gujarat",GP Coil,14.6,2000,2000,75,0,75,34.4,Medium,2026-01-15 00:00,LP-VSP-06,Visakhapatnam Steel,17.6869,83.2185,21.1702,72.8311,66858,60,None,3838231,HCV
719,2025-12-26,DO-2026-01-100718,Shyam Steel,"Indore, Madhya Pradesh",Color Coated,19.5,1000,2500,120,0,120,45.9,Normal,2026-01-05 00:00,LP-VSP-06,Visakhapatnam Steel,17.6869,83.2185,22.7196,75.8577,37254,90,Express Delivery,3169045,HCV
720,2025-12-31,DO-2026-01-100719,SRMB Steel,"Indore, Madhya Pradesh",Color Coated,4.8,1500,2000,27,0,27,3.1,Low,2026-01-11 00:00,LP-VSP-06,Visakhapatnam Steel,17.6869,83.2185,22.7196,75.8577,41863,45,None,940339,HCV
721,2025-12-26,DO-2026-01-100720,Tata Steel Ltd,"Mumbai, Maharashtra",SS304,12.8,2000,2500,55,0,55,27.6,Critical,2026-01-09 00:00,LP-JAM-01,Tata Steel Jamshedpur,22.8046,86.2029,19.076,72.8777,59533,90,Wooden Crating,930206,Covered
722,2025-12-25,DO-2026-01-100721,JSW Steel,"Mumbai, Maharashtra",SS304,6.9,1000,2500,55,0,55,7.4,High,2026-01-14 00:00,LP-JAM-01,Tata Steel Jamshedpur,22.8046,86.2029,19.076,72.8777,54012,90,Tarpaulin Cover,3487256,Covered
723,2025-12-26,DO-2026-01-100722,SAIL Bokaro,Delhi NCR,SS316L,17.4,2000,12000,80,0,80,262.3,Medium,2026-01-11 00:00,LP-JAM-01,Tata Steel Jamshedpur,22.8046,86.2029,28.7041,77.1025,51928,45,Express Delivery,3321066,Covered
724,2025-12-28,DO-2026-01-100723,Hindalco Industries,Delhi NCR,SS316L,22.5,1250,6000,39,0,39,51.7,Normal,2026-01-08 00:00,LP-JAM-01,Tata Steel Jamshedpur,22.8046,86.2029,28.7041,77.1025,35101,45,None,4574588,Open
725,2025-12-29,DO-2026-01-100724,Vedanta Resources,"Pune, Maharashtra",MS A36,18.1,1250,12000,39,0,39,83.1,Low,2026-01-06 00:00,LP-KOL-02,Kolkata Steel Depot,22.5726,88.3639,18.5204,73.8567,43492,45,None,1730773,Open
726,2025-12-26,DO-2026-01-100725,NMDC Ltd,"Pune, Maharashtra",MS A36,27.8,2000,2500,23,0,23,25.1,Critical,2026-01-08 00:00,LP-KOL-02,Kolkata Steel Depot,22.5726,88.3639,18.5204,73.8567,56226,45,None,1040993,Open
727,2025-12-28,DO-2026-01-100726,Rashtriya Ispat Nigam,"Chennai, Tamil Nadu",CRS,10.2,1500,2500,103,0,103,30.9,High,2026-01-11 00:00,LP-KOL-02,Kolkata Steel Depot,22.5726,88.3639,13.0827,80.2707,67380,45,None,1769132,Trailer
728,2025-12-26,DO-2026-01-100727,Essar Steel,"Chennai, Tamil Nadu",CRS,2.6,1800,2500,135,0,135,12.4,Medium,2026-01-09 00:00,LP-KOL-02,Kolkata Steel Depot,22.5726,88.3639,13.0827,80.2707,42227,30,Insurance Mandatory,5006455,Trailer
729,2025-12-29,DO-2026-01-100728,Jindal Steel,"Bengaluru, Karnataka",HRS,18.8,1500,6000,60,0,60,79.7,Normal,2026-01-16 00:00,LP-DUR-03,Durgapur Steel,23.5204,87.3119,12.9716,77.5946,69599,45,Wooden Crating,4458650,Trailer
730,2025-12-31,DO-2026-01-100729,Bhushan Steel,"Bengaluru, Karnataka",HRS,19.9,1800,2000,61,0,61,34.3,Low,2026-01-14 00:00,LP-DUR-03,Durgapur Steel,23.5204,87.3119,12.9716,77.5946,68107,30,None,4119115,Flatbed
731,2026-01-01,DO-2026-01-100730,AM/NS India,"Hyderabad, Telangana",Galvanized,23.9,1800,3000,97,0,97,98.3,Critical,2026-01-09 00:00,LP-DUR-03,Durgapur Steel,23.5204,87.3119,17.385,78.4867,35606,45,Tarpaulin Cover,2613477,Flatbed
732,2026-01-02,DO-2026-01-100731,Lloyds Metals,"Hyderabad, Telangana",Galvanized,26.3,1500,2500,118,0,118,91.4,High,2026-01-05 00:00,LP-DUR-03,Durgapur Steel,23.5204,87.3119,17.385,78.4867,67285,90,Tarpaulin Cover,1482970,Flatbed
733,2025-12-24,DO-2026-01-100732,APL Apollo,"Ahmedabad, Gujarat",TMT Fe500,12.3,1800,3000,83,0,83,43.3,Medium,2026-01-13 00:00,LP-RKL-04,Rourkela Steel Plant,22.2604,84.8536,23.0225,72.5714,65525,30,Express Delivery,3778831,LCV
734,2025-12-27,DO-2026-01-100733,Shyam Steel,"Ahmedabad, Gujarat",TMT Fe500,5.8,1800,3000,68,0,68,16.7,Normal,2026-01-09 00:00,LP-RKL-04,Rourkela Steel Plant,22.2604,84.8536,23.0225,72.5714,32798,60,None,3334407,LCV
735,2025-12-26,DO-2026-01-100734,SRMB Steel,"Jaipur, Rajasthan",TMT Fe550,24.7,1000,2500,75,0,75,36.4,Low,2026-01-15 00:00,LP-RKL-04,Rourkela Steel Plant,22.2604,84.8536,26.9124,75.7873,59237,90,None,4305362,LCV
736,2025-12-24,DO-2026-01-100735,Tata Steel Ltd,"Jaipur, Rajasthan",TMT Fe550,25.3,1250,12000,111,0,111,330.7,Critical,2026-01-05 00:00,LP-RKL-04,Rourkela Steel Plant,22.2604,84.8536,26.9124,75.7873,41413,45,None,5156544,HCV
737,2026-01-01,DO-2026-01-100736,JSW Steel,"Lucknow, Uttar Pradesh",GP Coil,3.7,2000,6000,60,0,60,20.9,High,2026-01-04 00:00,LP-BHI-05,Bhilai Steel Plant,21.2514,81.1257,26.8467,80.9462,58834,60,None,4626543,HCV
738,2025-12-31,DO-2026-01-100737,SAIL Bokaro,"Lucknow, Uttar Pradesh",GP Coil,16.8,1250,2500,108,0,108,44.5,Medium,2026-01-17 00:00,LP-BHI-05,Bhilai Steel Plant,21.2514,81.1257,26.8467,80.9462,57019,60,Tarpaulin Cover,1104275,HCV
739,2025-12-26,DO-2026-01-100738,Hindalco Industries,"Coimbatore, Tamil Nadu",Color Coated,23.5,2000,3000,123,0,123,136.1,Normal,2026-01-12 00:00,LP-BHI-05,Bhilai Steel Plant,21.2514,81.1257,11.0168,76.9558,62372,45,None,770524,Covered
740,2025-12-23,DO-2026-01-100739,Vedanta Resources,"Coimbatore, Tamil Nadu",Color Coated,8.8,1800,2000,37,0,37,9.2,Low,2026-01-14 00:00,LP-BHI-05,Bhilai Steel Plant,21.2514,81.1257,11.0168,76.9558,50853,90,None,2803114,Covered
741,2026-01-01,DO-2026-01-100740,NMDC Ltd,"Surat, Gujarat",SS304,5.1,1500,6000,21,0,21,7.6,Critical,2026-01-13 00:00,LP-VSP-06,Visakhapatnam Steel,17.6869,83.2185,21.1702,72.8311,55708,90,Tarpaulin Cover,2913518,Covered
742,2025-12-25,DO-2026-01-100741,Rashtriya Ispat Nigam,"Surat, Gujarat",SS304,19.8,1000,3000,98,0,98,45.7,High,2026-01-15 00:00,LP-VSP-06,Visakhapatnam Steel,17.6869,83.2185,21.1702,72.8311,69700,30,Wooden Crating,2116061,Open
743,2025-12-31,DO-2026-01-100742,Essar Steel,"Indore, Madhya Pradesh",SS316L,3.5,1500,6000,92,0,92,22.7,Medium,2026-01-09 00:00,LP-VSP-06,Visakhapatnam Steel,17.6869,83.2185,22.7196,75.8577,42702,30,None,4269138,Open
744,2025-12-29,DO-2026-01-100743,Jindal Steel,"Indore, Madhya Pradesh",SS316L,25.7,1500,2000,99,0,99,59.9,Normal,2026-01-08 00:00,LP-VSP-06,Visakhapatnam Steel,17.6869,83.2185,22.7196,75.8577,66708,30,None,2287191,Open
745,2025-12-28,DO-2026-01-100744,Bhushan Steel,"Mumbai, Maharashtra",MS A36,4.5,1250,12000,115,0,115,60.9,Low,2026-01-17 00:00,LP-JAM-01,Tata Steel Jamshedpur,22.8046,86.2029,19.076,72.8777,52723,60,None,3791060,Trailer
746,2026-01-02,DO-2026-01-100745,AM/NS India,"Mumbai, Maharashtra",MS A36,15.9,1500,2500,30,0,30,14.0,Critical,2026-01-06 00:00,LP-JAM-01,Tata Steel Jamshedpur,22.8046,86.2029,19.076,72.8777,65958,60,None,4817627,Trailer
747,2025-12-30,DO-2026-01-100746,Lloyds Metals,Delhi NCR,CRS,10.8,1250,2000,70,0,70,14.8,High,2026-01-06 00:00,LP-JAM-01,Tata Steel Jamshedpur,22.8046,86.2029,28.7041,77.1025,64989,45,Wooden Crating,5159495,Trailer
748,2025-12-27,DO-2026-01-100747,APL Apollo,Delhi NCR,CRS,15.8,2000,2000,126,0,126,62.5,Medium,2026-01-11 00:00,LP-JAM-01,Tata Steel Jamshedpur,22.8046,86.2029,28.7041,77.1025,37006,30,Wooden Crating,895788,Flatbed
749,2025-12-26,DO-2026-01-100748,Shyam Steel,"Pune, Maharashtra",HRS,11.1,1500,2500,79,0,79,25.8,Normal,2026-01-13 00:00,LP-KOL-02,Kolkata Steel Depot,22.5726,88.3639,18.5204,73.8567,66283,60,None,3305876,Flatbed
750,2025-12-31,DO-2026-01-100749,SRMB Steel,"Pune, Maharashtra",HRS,21.4,1000,2500,21,0,21,8.8,Low,2026-01-17 00:00,LP-KOL-02,Kolkata Steel Depot,22.5726,88.3639,18.5204,73.8567,77497,45,Tarpaulin Cover,3328895,Flatbed
751,2026-01-01,DO-2026-01-100750,Tata Steel Ltd,"Chennai, Tamil Nadu",Galvanized,7.5,1000,6000,34,0,34,12.0,Critical,2026-01-05 00:00,LP-KOL-02,Kolkata Steel Depot,22.5726,88.3639,13.0827,80.2707,33232,90,Wooden Crating,1106657,LCV
752,2026-01-02,DO-2026-01-100751,JSW Steel,"Chennai, Tamil Nadu",Galvanized,4.8,2000,12000,43,0,43,38.9,High,2026-01-11 00:00,LP-KOL-02,Kolkata Steel Depot,22.5726,88.3639,13.0827,80.2707,39793,60,None,3280388,LCV
753,2025-12-24,DO-2026-01-100752,SAIL Bokaro,"Bengaluru, Karnataka",TMT Fe500,2.3,1000,2000,103,0,103,3.7,Medium,2026-01-07 00:00,LP-DUR-03,Durgapur Steel,23.5204,87.3119,12.9716,77.5946,70509,45,None,3698878,LCV
754,2025-12-28,DO-2026-01-100753,Hindalco Industries,"Bengaluru, Karnataka",TMT Fe500,4.4,1500,12000,21,0,21,13.1,Normal,2026-01-09 00:00,LP-DUR-03,Durgapur Steel,23.5204,87.3119,12.9716,77.5946,42522,45,None,1323252,HCV
755,2025-12-30,DO-2026-01-100754,Vedanta Resources,"Hyderabad, Telangana",TMT Fe550,23.3,1000,12000,30,0,30,65.8,Low,2026-01-15 00:00,LP-DUR-03,Durgapur Steel,23.5204,87.3119,17.385,78.4867,44553,60,None,786313,HCV
756,2025-12-26,DO-2026-01-100755,NMDC Ltd,"Hyderabad, Telangana",TMT Fe550,4.6,1250,12000,110,0,110,59.6,Critical,2026-01-09 00:00,LP-DUR-03,Durgapur Steel,23.5204,87.3119,17.385,78.4867,77752,45,None,1650303,HCV
757,2025-12-30,DO-2026-01-100756,Rashtriya Ispat Nigam,"Ahmedabad, Gujarat",GP Coil,23.7,1800,6000,41,0,41,82.4,High,2026-01-12 00:00,LP-RKL-04,Rourkela Steel Plant,22.2604,84.8536,23.0225,72.5714,46912,90,None,3386374,Covered
758,2025-12-26,DO-2026-01-100757,Essar Steel,"Ahmedabad, Gujarat",GP Coil,14.1,2000,2500,33,0,33,18.3,Medium,2026-01-16 00:00,LP-RKL-04,Rourkela Steel Plant,22.2604,84.8536,23.0225,72.5714,55674,60,Tarpaulin Cover,1090649,Covered
759,2025-12-29,DO-2026-01-100758,Jindal Steel,"Jaipur, Rajasthan",Color Coated,10.5,1000,6000,28,0,28,13.8,Normal,2026-01-11 00:00,LP-RKL-04,Rourkela Steel Plant,22.2604,84.8536,26.9124,75.7873,71347,60,Tarpaulin Cover,4474171,Covered
760,2025-12-30,DO-2026-01-100759,Bhushan Steel,"Jaipur, Rajasthan",Color Coated,16.4,1500,6000,46,0,46,53.3,Low,2026-01-17 00:00,LP-RKL-04,Rourkela Steel Plant,22.2604,84.8536,26.9124,75.7873,36561,90,Express Delivery,3832321,Open
761,2025-12-27,DO-2026-01-100760,AM/NS India,"Lucknow, Uttar Pradesh",SS304,2.3,1800,2000,40,0,40,2.6,Critical,2026-01-11 00:00,LP-BHI-05,Bhilai Steel Plant,21.2514,81.1257,26.8467,80.9462,66253,30,None,4061918,Open
762,2026-01-01,DO-2026-01-100761,Lloyds Metals,"Lucknow, Uttar Pradesh",SS304,20.1,1000,2500,69,0,69,27.2,High,2026-01-09 00:00,LP-BHI-05,Bhilai Steel Plant,21.2514,81.1257,26.8467,80.9462,45047,60,None,4141422,Open
763,2025-12-29,DO-2026-01-100762,APL Apollo,"Coimbatore, Tamil Nadu",SS316L,8.1,1800,6000,33,0,33,22.7,Medium,2026-01-16 00:00,LP-BHI-05,Bhilai Steel Plant,21.2514,81.1257,11.0168,76.9558,70136,60,Wooden Crating,4107418,Trailer
764,2025-12-26,DO-2026-01-100763,Shyam Steel,"Coimbatore, Tamil Nadu",SS316L,14.4,2000,6000,63,0,63,85.5,Normal,2026-01-12 00:00,LP-BHI-05,Bhilai Steel Plant,21.2514,81.1257,11.0168,76.9558,50277,45,Wooden Crating,1656277,Trailer
765,2025-12-23,DO-2026-01-100764,SRMB Steel,"Surat, Gujarat",MS A36,8.5,1800,2500,33,0,33,9.9,Low,2026-01-06 00:00,LP-VSP-06,Visakhapatnam Steel,17.6869,83.2185,21.1702,72.8311,33947,30,Wooden Crating,1322343,Trailer
766,2025-12-24,DO-2026-01-100765,Tata Steel Ltd,"Surat, Gujarat",MS A36,19.6,1250,6000,81,0,81,93.5,Critical,2026-01-14 00:00,LP-VSP-06,Visakhapatnam Steel,17.6869,83.2185,21.1702,72.8311,53427,45,None,1558105,Flatbed
767,2025-12-26,DO-2026-01-100766,JSW Steel,"Indore, Madhya Pradesh",CRS,4.0,2000,6000,115,0,115,43.3,High,2026-01-07 00:00,LP-VSP-06,Visakhapatnam Steel,17.6869,83.2185,22.7196,75.8577,51238,90,None,2945007,Flatbed
768,2026-01-02,DO-2026-01-100767,SAIL Bokaro,"Indore, Madhya Pradesh",CRS,10.9,2000,12000,87,0,87,178.7,Medium,2026-01-16 00:00,LP-VSP-06,Visakhapatnam Steel,17.6869,83.2185,22.7196,75.8577,34070,90,Express Delivery,1749369,Flatbed
769,2025-12-26,DO-2026-01-100768,Hindalco Industries,"Mumbai, Maharashtra",HRS,13.7,1800,6000,67,0,67,77.8,Normal,2026-01-04 00:00,LP-JAM-01,Tata Steel Jamshedpur,22.8046,86.2029,19.076,72.8777,34153,45,Tarpaulin Cover,3292122,LCV
770,2025-12-31,DO-2026-01-100769,Vedanta Resources,"Mumbai, Maharashtra",HRS,20.4,1800,6000,131,0,131,226.6,Low,2026-01-08 00:00,LP-JAM-01,Tata Steel Jamshedpur,22.8046,86.2029,19.076,72.8777,57498,90,Wooden Crating,4865062,LCV
771,2025-12-26,DO-2026-01-100770,NMDC Ltd,Delhi NCR,Galvanized,16.4,2000,12000,102,0,102,315.2,Critical,2026-01-11 00:00,LP-JAM-01,Tata Steel Jamshedpur,22.8046,86.2029,28.7041,77.1025,68847,45,None,4033173,LCV
772,2025-12-23,DO-2026-01-100771,Rashtriya Ispat Nigam,Delhi NCR,Galvanized,14.9,1800,12000,51,0,51,128.8,High,2026-01-09 00:00,LP-JAM-01,Tata Steel Jamshedpur,22.8046,86.2029,28.7041,77.1025,50640,60,None,1128481,HCV
773,2026-01-02,DO-2026-01-100772,Essar Steel,"Pune, Maharashtra",TMT Fe500,23.8,1500,12000,34,0,34,114.3,Medium,2026-01-16 00:00,LP-KOL-02,Kolkata Steel Depot,22.5726,88.3639,18.5204,73.8567,72970,60,None,4341567,HCV
774,2026-01-02,DO-2026-01-100773,Jindal Steel,"Pune, Maharashtra",TMT Fe500,27.8,1800,3000,62,0,62,73.1,Normal,2026-01-14 00:00,LP-KOL-02,Kolkata Steel Depot,22.5726,88.3639,18.5204,73.8567,48005,45,None,3368080,HCV
775,2026-01-01,DO-2026-01-100774,Bhushan Steel,"Chennai, Tamil Nadu",TMT Fe550,4.2,1000,3000,93,0,93,9.2,Low,2026-01-09 00:00,LP-KOL-02,Kolkata Steel Depot,22.5726,88.3639,13.0827,80.2707,43126,30,None,1063546,Covered
776,2025-12-25,DO-2026-01-100775,AM/NS India,"Chennai, Tamil Nadu",TMT Fe550,19.1,1800,12000,76,0,76,246.1,Critical,2026-01-10 00:00,LP-KOL-02,Kolkata Steel Depot,22.5726,88.3639,13.0827,80.2707,49473,30,Tarpaulin Cover,936532,Covered
777,2025-12-24,DO-2026-01-100776,Lloyds Metals,"Bengaluru, Karnataka",GP Coil,11.8,1800,3000,58,0,58,29.0,High,2026-01-05 00:00,LP-DUR-03,Durgapur Steel,23.5204,87.3119,12.9716,77.5946,64005,30,Tarpaulin Cover,2477284,Covered
778,2025-12-24,DO-2026-01-100777,APL Apollo,"Bengaluru, Karnataka",GP Coil,14.9,1500,2500,61,0,61,26.8,Medium,2026-01-08 00:00,LP-DUR-03,Durgapur Steel,23.5204,87.3119,12.9716,77.5946,55811,90,None,1381839,Open
779,2025-12-29,DO-2026-01-100778,Shyam Steel,"Hyderabad, Telangana",Color Coated,24.1,1250,3000,125,0,125,88.7,Normal,2026-01-04 00:00,LP-DUR-03,Durgapur Steel,23.5204,87.3119,17.385,78.4867,51485,90,Wooden Crating,1521398,Open
780,2025-12-28,DO-2026-01-100779,SRMB Steel,"Hyderabad, Telangana",Color Coated,23.9,1000,12000,109,0,109,245.4,Low,2026-01-08 00:00,LP-DUR-03,Durgapur Steel,23.5204,87.3119,17.385,78.4867,36408,90,None,3663501,Open
781,2025-12-29,DO-2026-01-100780,Tata Steel Ltd,"Ahmedabad, Gujarat",SS304,4.0,1500,12000,119,0,119,67.3,Critical,2026-01-10 00:00,LP-RKL-04,Rourkela Steel Plant,22.2604,84.8536,23.0225,72.5714,75480,60,None,4124745,Trailer
782,2025-12-31,DO-2026-01-100781,JSW Steel,"Ahmedabad, Gujarat",SS304,18.2,1800,12000,50,0,50,154.3,High,2026-01-04 00:00,LP-RKL-04,Rourkela Steel Plant,22.2604,84.8536,23.0225,72.5714,73146,45,Tarpaulin Cover,2536377,Trailer
783,2025-12-23,DO-2026-01-100782,SAIL Bokaro,"Jaipur, Rajasthan",SS316L,27.0,1800,3000,102,0,102,116.7,Medium,2026-01-12 00:00,LP-RKL-04,Rourkela Steel Plant,22.2604,84.8536,26.9124,75.7873,72266,90,Express Delivery,1252323,Trailer
784,2025-12-30,DO-2026-01-100783,Hindalco Industries,"Jaipur, Rajasthan",SS316L,7.2,1800,2500,84,0,84,21.4,Normal,2026-01-06 00:00,LP-RKL-04,Rourkela Steel Plant,22.2604,84.8536,26.9124,75.7873,76912,60,Wooden Crating,4191512,Flatbed
785,2025-12-27,DO-2026-01-100784,Vedanta Resources,"Lucknow, Uttar Pradesh",MS A36,24.4,1000,2500,58,0,58,27.8,Low,2026-01-08 00:00,LP-BHI-05,Bhilai Steel Plant,21.2514,81.1257,26.8467,80.9462,50811,45,None,2730800,Flatbed
786,2026-01-02,DO-2026-01-100785,NMDC Ltd,"Lucknow, Uttar Pradesh",MS A36,8.2,1250,2500,69,0,69,13.9,Critical,2026-01-07 00:00,LP-BHI-05,Bhilai Steel Plant,21.2514,81.1257,26.8467,80.9462,52351,90,None,4408548,Flatbed
787,2025-12-31,DO-2026-01-100786,Rashtriya Ispat Nigam,"Coimbatore, Tamil Nadu",CRS,18.8,1000,2500,72,0,72,26.6,High,2026-01-08 00:00,LP-BHI-05,Bhilai Steel Plant,21.2514,81.1257,11.0168,76.9558,40941,30,None,3080120,LCV
788,2026-01-02,DO-2026-01-100787,Essar Steel,"Coimbatore, Tamil Nadu",CRS,16.3,1000,6000,102,0,102,78.3,Medium,2026-01-04 00:00,LP-BHI-05,Bhilai Steel Plant,21.2514,81.1257,11.0168,76.9558,37500,60,Tarpaulin Cover,1283361,LCV
789,2025-12-27,DO-2026-01-100788,Jindal Steel,"Surat, Gujarat",HRS,26.8,1500,2000,133,0,133,83.9,Normal,2026-01-17 00:00,LP-VSP-06,Visakhapatnam Steel,17.6869,83.2185,21.1702,72.8311,41211,45,None,4946388,LCV
790,2025-12-29,DO-2026-01-100789,Bhushan Steel,"Surat, Gujarat",HRS,15.6,2000,12000,33,0,33,97.0,Low,2026-01-11 00:00,LP-VSP-06,Visakhapatnam Steel,17.6869,83.2185,21.1702,72.8311,37914,45,Tarpaulin Cover,3379076,HCV
791,2025-12-27,DO-2026-01-100790,AM/NS India,"Indore, Madhya Pradesh",Galvanized,23.6,1800,2500,60,0,60,50.0,Critical,2026-01-07 00:00,LP-VSP-06,Visakhapatnam Steel,17.6869,83.2185,22.7196,75.8577,41455,30,None,3053069,HCV
792,2025-12-26,DO-2026-01-100791,Lloyds Metals,"Indore, Madhya Pradesh",Galvanized,12.6,2000,2000,74,0,74,29.3,High,2026-01-12 00:00,LP-VSP-06,Visakhapatnam Steel,17.6869,83.2185,22.7196,75.8577,56556,30,None,4304935,HCV
793,2025-12-28,DO-2026-01-100792,APL Apollo,"Mumbai, Maharashtra",TMT Fe500,19.8,1500,2500,78,0,78,45.5,Medium,2026-01-11 00:00,LP-JAM-01,Tata Steel Jamshedpur,22.8046,86.2029,19.076,72.8777,56100,60,None,1042002,Covered
794,2025-12-29,DO-2026-01-100793,Shyam Steel,"Mumbai, Maharashtra",TMT Fe500,21.2,1000,2500,125,0,125,52.0,Normal,2026-01-12 00:00,LP-JAM-01,Tata Steel Jamshedpur,22.8046,86.2029,19.076,72.8777,57211,60,Tarpaulin Cover,3793849,Covered
795,2025-12-30,DO-2026-01-100794,SRMB Steel,Delhi NCR,TMT Fe550,23.1,1000,12000,133,0,133,289.4,Low,2026-01-17 00:00,LP-JAM-01,Tata Steel Jamshedpur,22.8046,86.2029,28.7041,77.1025,60993,90,None,4046517,Covered
796,2025-12-29,DO-2026-01-100795,Tata Steel Ltd,Delhi NCR,TMT Fe550,8.6,1000,2500,135,0,135,22.8,Critical,2026-01-07 00:00,LP-JAM-01,Tata Steel Jamshedpur,22.8046,86.2029,28.7041,77.1025,42500,90,Tarpaulin Cover,4158197,Open
797,2025-12-26,DO-2026-01-100796,JSW Steel,"Pune, Maharashtra",GP Coil,2.9,1000,6000,119,0,119,16.3,High,2026-01-15 00:00,LP-KOL-02,Kolkata Steel Depot,22.5726,88.3639,18.5204,73.8567,59063,60,Tarpaulin Cover,1592179,Open
798,2026-01-01,DO-2026-01-100797,SAIL Bokaro,"Pune, Maharashtra",GP Coil,6.2,1500,12000,123,0,123,107.8,Medium,2026-01-09 00:00,LP-KOL-02,Kolkata Steel Depot,22.5726,88.3639,18.5204,73.8567,59582,60,None,979435,Open
799,2025-12-23,DO-2026-01-100798,Hindalco Industries,"Chennai, Tamil Nadu",Color Coated,3.4,1250,6000,115,0,115,23.0,Normal,2026-01-06 00:00,LP-KOL-02,Kolkata Steel Depot,22.5726,88.3639,13.0827,80.2707,32201,90,None,3313118,Trailer
800,2025-12-30,DO-2026-01-100799,Vedanta Resources,"Chennai, Tamil Nadu",Color Coated,17.0,1000,2500,58,0,58,19.4,Low,2026-01-12 00:00,LP-KOL-02,Kolkata Steel Depot,22.5726,88.3639,13.0827,80.2707,74544,45,Wooden Crating,4191981,Trailer
801,2025-12-31,DO-2026-01-100800,NMDC Ltd,"Bengaluru, Karnataka",SS304,26.4,1800,6000,119,0,119,266.3,Critical,2026-01-08 00:00,LP-DUR-03,Durgapur Steel,23.5204,87.3119,12.9716,77.5946,43369,60,Wooden Crating,2416512,Trailer
802,2025-12-27,DO-2026-01-100801,Rashtriya Ispat Nigam,"Bengaluru, Karnataka",SS304,12.8,1250,6000,28,0,28,21.1,High,2026-01-17 00:00,LP-DUR-03,Durgapur Steel,23.5204,87.3119,12.9716,77.5946,69381,45,None,942687,Flatbed
803,2025-12-26,DO-2026-01-100802,Essar Steel,"Hyderabad, Telangana",SS316L,18.8,1250,2000,89,0,89,32.8,Medium,2026-01-07 00:00,LP-DUR-03,Durgapur Steel,23.5204,87.3119,17.385,78.4867,49156,45,None,4347902,Flatbed
804,2025-12-31,DO-2026-01-100803,Jindal Steel,"Hyderabad, Telangana",SS316L,8.8,1000,3000,94,0,94,19.5,Normal,2026-01-13 00:00,LP-DUR-03,Durgapur Steel,23.5204,87.3119,17.385,78.4867,39690,30,Tarpaulin Cover,4400376,Flatbed
805,2026-01-01,DO-2026-01-100804,Bhushan Steel,"Ahmedabad, Gujarat",MS A36,25.9,1800,6000,116,0,116,254.7,Low,2026-01-07 00:00,LP-RKL-04,Rourkela Steel Plant,22.2604,84.8536,23.0225,72.5714,45313,45,Express Delivery,2983071,LCV
806,2025-12-27,DO-2026-01-100805,AM/NS India,"Ahmedabad, Gujarat",MS A36,21.4,1800,2500,54,0,54,40.8,Critical,2026-01-17 00:00,LP-RKL-04,Rourkela Steel Plant,22.2604,84.8536,23.0225,72.5714,45540,45,Insurance Mandatory,3123701,LCV
807,2025-12-27,DO-2026-01-100806,Lloyds Metals,"Jaipur, Rajasthan",CRS,19.6,1800,2500,111,0,111,76.9,High,2026-01-16 00:00,LP-RKL-04,Rourkela Steel Plant,22.2604,84.8536,26.9124,75.7873,41564,30,None,2946133,LCV
808,2025-12-24,DO-2026-01-100807,APL Apollo,"Jaipur, Rajasthan",CRS,18.1,1250,3000,48,0,48,25.6,Medium,2026-01-14 00:00,LP-RKL-04,Rourkela Steel Plant,22.2604,84.8536,26.9124,75.7873,74417,90,None,4683264,HCV
809,2025-12-27,DO-2026-01-100808,Shyam Steel,"Lucknow, Uttar Pradesh",HRS,24.7,1800,2500,35,0,35,30.5,Normal,2026-01-15 00:00,LP-BHI-05,Bhilai Steel Plant,21.2514,81.1257,26.8467,80.9462,59740,60,None,1242850,HCV
810,2025-12-28,DO-2026-01-100809,SRMB Steel,"Lucknow, Uttar Pradesh",HRS,10.7,1250,6000,24,0,24,15.1,Low,2026-01-13 00:00,LP-BHI-05,Bhilai Steel Plant,21.2514,81.1257,26.8467,80.9462,75960,30,None,4982405,HCV
811,2025-12-31,DO-2026-01-100810,Tata Steel Ltd,"Coimbatore, Tamil Nadu",Galvanized,11.9,1800,3000,97,0,97,48.9,Critical,2026-01-12 00:00,LP-BHI-05,Bhilai Steel Plant,21.2514,81.1257,11.0168,76.9558,34695,45,None,4975733,Covered
812,2026-01-01,DO-2026-01-100811,JSW Steel,"Coimbatore, Tamil Nadu",Galvanized,26.2,1800,2500,81,0,81,75.0,High,2026-01-09 00:00,LP-BHI-05,Bhilai Steel Plant,21.2514,81.1257,11.0168,76.9558,66761,90,None,1730142,Covered
813,2025-12-29,DO-2026-01-100812,SAIL Bokaro,"Surat, Gujarat",TMT Fe500,3.1,1250,6000,58,0,58,10.6,Medium,2026-01-15 00:00,LP-VSP-06,Visakhapatnam Steel,17.6869,83.2185,21.1702,72.8311,55631,90,None,2958019,Covered
814,2025-12-28,DO-2026-01-100813,Hindalco Industries,"Surat, Gujarat",TMT Fe500,23.6,1500,12000,96,0,96,320.1,Normal,2026-01-10 00:00,LP-VSP-06,Visakhapatnam Steel,17.6869,83.2185,21.1702,72.8311,42812,60,Wooden Crating,4871111,Open
815,2026-01-02,DO-2026-01-100814,Vedanta Resources,"Indore, Madhya Pradesh",TMT Fe550,26.7,2000,6000,115,0,115,289.2,Low,2026-01-07 00:00,LP-VSP-06,Visakhapatnam Steel,17.6869,83.2185,22.7196,75.8577,41740,30,None,1050834,Open
816,2026-01-01,DO-2026-01-100815,NMDC Ltd,"Indore, Madhya Pradesh",TMT Fe550,8.8,1800,6000,78,0,78,58.2,Critical,2026-01-11 00:00,LP-VSP-06,Visakhapatnam Steel,17.6869,83.2185,22.7196,75.8577,34673,90,None,4820148,Open
817,2025-12-28,DO-2026-01-100816,Rashtriya Ispat Nigam,"Mumbai, Maharashtra",GP Coil,14.8,1250,2000,76,0,76,22.1,High,2026-01-05 00:00,LP-JAM-01,Tata Steel Jamshedpur,22.8046,86.2029,19.076,72.8777,45351,60,None,2161760,Trailer
818,2025-12-23,DO-2026-01-100817,Essar Steel,"Mumbai, Maharashtra",GP Coil,15.2,1500,12000,113,0,113,242.7,Medium,2026-01-13 00:00,LP-JAM-01,Tata Steel Jamshedpur,22.8046,86.2029,19.076,72.8777,45919,30,None,2264721,Trailer
819,2025-12-23,DO-2026-01-100818,Jindal Steel,Delhi NCR,Color Coated,25.9,1250,6000,71,0,71,108.3,Normal,2026-01-05 00:00,LP-JAM-01,Tata Steel Jamshedpur,22.8046,86.2029,28.7041,77.1025,53538,30,None,1773334,Trailer
820,2025-12-31,DO-2026-01-100819,Bhushan Steel,Delhi NCR,Color Coated,11.7,1000,3000,68,0,68,18.7,Low,2026-01-04 00:00,LP-JAM-01,Tata Steel Jamshedpur,22.8046,86.2029,28.7041,77.1025,37312,90,Wooden Crating,4775316,Flatbed
821,2025-12-23,DO-2026-01-100820,AM/NS India,"Pune, Maharashtra",SS304,18.3,1500,12000,76,0,76,196.5,Critical,2026-01-04 00:00,LP-KOL-02,Kolkata Steel Depot,22.5726,88.3639,18.5204,73.8567,53589,30,Tarpaulin Cover,4550895,Flatbed
822,2025-12-30,DO-2026-01-100821,Lloyds Metals,"Pune, Maharashtra",SS304,26.6,2000,2500,59,0,59,61.6,High,2026-01-17 00:00,LP-KOL-02,Kolkata Steel Depot,22.5726,88.3639,18.5204,73.8567,35190,60,None,1215861,Flatbed
823,2026-01-01,DO-2026-01-100822,APL Apollo,"Chennai, Tamil Nadu",SS316L,3.8,2000,6000,113,0,113,40.4,Medium,2026-01-10 00:00,LP-KOL-02,Kolkata Steel Depot,22.5726,88.3639,13.0827,80.2707,48722,45,None,4096360,LCV
824,2025-12-27,DO-2026-01-100823,Shyam Steel,"Chennai, Tamil Nadu",SS316L,2.5,1250,2500,29,0,29,1.8,Normal,2026-01-16 00:00,LP-KOL-02,Kolkata Steel Depot,22.5726,88.3639,13.0827,80.2707,58371,60,Tarpaulin Cover,2042975,LCV
825,2025-12-23,DO-2026-01-100824,SRMB Steel,"Bengaluru, Karnataka",MS A36,9.8,1800,3000,33,0,33,13.7,Low,2026-01-13 00:00,LP-DUR-03,Durgapur Steel,23.5204,87.3119,12.9716,77.5946,40604,60,Tarpaulin Cover,3832451,LCV
826,2025-12-26,DO-2026-01-100825,Tata Steel Ltd,"Bengaluru, Karnataka",MS A36,7.2,1800,6000,83,0,83,50.7,Critical,2026-01-08 00:00,LP-DUR-03,Durgapur Steel,23.5204,87.3119,12.9716,77.5946,68900,90,None,4294491,HCV
827,2025-12-23,DO-2026-01-100826,JSW Steel,"Hyderabad, Telangana",CRS,11.6,1250,6000,121,0,121,82.6,High,2026-01-10 00:00,LP-DUR-03,Durgapur Steel,23.5204,87.3119,17.385,78.4867,38091,30,None,4638328,HCV
828,2025-12-25,DO-2026-01-100827,SAIL Bokaro,"Hyderabad, Telangana",CRS,7.8,1250,6000,104,0,104,47.8,Medium,2026-01-14 00:00,LP-DUR-03,Durgapur Steel,23.5204,87.3119,17.385,78.4867,74416,30,None,4418804,HCV
829,2025-12-31,DO-2026-01-100828,Hindalco Industries,"Ahmedabad, Gujarat",HRS,25.6,1800,3000,28,0,28,30.4,Normal,2026-01-06 00:00,LP-RKL-04,Rourkela Steel Plant,22.2604,84.8536,23.0225,72.5714,76847,60,Wooden Crating,5138014,Covered
830,2026-01-01,DO-2026-01-100829,Vedanta Resources,"Ahmedabad, Gujarat",HRS,9.7,1000,12000,72,0,72,65.8,Low,2026-01-04 00:00,LP-RKL-04,Rourkela Steel Plant,22.2604,84.8536,23.0225,72.5714,65647,30,None,4214657,Covered
831,2025-12-28,DO-2026-01-100830,NMDC Ltd,"Jaipur, Rajasthan",Galvanized,14.1,2000,3000,30,0,30,19.9,Critical,2026-01-08 00:00,LP-RKL-04,Rourkela Steel Plant,22.2604,84.8536,26.9124,75.7873,70375,30,Wooden Crating,886471,Covered
832,2025-12-31,DO-2026-01-100831,Rashtriya Ispat Nigam,"Jaipur, Rajasthan",Galvanized,21.3,1800,2500,32,0,32,24.1,High,2026-01-17 00:00,LP-RKL-04,Rourkela Steel Plant,22.2604,84.8536,26.9124,75.7873,57752,30,None,3246848,Open
833,2025-12-24,DO-2026-01-100832,Essar Steel,"Lucknow, Uttar Pradesh",TMT Fe500,17.3,1800,6000,58,0,58,85.1,Medium,2026-01-16 00:00,LP-BHI-05,Bhilai Steel Plant,21.2514,81.1257,26.8467,80.9462,49371,60,Insurance Mandatory,2320278,Open
834,2025-12-23,DO-2026-01-100833,Jindal Steel,"Lucknow, Uttar Pradesh",TMT Fe500,6.8,2000,3000,45,0,45,14.4,Normal,2026-01-05 00:00,LP-BHI-05,Bhilai Steel Plant,21.2514,81.1257,26.8467,80.9462,60429,30,None,1728768,Open
835,2025-12-27,DO-2026-01-100834,Bhushan Steel,"Coimbatore, Tamil Nadu",TMT Fe550,6.5,1800,6000,19,0,19,10.5,Low,2026-01-17 00:00,LP-BHI-05,Bhilai Steel Plant,21.2514,81.1257,11.0168,76.9558,75104,90,None,3776012,Trailer
836,2026-01-01,DO-2026-01-100835,AM/NS India,"Coimbatore, Tamil Nadu",TMT Fe550,19.5,1800,3000,106,0,106,87.6,Critical,2026-01-06 00:00,LP-BHI-05,Bhilai Steel Plant,21.2514,81.1257,11.0168,76.9558,40854,30,None,883255,Trailer
837,2025-12-26,DO-2026-01-100836,Lloyds Metals,"Surat, Gujarat",GP Coil,27.2,1000,2500,107,0,107,57.1,High,2026-01-14 00:00,LP-VSP-06,Visakhapatnam Steel,17.6869,83.2185,21.1702,72.8311,41512,45,None,2351506,Trailer
838,2025-12-26,DO-2026-01-100837,APL Apollo,"Surat, Gujarat",GP Coil,9.8,1800,2500,29,0,29,10.0,Medium,2026-01-10 00:00,LP-VSP-06,Visakhapatnam Steel,17.6869,83.2185,21.1702,72.8311,33429,30,None,2028610,Flatbed
839,2026-01-02,DO-2026-01-100838,Shyam Steel,"Indore, Madhya Pradesh",Color Coated,20.3,1800,6000,112,0,112,192.8,Normal,2026-01-17 00:00,LP-VSP-06,Visakhapatnam Steel,17.6869,83.2185,22.7196,75.8577,61459,45,None,4036097,Flatbed
840,2025-12-27,DO-2026-01-100839,SRMB Steel,"Indore, Madhya Pradesh",Color Coated,10.7,1000,6000,24,0,24,12.1,Low,2026-01-17 00:00,LP-VSP-06,Visakhapatnam Steel,17.6869,83.2185,22.7196,75.8577,64486,60,None,4102761,Flatbed
841,2025-12-30,DO-2026-01-100840,Tata Steel Ltd,"Mumbai, Maharashtra",SS304,15.3,2000,6000,80,0,80,115.3,Critical,2026-01-15 00:00,LP-JAM-01,Tata Steel Jamshedpur,22.8046,86.2029,19.076,72.8777,35978,30,None,3399543,LCV
842,2026-01-01,DO-2026-01-100841,JSW Steel,"Mumbai, Maharashtra",SS304,3.7,1800,6000,88,0,88,27.6,High,2026-01-11 00:00,LP-JAM-01,Tata Steel Jamshedpur,22.8046,86.2029,19.076,72.8777,72809,60,None,4409362,LCV
843,2025-12-28,DO-2026-01-100842,SAIL Bokaro,Delhi NCR,SS316L,6.2,1250,6000,20,0,20,7.3,Medium,2026-01-11 00:00,LP-JAM-01,Tata Steel Jamshedpur,22.8046,86.2029,28.7041,77.1025,47211,45,Tarpaulin Cover,3595021,LCV
844,2025-12-29,DO-2026-01-100843,Hindalco Industries,Delhi NCR,SS316L,17.7,1800,2500,135,0,135,84.4,Normal,2026-01-15 00:00,LP-JAM-01,Tata Steel Jamshedpur,22.8046,86.2029,28.7041,77.1025,57583,90,Wooden Crating,3772042,HCV
845,2025-12-30,DO-2026-01-100844,Vedanta Resources,"Pune, Maharashtra",MS A36,14.3,1250,12000,119,0,119,200.4,Low,2026-01-08 00:00,LP-KOL-02,Kolkata Steel Depot,22.5726,88.3639,18.5204,73.8567,77265,30,Tarpaulin Cover,1832940,HCV
846,2026-01-01,DO-2026-01-100845,NMDC Ltd,"Pune, Maharashtra",MS A36,7.2,2000,6000,40,0,40,27.1,Critical,2026-01-16 00:00,LP-KOL-02,Kolkata Steel Depot,22.5726,88.3639,18.5204,73.8567,59261,90,None,2506850,HCV
847,2025-12-29,DO-2026-01-100846,Rashtriya Ispat Nigam,"Chennai, Tamil Nadu",CRS,3.2,1000,3000,89,0,89,6.7,High,2026-01-09 00:00,LP-KOL-02,Kolkata Steel Depot,22.5726,88.3639,13.0827,80.2707,76363,45,None,4973487,Covered
848,2026-01-01,DO-2026-01-100847,Essar Steel,"Chennai, Tamil Nadu",CRS,23.0,1500,6000,22,0,22,35.7,Medium,2026-01-13 00:00,LP-KOL-02,Kolkata Steel Depot,22.5726,88.3639,13.0827,80.2707,46856,30,Tarpaulin Cover,4829927,Covered
849,2025-12-25,DO-2026-01-100848,Jindal Steel,"Bengaluru, Karnataka",HRS,27.8,1500,2000,51,0,51,33.4,Normal,2026-01-08 00:00,LP-DUR-03,Durgapur Steel,23.5204,87.3119,12.9716,77.5946,41907,30,Tarpaulin Cover,4422756,Covered
850,2025-12-24,DO-2026-01-100849,Bhushan Steel,"Bengaluru, Karnataka",HRS,13.9,1000,2000,120,0,120,26.2,Low,2026-01-13 00:00,LP-DUR-03,Durgapur Steel,23.5204,87.3119,12.9716,77.5946,38676,30,None,2151285,Open
851,2025-12-31,DO-2026-01-100850,AM/NS India,"Hyderabad, Telangana",Galvanized,5.1,1250,3000,98,0,98,14.7,Critical,2026-01-15 00:00,LP-DUR-03,Durgapur Steel,23.5204,87.3119,17.385,78.4867,51144,90,Wooden Crating,4930806,Open
852,2025-12-28,DO-2026-01-100851,Lloyds Metals,"Hyderabad, Telangana",Galvanized,24.6,1250,3000,111,0,111,80.4,High,2026-01-17 00:00,LP-DUR-03,Durgapur Steel,23.5204,87.3119,17.385,78.4867,41029,30,Wooden Crating,4433508,Open
853,2025-12-26,DO-2026-01-100852,APL Apollo,"Ahmedabad, Gujarat",TMT Fe500,22.0,1000,2500,71,0,71,30.7,Medium,2026-01-09 00:00,LP-RKL-04,Rourkela Steel Plant,22.2604,84.8536,23.0225,72.5714,50792,45,None,3874222,Trailer
854,2025-12-31,DO-2026-01-100853,Shyam Steel,"Ahmedabad, Gujarat",TMT Fe500,21.6,1500,2500,109,0,109,69.3,Normal,2026-01-16 00:00,LP-RKL-04,Rourkela Steel Plant,22.2604,84.8536,23.0225,72.5714,66711,90,Wooden Crating,1907580,Trailer
855,2025-12-25,DO-2026-01-100854,SRMB Steel,"Jaipur, Rajasthan",TMT Fe550,13.1,1800,6000,120,0,120,133.3,Low,2026-01-16 00:00,LP-RKL-04,Rourkela Steel Plant,22.2604,84.8536,26.9124,75.7873,76708,60,Express Delivery,4462619,Trailer
856,2026-01-01,DO-2026-01-100855,Tata Steel Ltd,"Jaipur, Rajasthan",TMT Fe550,22.0,2000,2000,36,0,36,24.9,Critical,2026-01-09 00:00,LP-RKL-04,Rourkela Steel Plant,22.2604,84.8536,26.9124,75.7873,52631,90,Insurance Mandatory,2128455,Flatbed
857,2025-12-24,DO-2026-01-100856,JSW Steel,"Lucknow, Uttar Pradesh",GP Coil,3.6,1000,2500,73,0,73,5.2,High,2026-01-04 00:00,LP-BHI-05,Bhilai Steel Plant,21.2514,81.1257,26.8467,80.9462,73393,60,None,3302846,Flatbed
858,2025-12-29,DO-2026-01-100857,SAIL Bokaro,"Lucknow, Uttar Pradesh",GP Coil,21.3,1500,2000,110,0,110,55.2,Medium,2026-01-12 00:00,LP-BHI-05,Bhilai Steel Plant,21.2514,81.1257,26.8467,80.9462,72003,45,Tarpaulin Cover,4492905,Flatbed
859,2025-12-24,DO-2026-01-100858,Hindalco Industries,"Coimbatore, Tamil Nadu",Color Coated,7.3,2000,12000,100,0,100,137.5,Normal,2026-01-14 00:00,LP-BHI-05,Bhilai Steel Plant,21.2514,81.1257,11.0168,76.9558,60976,60,Express Delivery,4143239,LCV
860,2026-01-02,DO-2026-01-100859,Vedanta Resources,"Coimbatore, Tamil Nadu",Color Coated,7.1,1500,2000,117,0,117,19.6,Low,2026-01-12 00:00,LP-BHI-05,Bhilai Steel Plant,21.2514,81.1257,11.0168,76.9558,53921,90,Tarpaulin Cover,1807011,LCV
861,2026-01-01,DO-2026-01-100860,NMDC Ltd,"Surat, Gujarat",SS304,27.8,1500,2500,84,0,84,68.7,Critical,2026-01-12 00:00,LP-VSP-06,Visakhapatnam Steel,17.6869,83.2185,21.1702,72.8311,68161,60,None,2092406,LCV
862,2025-12-29,DO-2026-01-100861,Rashtriya Ispat Nigam,"Surat, Gujarat",SS304,2.7,2000,12000,20,0,20,10.2,High,2026-01-07 00:00,LP-VSP-06,Visakhapatnam Steel,17.6869,83.2185,21.1702,72.8311,51919,90,Insurance Mandatory,1676453,HCV
863,2025-12-23,DO-2026-01-100862,Essar Steel,"Indore, Madhya Pradesh",SS316L,3.6,1500,3000,111,0,111,14.1,Medium,2026-01-12 00:00,LP-VSP-06,Visakhapatnam Steel,17.6869,83.2185,22.7196,75.8577,55230,30,None,1796477,HCV
864,2025-12-28,DO-2026-01-100863,Jindal Steel,"Indore, Madhya Pradesh",SS316L,9.7,1000,6000,75,0,75,34.3,Normal,2026-01-07 00:00,LP-VSP-06,Visakhapatnam Steel,17.6869,83.2185,22.7196,75.8577,70115,45,None,3136856,HCV
865,2025-12-27,DO-2026-01-100864,Bhushan Steel,"Mumbai, Maharashtra",MS A36,22.4,2000,2500,103,0,103,90.6,Low,2026-01-12 00:00,LP-JAM-01,Tata Steel Jamshedpur,22.8046,86.2029,19.076,72.8777,48228,30,None,2365270,Covered
866,2025-12-31,DO-2026-01-100865,AM/NS India,"Mumbai, Maharashtra",MS A36,22.2,1800,2000,123,0,123,77.2,Critical,2026-01-15 00:00,LP-JAM-01,Tata Steel Jamshedpur,22.8046,86.2029,19.076,72.8777,59898,90,None,1271718,Covered
867,2025-12-26,DO-2026-01-100866,Lloyds Metals,Delhi NCR,CRS,25.1,1800,2500,72,0,72,63.8,High,2026-01-05 00:00,LP-JAM-01,Tata Steel Jamshedpur,22.8046,86.2029,28.7041,77.1025,56202,90,Tarpaulin Cover,5103226,Covered
868,2025-12-26,DO-2026-01-100867,APL Apollo,Delhi NCR,CRS,12.3,1500,12000,117,0,117,203.3,Medium,2026-01-14 00:00,LP-JAM-01,Tata Steel Jamshedpur,22.8046,86.2029,28.7041,77.1025,59749,90,Tarpaulin Cover,4856568,Open
869,2025-12-25,DO-2026-01-100868,Shyam Steel,"Pune, Maharashtra",HRS,27.3,1250,2500,111,0,111,74.3,Normal,2026-01-06 00:00,LP-KOL-02,Kolkata Steel Depot,22.5726,88.3639,18.5204,73.8567,63769,90,None,5054911,Open
870,2025-12-26,DO-2026-01-100869,SRMB Steel,"Pune, Maharashtra",HRS,15.8,1250,6000,128,0,128,119.1,Low,2026-01-04 00:00,LP-KOL-02,Kolkata Steel Depot,22.5726,88.3639,18.5204,73.8567,42278,60,Express Delivery,1746281,Open
871,2025-12-28,DO-2026-01-100870,Tata Steel Ltd,"Chennai, Tamil Nadu",Galvanized,24.2,1000,2000,95,0,95,36.1,Critical,2026-01-13 00:00,LP-KOL-02,Kolkata Steel Depot,22.5726,88.3639,13.0827,80.2707,50978,30,None,1737693,Trailer
872,2025-12-29,DO-2026-01-100871,JSW Steel,"Chennai, Tamil Nadu",Galvanized,9.9,1500,3000,65,0,65,22.7,High,2026-01-11 00:00,LP-KOL-02,Kolkata Steel Depot,22.5726,88.3639,13.0827,80.2707,33833,45,None,4287953,Trailer
873,2025-12-30,DO-2026-01-100872,SAIL Bokaro,"Bengaluru, Karnataka",TMT Fe500,26.4,1500,3000,24,0,24,22.4,Medium,2026-01-06 00:00,LP-DUR-03,Durgapur Steel,23.5204,87.3119,12.9716,77.5946,64033,30,None,3674679,Trailer
874,2025-12-24,DO-2026-01-100873,Hindalco Industries,"Bengaluru, Karnataka",TMT Fe500,24.6,1800,6000,26,0,26,54.2,Normal,2026-01-08 00:00,LP-DUR-03,Durgapur Steel,23.5204,87.3119,12.9716,77.5946,69077,90,Express Delivery,3915069,Flatbed
875,2025-12-31,DO-2026-01-100874,Vedanta Resources,"Hyderabad, Telangana",TMT Fe550,23.7,2000,2500,78,0,78,72.6,Low,2026-01-12 00:00,LP-DUR-03,Durgapur Steel,23.5204,87.3119,17.385,78.4867,73711,90,Wooden Crating,4517111,Flatbed
876,2025-12-24,DO-2026-01-100875,NMDC Ltd,"Hyderabad, Telangana",TMT Fe550,24.5,1500,2000,37,0,37,21.3,Critical,2026-01-14 00:00,LP-DUR-03,Durgapur Steel,23.5204,87.3119,17.385,78.4867,72867,90,None,4066831,Flatbed
877,2025-12-23,DO-2026-01-100876,Rashtriya Ispat Nigam,"Ahmedabad, Gujarat",GP Coil,16.1,1800,3000,61,0,61,41.6,High,2026-01-05 00:00,LP-RKL-04,Rourkela Steel Plant,22.2604,84.8536,23.0225,72.5714,42853,30,Tarpaulin Cover,3340805,LCV
878,2025-12-30,DO-2026-01-100877,Essar Steel,"Ahmedabad, Gujarat",GP Coil,18.8,2000,2000,89,0,89,52.5,Medium,2026-01-13 00:00,LP-RKL-04,Rourkela Steel Plant,22.2604,84.8536,23.0225,72.5714,67509,30,Insurance Mandatory,5126788,LCV
879,2026-01-01,DO-2026-01-100878,Jindal Steel,"Jaipur, Rajasthan",Color Coated,21.5,2000,2000,42,0,42,28.4,Normal,2026-01-14 00:00,LP-RKL-04,Rourkela Steel Plant,22.2604,84.8536,26.9124,75.7873,66855,45,Insurance Mandatory,3056552,LCV
880,2026-01-01,DO-2026-01-100879,Bhushan Steel,"Jaipur, Rajasthan",Color Coated,7.4,2000,6000,118,0,118,82.3,Low,2026-01-16 00:00,LP-RKL-04,Rourkela Steel Plant,22.2604,84.8536,26.9124,75.7873,66966,60,None,1127350,HCV
881,2025-12-27,DO-2026-01-100880,AM/NS India,"Lucknow, Uttar Pradesh",SS304,24.4,1000,3000,80,0,80,46.0,Critical,2026-01-06 00:00,LP-BHI-05,Bhilai Steel Plant,21.2514,81.1257,26.8467,80.9462,59193,30,Express Delivery,3412396,HCV
882,2025-12-25,DO-2026-01-100881,Lloyds Metals,"Lucknow, Uttar Pradesh",SS304,8.7,1000,2000,66,0,66,9.0,High,2026-01-06 00:00,LP-BHI-05,Bhilai Steel Plant,21.2514,81.1257,26.8467,80.9462,50700,45,None,1501858,HCV
883,2026-01-02,DO-2026-01-100882,APL Apollo,"Coimbatore, Tamil Nadu",SS316L,10.0,1800,2500,37,0,37,13.1,Medium,2026-01-13 00:00,LP-BHI-05,Bhilai Steel Plant,21.2514,81.1257,11.0168,76.9558,53318,45,None,1240748,Covered
884,2025-12-27,DO-2026-01-100883,Shyam Steel,"Coimbatore, Tamil Nadu",SS316L,12.1,1500,2500,56,0,56,19.9,Normal,2026-01-09 00:00,LP-BHI-05,Bhilai Steel Plant,21.2514,81.1257,11.0168,76.9558,48903,90,Express Delivery,1764738,Covered
885,2025-12-30,DO-2026-01-100884,SRMB Steel,"Surat, Gujarat",MS A36,7.3,2000,12000,24,0,24,33.0,Low,2026-01-11 00:00,LP-VSP-06,Visakhapatnam Steel,17.6869,83.2185,21.1702,72.8311,65333,90,Express Delivery,3008947,Covered
886,2026-01-01,DO-2026-01-100885,Tata Steel Ltd,"Surat, Gujarat",MS A36,10.3,2000,6000,25,0,25,24.3,Critical,2026-01-11 00:00,LP-VSP-06,Visakhapatnam Steel,17.6869,83.2185,21.1702,72.8311,33894,90,Tarpaulin Cover,906219,Open
887,2025-12-30,DO-2026-01-100886,JSW Steel,"Indore, Madhya Pradesh",CRS,16.4,2000,2000,52,0,52,26.8,High,2026-01-16 00:00,LP-VSP-06,Visakhapatnam Steel,17.6869,83.2185,22.7196,75.8577,68353,45,None,4162032,Open
888,2025-12-31,DO-2026-01-100887,SAIL Bokaro,"Indore, Madhya Pradesh",CRS,4.2,2000,2500,75,0,75,12.4,Medium,2026-01-09 00:00,LP-VSP-06,Visakhapatnam Steel,17.6869,83.2185,22.7196,75.8577,67418,45,Wooden Crating,4304693,Open
889,2025-12-26,DO-2026-01-100888,Hindalco Industries,"Mumbai, Maharashtra",HRS,16.4,1000,2000,134,0,134,34.5,Normal,2026-01-17 00:00,LP-JAM-01,Tata Steel Jamshedpur,22.8046,86.2029,19.076,72.8777,72680,60,Tarpaulin Cover,2154099,Trailer
890,2025-12-24,DO-2026-01-100889,Vedanta Resources,"Mumbai, Maharashtra",HRS,3.6,1800,3000,18,0,18,2.7,Low,2026-01-08 00:00,LP-JAM-01,Tata Steel Jamshedpur,22.8046,86.2029,19.076,72.8777,76564,90,Insurance Mandatory,2534711,Trailer
891,2025-12-31,DO-2026-01-100890,NMDC Ltd,Delhi NCR,Galvanized,23.9,1500,2000,92,0,92,51.8,Critical,2026-01-15 00:00,LP-JAM-01,Tata Steel Jamshedpur,22.8046,86.2029,28.7041,77.1025,67002,30,None,4066057,Trailer
892,2025-12-29,DO-2026-01-100891,Rashtriya Ispat Nigam,Delhi NCR,Galvanized,5.2,1250,12000,107,0,107,65.5,High,2026-01-10 00:00,LP-JAM-01,Tata Steel Jamshedpur,22.8046,86.2029,28.7041,77.1025,45818,60,Express Delivery,3624232,Flatbed
893,2025-12-30,DO-2026-01-100892,Essar Steel,"Pune, Maharashtra",TMT Fe500,8.8,1800,3000,99,0,99,36.9,Medium,2026-01-14 00:00,LP-KOL-02,Kolkata Steel Depot,22.5726,88.3639,18.5204,73.8567,53078,60,None,3505299,Flatbed
894,2025-12-24,DO-2026-01-100893,Jindal Steel,"Pune, Maharashtra",TMT Fe500,25.8,1250,2000,20,0,20,10.1,Normal,2026-01-11 00:00,LP-KOL-02,Kolkata Steel Depot,22.5726,88.3639,18.5204,73.8567,32280,30,Tarpaulin Cover,4215862,Flatbed
895,2025-12-25,DO-2026-01-100894,Bhushan Steel,"Chennai, Tamil Nadu",TMT Fe550,25.3,1800,6000,89,0,89,190.9,Low,2026-01-05 00:00,LP-KOL-02,Kolkata Steel Depot,22.5726,88.3639,13.0827,80.2707,74539,30,None,4484413,LCV
896,2025-12-28,DO-2026-01-100895,AM/NS India,"Chennai, Tamil Nadu",TMT Fe550,5.2,1800,12000,104,0,104,91.7,Critical,2026-01-10 00:00,LP-KOL-02,Kolkata Steel Depot,22.5726,88.3639,13.0827,80.2707,43612,30,None,3857816,LCV
897,2025-12-29,DO-2026-01-100896,Lloyds Metals,"Bengaluru, Karnataka",GP Coil,13.6,1250,2000,42,0,42,11.2,High,2026-01-14 00:00,LP-DUR-03,Durgapur Steel,23.5204,87.3119,12.9716,77.5946,55450,45,None,3293245,LCV
898,2025-12-28,DO-2026-01-100897,APL Apollo,"Bengaluru, Karnataka",GP Coil,20.7,1250,6000,121,0,121,147.5,Medium,2026-01-04 00:00,LP-DUR-03,Durgapur Steel,23.5204,87.3119,12.9716,77.5946,50399,90,Express Delivery,2503943,HCV
899,2025-12-29,DO-2026-01-100898,Shyam Steel,"Hyderabad, Telangana",Color Coated,7.1,1800,2000,18,0,18,3.6,Normal,2026-01-13 00:00,LP-DUR-03,Durgapur Steel,23.5204,87.3119,17.385,78.4867,64789,90,None,2375462,HCV
900,2025-12-31,DO-2026-01-100899,SRMB Steel,"Hyderabad, Telangana",Color Coated,21.2,2000,12000,102,0,102,407.4,Low,2026-01-05 00:00,LP-DUR-03,Durgapur Steel,23.5204,87.3119,17.385,78.4867,70545,45,Wooden Crating,1818967,HCV
901,2025-12-29,DO-2026-01-100900,Tata Steel Ltd,"Ahmedabad, Gujarat",SS304,26.3,1250,12000,51,0,51,157.9,Critical,2026-01-07 00:00,LP-RKL-04,Rourkela Steel Plant,22.2604,84.8536,23.0225,72.5714,76432,30,Insurance Mandatory,2871655,Covered
902,2025-12-27,DO-2026-01-100901,JSW Steel,"Ahmedabad, Gujarat",SS304,16.6,1800,2000,105,0,105,49.3,High,2026-01-14 00:00,LP-RKL-04,Rourkela Steel Plant,22.2604,84.8536,23.0225,72.5714,76112,30,Express Delivery,3459514,Covered
903,2026-01-01,DO-2026-01-100902,SAIL Bokaro,"Jaipur, Rajasthan",SS316L,24.0,1800,3000,73,0,73,74.3,Medium,2026-01-14 00:00,LP-RKL-04,Rourkela Steel Plant,22.2604,84.8536,26.9124,75.7873,65966,90,None,5089065,Covered
904,2025-12-29,DO-2026-01-100903,Hindalco Industries,"Jaipur, Rajasthan",SS316L,3.1,1250,2000,115,0,115,7.0,Normal,2026-01-10 00:00,LP-RKL-04,Rourkela Steel Plant,22.2604,84.8536,26.9124,75.7873,66892,90,None,4037150,Open
905,2025-12-30,DO-2026-01-100904,Vedanta Resources,"Lucknow, Uttar Pradesh",MS A36,10.7,2000,2000,42,0,42,14.1,Low,2026-01-15 00:00,LP-BHI-05,Bhilai Steel Plant,21.2514,81.1257,26.8467,80.9462,59775,30,Express Delivery,2401522,Open
906,2026-01-02,DO-2026-01-100905,NMDC Ltd,"Lucknow, Uttar Pradesh",MS A36,10.6,1000,2000,39,0,39,6.5,Critical,2026-01-11 00:00,LP-BHI-05,Bhilai Steel Plant,21.2514,81.1257,26.8467,80.9462,60308,30,Tarpaulin Cover,3554332,Open
907,2025-12-30,DO-2026-01-100906,Rashtriya Ispat Nigam,"Coimbatore, Tamil Nadu",CRS,8.5,1000,6000,125,0,125,50.0,High,2026-01-09 00:00,LP-BHI-05,Bhilai Steel Plant,21.2514,81.1257,11.0168,76.9558,35567,60,None,2735949,Trailer
908,2026-01-01,DO-2026-01-100907,Essar Steel,"Coimbatore, Tamil Nadu",CRS,22.2,2000,6000,27,0,27,56.5,Medium,2026-01-14 00:00,LP-BHI-05,Bhilai Steel Plant,21.2514,81.1257,11.0168,76.9558,61258,30,None,1259078,Trailer
909,2025-12-31,DO-2026-01-100908,Jindal Steel,"Surat, Gujarat",HRS,2.9,1500,2000,135,0,135,9.2,Normal,2026-01-04 00:00,LP-VSP-06,Visakhapatnam Steel,17.6869,83.2185,21.1702,72.8311,60961,30,None,4372528,Trailer
910,2026-01-02,DO-2026-01-100909,Bhushan Steel,"Surat, Gujarat",HRS,4.6,1000,12000,26,0,26,11.3,Low,2026-01-08 00:00,LP-VSP-06,Visakhapatnam Steel,17.6869,83.2185,21.1702,72.8311,56999,90,None,4198623,Flatbed
911,2025-12-26,DO-2026-01-100910,AM/NS India,"Indore, Madhya Pradesh",Galvanized,24.5,2000,2000,47,0,47,36.2,Critical,2026-01-10 00:00,LP-VSP-06,Visakhapatnam Steel,17.6869,83.2185,22.7196,75.8577,62422,90,Express Delivery,1599580,Flatbed
912,2025-12-25,DO-2026-01-100911,Lloyds Metals,"Indore, Madhya Pradesh",Galvanized,18.9,1000,6000,61,0,61,54.3,High,2026-01-09 00:00,LP-VSP-06,Visakhapatnam Steel,17.6869,83.2185,22.7196,75.8577,70522,45,None,853084,Flatbed
913,2025-12-24,DO-2026-01-100912,APL Apollo,"Mumbai, Maharashtra",TMT Fe500,20.5,2000,2500,94,0,94,75.6,Medium,2026-01-06 00:00,LP-JAM-01,Tata Steel Jamshedpur,22.8046,86.2029,19.076,72.8777,73770,60,None,4788270,LCV
914,2025-12-31,DO-2026-01-100913,Shyam Steel,"Mumbai, Maharashtra",TMT Fe500,18.1,1250,2500,110,0,110,48.8,Normal,2026-01-16 00:00,LP-JAM-01,Tata Steel Jamshedpur,22.8046,86.2029,19.076,72.8777,34888,30,None,4406159,LCV
915,2025-12-24,DO-2026-01-100914,SRMB Steel,Delhi NCR,TMT Fe550,27.0,1500,3000,83,0,83,79.2,Low,2026-01-12 00:00,LP-JAM-01,Tata Steel Jamshedpur,22.8046,86.2029,28.7041,77.1025,41543,45,None,3626456,LCV
916,2025-12-24,DO-2026-01-100915,Tata Steel Ltd,Delhi NCR,TMT Fe550,11.6,1000,12000,55,0,55,60.1,Critical,2026-01-14 00:00,LP-JAM-01,Tata Steel Jamshedpur,22.8046,86.2029,28.7041,77.1025,76453,45,None,5003929,HCV
917,2025-12-28,DO-2026-01-100916,JSW Steel,"Pune, Maharashtra",GP Coil,23.7,1000,6000,122,0,122,136.2,High,2026-01-07 00:00,LP-KOL-02,Kolkata Steel Depot,22.5726,88.3639,18.5204,73.8567,45131,45,Wooden Crating,3615145,HCV
918,2025-12-28,DO-2026-01-100917,SAIL Bokaro,"Pune, Maharashtra",GP Coil,19.4,1800,12000,42,0,42,138.2,Medium,2026-01-17 00:00,LP-KOL-02,Kolkata Steel Depot,22.5726,88.3639,18.5204,73.8567,69906,60,Tarpaulin Cover,4262270,HCV
919,2025-12-26,DO-2026-01-100918,Hindalco Industries,"Chennai, Tamil Nadu",Color Coated,6.2,1800,2000,60,0,60,10.5,Normal,2026-01-07 00:00,LP-KOL-02,Kolkata Steel Depot,22.5726,88.3639,13.0827,80.2707,32242,45,Tarpaulin Cover,4663593,Covered
920,2025-12-27,DO-2026-01-100919,Vedanta Resources,"Chennai, Tamil Nadu",Color Coated,7.5,1800,3000,97,0,97,30.8,Low,2026-01-07 00:00,LP-KOL-02,Kolkata Steel Depot,22.5726,88.3639,13.0827,80.2707,58234,45,Wooden Crating,806416,Covered
921,2025-12-25,DO-2026-01-100920,NMDC Ltd,"Bengaluru, Karnataka",SS304,2.3,1500,2000,64,0,64,3.5,Critical,2026-01-05 00:00,LP-DUR-03,Durgapur Steel,23.5204,87.3119,12.9716,77.5946,41332,60,None,3769137,Covered
922,2025-12-29,DO-2026-01-100921,Rashtriya Ispat Nigam,"Bengaluru, Karnataka",SS304,27.4,1250,2500,23,0,23,15.5,High,2026-01-06 00:00,LP-DUR-03,Durgapur Steel,23.5204,87.3119,12.9716,77.5946,46348,60,Tarpaulin Cover,3600595,Open
923,2026-01-02,DO-2026-01-100922,Essar Steel,"Hyderabad, Telangana",SS316L,16.4,1250,2500,126,0,126,50.7,Medium,2026-01-06 00:00,LP-DUR-03,Durgapur Steel,23.5204,87.3119,17.385,78.4867,49156,30,None,1901282,Open
924,2025-12-30,DO-2026-01-100923,Jindal Steel,"Hyderabad, Telangana",SS316L,19.0,1000,3000,66,0,66,29.5,Normal,2026-01-08 00:00,LP-DUR-03,Durgapur Steel,23.5204,87.3119,17.385,78.4867,61897,45,None,3873500,Open
925,2025-12-27,DO-2026-01-100924,Bhushan Steel,"Ahmedabad, Gujarat",MS A36,6.5,2000,12000,102,0,102,124.9,Low,2026-01-15 00:00,LP-RKL-04,Rourkela Steel Plant,22.2604,84.8536,23.0225,72.5714,36284,30,None,1847185,Trailer
926,2025-12-28,DO-2026-01-100925,AM/NS India,"Ahmedabad, Gujarat",MS A36,6.9,2000,6000,119,0,119,77.3,Critical,2026-01-09 00:00,LP-RKL-04,Rourkela Steel Plant,22.2604,84.8536,23.0225,72.5714,71292,90,Insurance Mandatory,2801431,Trailer
927,2025-12-30,DO-2026-01-100926,Lloyds Metals,"Jaipur, Rajasthan",CRS,3.2,2000,12000,135,0,135,81.4,High,2026-01-17 00:00,LP-RKL-04,Rourkela Steel Plant,22.2604,84.8536,26.9124,75.7873,67092,60,Wooden Crating,3498784,Trailer
928,2025-12-25,DO-2026-01-100927,APL Apollo,"Jaipur, Rajasthan",CRS,3.4,1500,2500,49,0,49,4.9,Medium,2026-01-13 00:00,LP-RKL-04,Rourkela Steel Plant,22.2604,84.8536,26.9124,75.7873,64046,45,Tarpaulin Cover,4698243,Flatbed
929,2025-12-25,DO-2026-01-100928,Shyam Steel,"Lucknow, Uttar Pradesh",HRS,19.3,1000,2500,119,0,119,45.1,Normal,2026-01-10 00:00,LP-BHI-05,Bhilai Steel Plant,21.2514,81.1257,26.8467,80.9462,74275,60,None,4644556,Flatbed
930,2025-12-26,DO-2026-01-100929,SRMB Steel,"Lucknow, Uttar Pradesh",HRS,10.4,1500,12000,40,0,40,58.8,Low,2026-01-15 00:00,LP-BHI-05,Bhilai Steel Plant,21.2514,81.1257,26.8467,80.9462,64426,90,None,4113379,Flatbed
931,2025-12-30,DO-2026-01-100930,Tata Steel Ltd,"Coimbatore, Tamil Nadu",Galvanized,26.0,2000,2000,99,0,99,80.8,Critical,2026-01-07 00:00,LP-BHI-05,Bhilai Steel Plant,21.2514,81.1257,11.0168,76.9558,45303,90,Express Delivery,4071049,LCV
932,2025-12-31,DO-2026-01-100931,JSW Steel,"Coimbatore, Tamil Nadu",Galvanized,10.0,1800,12000,45,0,45,76.3,High,2026-01-17 00:00,LP-BHI-05,Bhilai Steel Plant,21.2514,81.1257,11.0168,76.9558,56517,60,Tarpaulin Cover,1876844,LCV
933,2025-12-28,DO-2026-01-100932,SAIL Bokaro,"Surat, Gujarat",TMT Fe500,4.2,1800,12000,114,0,114,81.2,Medium,2026-01-07 00:00,LP-VSP-06,Visakhapatnam Steel,17.6869,83.2185,21.1702,72.8311,70270,30,None,3571709,LCV
934,2025-12-28,DO-2026-01-100933,Hindalco Industries,"Surat, Gujarat",TMT Fe500,13.7,1800,6000,72,0,72,83.6,Normal,2026-01-16 00:00,LP-VSP-06,Visakhapatnam Steel,17.6869,83.2185,21.1702,72.8311,64606,60,None,957351,HCV
935,2025-12-28,DO-2026-01-100934,Vedanta Resources,"Indore, Madhya Pradesh",TMT Fe550,13.5,1500,2000,40,0,40,12.7,Low,2026-01-05 00:00,LP-VSP-06,Visakhapatnam Steel,17.6869,83.2185,22.7196,75.8577,51301,30,Wooden Crating,2660434,HCV
936,2025-12-25,DO-2026-01-100935,NMDC Ltd,"Indore, Madhya Pradesh",TMT Fe550,5.1,1500,2000,30,0,30,3.6,Critical,2026-01-07 00:00,LP-VSP-06,Visakhapatnam Steel,17.6869,83.2185,22.7196,75.8577,53873,45,Tarpaulin Cover,2847350,HCV
937,2025-12-24,DO-2026-01-100936,Rashtriya Ispat Nigam,"Mumbai, Maharashtra",GP Coil,21.4,1500,2500,56,0,56,35.3,High,2026-01-06 00:00,LP-JAM-01,Tata Steel Jamshedpur,22.8046,86.2029,19.076,72.8777,67594,60,None,3262171,Covered
938,2025-12-24,DO-2026-01-100937,Essar Steel,"Mumbai, Maharashtra",GP Coil,23.4,1800,6000,54,0,54,107.1,Medium,2026-01-16 00:00,LP-JAM-01,Tata Steel Jamshedpur,22.8046,86.2029,19.076,72.8777,74946,30,None,5050394,Covered
939,2025-12-30,DO-2026-01-100938,Jindal Steel,Delhi NCR,Color Coated,26.7,1800,2500,115,0,115,108.5,Normal,2026-01-15 00:00,LP-JAM-01,Tata Steel Jamshedpur,22.8046,86.2029,28.7041,77.1025,45754,90,None,4682062,Covered
940,2025-12-28,DO-2026-01-100939,Bhushan Steel,Delhi NCR,Color Coated,23.2,1500,2000,110,0,110,60.1,Low,2026-01-17 00:00,LP-JAM-01,Tata Steel Jamshedpur,22.8046,86.2029,28.7041,77.1025,44310,90,Wooden Crating,4253819,Open
941,2025-12-28,DO-2026-01-100940,AM/NS India,"Pune, Maharashtra",SS304,13.4,2000,2000,44,0,44,18.5,Critical,2026-01-06 00:00,LP-KOL-02,Kolkata Steel Depot,22.5726,88.3639,18.5204,73.8567,69847,45,None,831211,Open
942,2025-12-30,DO-2026-01-100941,Lloyds Metals,"Pune, Maharashtra",SS304,23.1,1500,3000,81,0,81,66.1,High,2026-01-10 00:00,LP-KOL-02,Kolkata Steel Depot,22.5726,88.3639,18.5204,73.8567,59899,90,Wooden Crating,3263539,Open
943,2025-12-31,DO-2026-01-100942,APL Apollo,"Chennai, Tamil Nadu",SS316L,17.3,2000,2000,59,0,59,32.0,Medium,2026-01-06 00:00,LP-KOL-02,Kolkata Steel Depot,22.5726,88.3639,13.0827,80.2707,53643,90,Insurance Mandatory,2462992,Trailer
944,2025-12-26,DO-2026-01-100943,Shyam Steel,"Chennai, Tamil Nadu",SS316L,3.7,1800,2500,68,0,68,8.9,Normal,2026-01-05 00:00,LP-KOL-02,Kolkata Steel Depot,22.5726,88.3639,13.0827,80.2707,53550,90,Tarpaulin Cover,3305551,Trailer
945,2026-01-02,DO-2026-01-100944,SRMB Steel,"Bengaluru, Karnataka",MS A36,6.5,2000,2500,29,0,29,7.4,Low,2026-01-17 00:00,LP-DUR-03,Durgapur Steel,23.5204,87.3119,12.9716,77.5946,77155,90,None,2419322,Trailer
946,2025-12-30,DO-2026-01-100945,Tata Steel Ltd,"Bengaluru, Karnataka",MS A36,25.7,1800,3000,26,0,26,28.3,Critical,2026-01-07 00:00,LP-DUR-03,Durgapur Steel,23.5204,87.3119,12.9716,77.5946,51077,30,None,3842479,Flatbed
947,2025-12-27,DO-2026-01-100946,JSW Steel,"Hyderabad, Telangana",CRS,2.3,1500,6000,84,0,84,13.6,High,2026-01-06 00:00,LP-DUR-03,Durgapur Steel,23.5204,87.3119,17.385,78.4867,39257,45,None,4761861,Flatbed
948,2025-12-30,DO-2026-01-100947,SAIL Bokaro,"Hyderabad, Telangana",CRS,3.8,1250,2500,113,0,113,10.5,Medium,2026-01-08 00:00,LP-DUR-03,Durgapur Steel,23.5204,87.3119,17.385,78.4867,60324,90,None,3353100,Flatbed
949,2025-12-30,DO-2026-01-100948,Hindalco Industries,"Ahmedabad, Gujarat",HRS,7.3,1800,3000,93,0,93,28.8,Normal,2026-01-04 00:00,LP-RKL-04,Rourkela Steel Plant,22.2604,84.8536,23.0225,72.5714,41351,90,None,4099041,LCV
950,2025-12-24,DO-2026-01-100949,Vedanta Resources,"Ahmedabad, Gujarat",HRS,23.0,2000,3000,95,0,95,102.9,Low,2026-01-11 00:00,LP-RKL-04,Rourkela Steel Plant,22.2604,84.8536,23.0225,72.5714,62159,90,Tarpaulin Cover,1514224,LCV
951,2025-12-29,DO-2026-01-100950,NMDC Ltd,"Jaipur, Rajasthan",Galvanized,18.8,1800,3000,54,0,54,43.0,Critical,2026-01-10 00:00,LP-RKL-04,Rourkela Steel Plant,22.2604,84.8536,26.9124,75.7873,72175,45,None,2256410,LCV
952,2025-12-27,DO-2026-01-100951,Rashtriya Ispat Nigam,"Jaipur, Rajasthan",Galvanized,18.1,1800,6000,133,0,133,204.1,High,2026-01-14 00:00,LP-RKL-04,Rourkela Steel Plant,22.2604,84.8536,26.9124,75.7873,44022,30,None,1116284,HCV
953,2025-12-23,DO-2026-01-100952,Essar Steel,"Lucknow, Uttar Pradesh",TMT Fe500,25.0,1250,3000,48,0,48,35.3,Medium,2026-01-12 00:00,LP-BHI-05,Bhilai Steel Plant,21.2514,81.1257,26.8467,80.9462,51129,30,Tarpaulin Cover,2572465,HCV
954,2025-12-28,DO-2026-01-100953,Jindal Steel,"Lucknow, Uttar Pradesh",TMT Fe500,14.8,2000,2000,134,0,134,62.3,Normal,2026-01-05 00:00,LP-BHI-05,Bhilai Steel Plant,21.2514,81.1257,26.8467,80.9462,38895,60,None,2132770,HCV
955,2026-01-02,DO-2026-01-100954,Bhushan Steel,"Coimbatore, Tamil Nadu",TMT Fe550,7.4,1000,6000,50,0,50,17.4,Low,2026-01-05 00:00,LP-BHI-05,Bhilai Steel Plant,21.2514,81.1257,11.0168,76.9558,73868,90,None,4099922,Covered
956,2025-12-29,DO-2026-01-100955,AM/NS India,"Coimbatore, Tamil Nadu",TMT Fe550,7.1,1000,2000,127,0,127,14.2,Critical,2026-01-05 00:00,LP-BHI-05,Bhilai Steel Plant,21.2514,81.1257,11.0168,76.9558,40944,60,Tarpaulin Cover,4644373,Covered
957,2025-12-23,DO-2026-01-100956,Lloyds Metals,"Surat, Gujarat",GP Coil,14.0,1000,12000,80,0,80,105.5,High,2026-01-07 00:00,LP-VSP-06,Visakhapatnam Steel,17.6869,83.2185,21.1702,72.8311,60686,45,None,3091611,Covered
958,2026-01-01,DO-2026-01-100957,APL Apollo,"Surat, Gujarat",GP Coil,6.2,1000,12000,125,0,125,73.0,Medium,2026-01-06 00:00,LP-VSP-06,Visakhapatnam Steel,17.6869,83.2185,21.1702,72.8311,51277,30,None,4028683,Open
959,2025-12-31,DO-2026-01-100958,Shyam Steel,"Indore, Madhya Pradesh",Color Coated,4.0,1000,3000,39,0,39,3.7,Normal,2026-01-11 00:00,LP-VSP-06,Visakhapatnam Steel,17.6869,83.2185,22.7196,75.8577,55467,45,None,1038944,Open
960,2026-01-02,DO-2026-01-100959,SRMB Steel,"Indore, Madhya Pradesh",Color Coated,19.6,1250,6000,132,0,132,152.3,Low,2026-01-17 00:00,LP-VSP-06,Visakhapatnam Steel,17.6869,83.2185,22.7196,75.8577,73601,30,None,3336411,Open
961,2025-12-27,DO-2026-01-100960,Tata Steel Ltd,"Mumbai, Maharashtra",SS304,3.4,1000,2000,74,0,74,4.0,Critical,2026-01-16 00:00,LP-JAM-01,Tata Steel Jamshedpur,22.8046,86.2029,19.076,72.8777,45221,45,None,2751021,Trailer
962,2026-01-02,DO-2026-01-100961,JSW Steel,"Mumbai, Maharashtra",SS304,4.4,1800,2000,43,0,43,5.3,High,2026-01-09 00:00,LP-JAM-01,Tata Steel Jamshedpur,22.8046,86.2029,19.076,72.8777,44592,30,None,1560366,Trailer
963,2026-01-02,DO-2026-01-100962,SAIL Bokaro,Delhi NCR,SS316L,23.7,1250,2500,120,0,120,69.8,Medium,2026-01-10 00:00,LP-JAM-01,Tata Steel Jamshedpur,22.8046,86.2029,28.7041,77.1025,65587,30,Wooden Crating,3456832,Trailer
964,2025-12-25,DO-2026-01-100963,Hindalco Industries,Delhi NCR,SS316L,18.3,2000,2500,89,0,89,63.9,Normal,2026-01-10 00:00,LP-JAM-01,Tata Steel Jamshedpur,22.8046,86.2029,28.7041,77.1025,60041,30,None,1638230,Flatbed
965,2025-12-23,DO-2026-01-100964,Vedanta Resources,"Pune, Maharashtra",MS A36,10.4,1000,6000,63,0,63,30.9,Low,2026-01-09 00:00,LP-KOL-02,Kolkata Steel Depot,22.5726,88.3639,18.5204,73.8567,32785,90,None,2596300,Flatbed
966,2025-12-28,DO-2026-01-100965,NMDC Ltd,"Pune, Maharashtra",MS A36,19.1,1500,12000,26,0,26,70.2,Critical,2026-01-04 00:00,LP-KOL-02,Kolkata Steel Depot,22.5726,88.3639,18.5204,73.8567,36412,45,None,4940747,Flatbed
967,2025-12-29,DO-2026-01-100966,Rashtriya Ispat Nigam,"Chennai, Tamil Nadu",CRS,20.5,2000,2500,31,0,31,24.9,High,2026-01-05 00:00,LP-KOL-02,Kolkata Steel Depot,22.5726,88.3639,13.0827,80.2707,71312,60,Insurance Mandatory,4009523,LCV
968,2025-12-31,DO-2026-01-100967,Essar Steel,"Chennai, Tamil Nadu",CRS,26.0,1250,3000,104,0,104,79.6,Medium,2026-01-14 00:00,LP-KOL-02,Kolkata Steel Depot,22.5726,88.3639,13.0827,80.2707,77064,60,Insurance Mandatory,4794402,LCV
969,2025-12-26,DO-2026-01-100968,Jindal Steel,"Bengaluru, Karnataka",HRS,10.7,2000,12000,26,0,26,52.4,Normal,2026-01-10 00:00,LP-DUR-03,Durgapur Steel,23.5204,87.3119,12.9716,77.5946,65490,45,None,861498,LCV
970,2025-12-30,DO-2026-01-100969,Bhushan Steel,"Bengaluru, Karnataka",HRS,2.6,1000,3000,47,0,47,2.9,Low,2026-01-15 00:00,LP-DUR-03,Durgapur Steel,23.5204,87.3119,12.9716,77.5946,60082,45,Tarpaulin Cover,1252670,HCV
971,2025-12-31,DO-2026-01-100970,AM/NS India,"Hyderabad, Telangana",Galvanized,11.7,1500,2500,35,0,35,12.1,Critical,2026-01-10 00:00,LP-DUR-03,Durgapur Steel,23.5204,87.3119,17.385,78.4867,45394,30,None,4472245,HCV
972,2025-12-28,DO-2026-01-100971,Lloyds Metals,"Hyderabad, Telangana",Galvanized,24.8,1250,3000,112,0,112,81.8,High,2026-01-14 00:00,LP-DUR-03,Durgapur Steel,23.5204,87.3119,17.385,78.4867,34595,90,Tarpaulin Cover,3169736,HCV
973,2025-12-30,DO-2026-01-100972,APL Apollo,"Ahmedabad, Gujarat",TMT Fe500,2.6,1500,3000,114,0,114,10.5,Medium,2026-01-07 00:00,LP-RKL-04,Rourkela Steel Plant,22.2604,84.8536,23.0225,72.5714,67344,30,Express Delivery,2833210,Covered
974,2025-12-27,DO-2026-01-100973,Shyam Steel,"Ahmedabad, Gujarat",TMT Fe500,19.9,1250,12000,120,0,120,281.2,Normal,2026-01-12 00:00,LP-RKL-04,Rourkela Steel Plant,22.2604,84.8536,23.0225,72.5714,53078,45,None,800689,Covered
975,2026-01-02,DO-2026-01-100974,SRMB Steel,"Jaipur, Rajasthan",TMT Fe550,24.6,1000,2500,26,0,26,12.6,Low,2026-01-14 00:00,LP-RKL-04,Rourkela Steel Plant,22.2604,84.8536,26.9124,75.7873,41275,45,None,2206898,Covered
976,2025-12-25,DO-2026-01-100975,Tata Steel Ltd,"Jaipur, Rajasthan",TMT Fe550,16.3,1250,2500,93,0,93,37.2,Critical,2026-01-05 00:00,LP-RKL-04,Rourkela Steel Plant,22.2604,84.8536,26.9124,75.7873,59934,90,None,2407054,Open
977,2025-12-29,DO-2026-01-100976,JSW Steel,"Lucknow, Uttar Pradesh",GP Coil,13.0,2000,2500,49,0,49,25.0,High,2026-01-08 00:00,LP-BHI-05,Bhilai Steel Plant,21.2514,81.1257,26.8467,80.9462,69776,90,Insurance Mandatory,2439474,Open
978,2025-12-28,DO-2026-01-100977,SAIL Bokaro,"Lucknow, Uttar Pradesh",GP Coil,24.4,1800,2000,52,0,52,35.9,Medium,2026-01-10 00:00,LP-BHI-05,Bhilai Steel Plant,21.2514,81.1257,26.8467,80.9462,56754,45,None,4295841,Open
979,2025-12-26,DO-2026-01-100978,Hindalco Industries,"Coimbatore, Tamil Nadu",Color Coated,17.8,1800,2500,82,0,82,51.6,Normal,2026-01-04 00:00,LP-BHI-05,Bhilai Steel Plant,21.2514,81.1257,11.0168,76.9558,56996,90,Express Delivery,3268524,Trailer
980,2025-12-29,DO-2026-01-100979,Vedanta Resources,"Coimbatore, Tamil Nadu",Color Coated,16.0,2000,2500,94,0,94,59.0,Low,2026-01-10 00:00,LP-BHI-05,Bhilai Steel Plant,21.2514,81.1257,11.0168,76.9558,62385,60,None,3896960,Trailer
981,2025-12-31,DO-2026-01-100980,NMDC Ltd,"Surat, Gujarat",SS304,17.8,1000,3000,89,0,89,37.3,Critical,2026-01-15 00:00,LP-VSP-06,Visakhapatnam Steel,17.6869,83.2185,21.1702,72.8311,62753,45,None,2340696,Trailer
982,2025-12-26,DO-2026-01-100981,Rashtriya Ispat Nigam,"Surat, Gujarat",SS304,2.3,2000,3000,18,0,18,1.9,High,2026-01-10 00:00,LP-VSP-06,Visakhapatnam Steel,17.6869,83.2185,21.1702,72.8311,59251,90,Insurance Mandatory,3880166,Flatbed
983,2025-12-27,DO-2026-01-100982,Essar Steel,"Indore, Madhya Pradesh",SS316L,14.7,2000,2000,67,0,67,30.9,Medium,2026-01-04 00:00,LP-VSP-06,Visakhapatnam Steel,17.6869,83.2185,22.7196,75.8577,40157,90,Express Delivery,2111994,Flatbed
984,2025-12-25,DO-2026-01-100983,Jindal Steel,"Indore, Madhya Pradesh",SS316L,21.8,1500,3000,42,0,42,32.3,Normal,2026-01-15 00:00,LP-VSP-06,Visakhapatnam Steel,17.6869,83.2185,22.7196,75.8577,64022,60,Tarpaulin Cover,3982408,Flatbed
985,2026-01-02,DO-2026-01-100984,Bhushan Steel,"Mumbai, Maharashtra",MS A36,21.1,1250,6000,72,0,72,89.4,Low,2026-01-17 00:00,LP-JAM-01,Tata Steel Jamshedpur,22.8046,86.2029,19.076,72.8777,55685,30,Tarpaulin Cover,1990543,LCV
986,2025-12-30,DO-2026-01-100985,AM/NS India,"Mumbai, Maharashtra",MS A36,17.7,1250,3000,51,0,51,26.6,Critical,2026-01-13 00:00,LP-JAM-01,Tata Steel Jamshedpur,22.8046,86.2029,19.076,72.8777,69902,45,None,1524317,LCV
987,2025-12-24,DO-2026-01-100986,Lloyds Metals,Delhi NCR,CRS,20.5,1800,6000,100,0,100,173.8,High,2026-01-05 00:00,LP-JAM-01,Tata Steel Jamshedpur,22.8046,86.2029,28.7041,77.1025,65982,45,Express Delivery,2141029,LCV
988,2025-12-25,DO-2026-01-100987,APL Apollo,Delhi NCR,CRS,13.1,1500,12000,124,0,124,229.5,Medium,2026-01-14 00:00,LP-JAM-01,Tata Steel Jamshedpur,22.8046,86.2029,28.7041,77.1025,57086,60,Wooden Crating,1495524,HCV
989,2025-12-29,DO-2026-01-100988,Shyam Steel,"Pune, Maharashtra",HRS,18.5,1500,2500,31,0,31,16.9,Normal,2026-01-15 00:00,LP-KOL-02,Kolkata Steel Depot,22.5726,88.3639,18.5204,73.8567,45731,90,Tarpaulin Cover,803857,HCV
990,2026-01-01,DO-2026-01-100989,SRMB Steel,"Pune, Maharashtra",HRS,23.2,1000,2000,39,0,39,14.2,Low,2026-01-16 00:00,LP-KOL-02,Kolkata Steel Depot,22.5726,88.3639,18.5204,73.8567,77633,90,None,3168773,HCV
991,2025-12-31,DO-2026-01-100990,Tata Steel Ltd,"Chennai, Tamil Nadu",Galvanized,13.2,1250,3000,111,0,111,43.1,Critical,2026-01-15 00:00,LP-KOL-02,Kolkata Steel Depot,22.5726,88.3639,13.0827,80.2707,40803,45,None,4966229,Covered
992,2025-12-30,DO-2026-01-100991,JSW Steel,"Chennai, Tamil Nadu",Galvanized,13.7,1250,2500,32,0,32,10.8,High,2026-01-04 00:00,LP-KOL-02,Kolkata Steel Depot,22.5726,88.3639,13.0827,80.2707,43975,45,None,4179199,Covered
993,2025-12-23,DO-2026-01-100992,SAIL Bokaro,"Bengaluru, Karnataka",TMT Fe500,18.3,2000,2000,74,0,74,42.5,Medium,2026-01-06 00:00,LP-DUR-03,Durgapur Steel,23.5204,87.3119,12.9716,77.5946,37230,60,None,1795904,Covered
994,2025-12-30,DO-2026-01-100993,Hindalco Industries,"Bengaluru, Karnataka",TMT Fe500,3.7,1000,12000,53,0,53,18.5,Normal,2026-01-11 00:00,LP-DUR-03,Durgapur Steel,23.5204,87.3119,12.9716,77.5946,63797,30,None,2982047,Open
995,2026-01-01,DO-2026-01-100994,Vedanta Resources,"Hyderabad, Telangana",TMT Fe550,26.8,2000,2000,114,0,114,95.9,Low,2026-01-07 00:00,LP-DUR-03,Durgapur Steel,23.5204,87.3119,17.385,78.4867,66231,30,None,5112697,Open
996,2025-12-28,DO-2026-01-100995,NMDC Ltd,"Hyderabad, Telangana",TMT Fe550,8.9,1800,6000,115,0,115,86.8,Critical,2026-01-13 00:00,LP-DUR-03,Durgapur Steel,23.5204,87.3119,17.385,78.4867,60144,60,None,3627942,Open
997,2025-12-27,DO-2026-01-100996,Rashtriya Ispat Nigam,"Ahmedabad, Gujarat",GP Coil,23.2,1500,6000,58,0,58,95.1,High,2026-01-13 00:00,LP-RKL-04,Rourkela Steel Plant,22.2604,84.8536,23.0225,72.5714,35751,60,Express Delivery,1590348,Trailer
998,2026-01-02,DO-2026-01-100997,Essar Steel,"Ahmedabad, Gujarat",GP Coil,13.9,1800,2500,18,0,18,8.8,Medium,2026-01-13 00:00,LP-RKL-04,Rourkela Steel Plant,22.2604,84.8536,23.0225,72.5714,40054,60,Insurance Mandatory,2834884,Trailer
999,2025-12-27,DO-2026-01-100998,Jindal Steel,"Jaipur, Rajasthan",Color Coated,13.7,1800,12000,65,0,65,151.0,Normal,2026-01-14 00:00,LP-RKL-04,Rourkela Steel Plant,22.2604,84.8536,26.9124,75.7873,44316,30,Insurance Mandatory,3452671,Trailer
1000,2025-12-23,DO-2026-01-100999,Bhushan Steel,"Jaipur, Rajasthan",Color Coated,18.5,1000,3000,20,0,20,8.7,Low,2026-01-11 00:00,LP-RKL-04,Rourkela Steel Plant,22.2604,84.8536,26.9124,75.7873,47306,90,None,1432574,Flatbed
