LREntryNo,LREntryDate,VehicleNo,Capacity,Vehicle_Type,Vehicle_Ownership_Type,CustomerName,From_Station,To_Station,NetWt_Tons,Freight_Revenue_INR,Fuel_Cost_INR,Driver_Allowance_INR,Toll_Charges_INR,Total_Trip_Cost_INR,Profit_Margin_INR,Profit_Margin_Percent,Actual_Distance_Km,Trip_Duration_Hours,Delay_Hours
LR-2025-080000,2025-08-24,HR-59-BB-4196,32,Covered,Owned,Tata Steel Ltd,Tata Steel Jamshedpur,Mumbai,12.5,56828,51071,2930,2323,55834,994,1.75,2419,60.6,0
LR-2025-080001,2025-08-26,UP-67-AB-8899,32,Open,Attached,JSW Steel,Kolkata Steel Depot,Delhi NCR,20.9,78109,33948,3666,2498,99829,-21720,-27.81,746,21.9,12
LR-2025-080002,2025-10-01,TN-45-BA-5220,32,Trailer,Market,SAIL Bokaro,Durgapur Steel,Pune,19.5,35915,26067,5525,2356,30288,5627,15.67,2569,51.5,0
LR-2025-080003,2025-10-27,HR-92-BC-7176,32,Flatbed,Owned,Hindalco Industries,Rourkela Steel Plant,Chennai,25.1,86136,43011,5478,4430,96449,-10313,-11.97,2681,70.1,0
LR-2025-080004,2025-11-24,GJ-21-AB-2460,21,LCV,Attached,Vedanta Resources,Bhilai Steel Plant,Bengaluru,25.1,49293,30331,5849,2275,43193,6100,12.37,2726,36.6,3
LR-2025-080005,2025-12-23,GJ-17-BA-7359,25,HCV,Market,NMDC Ltd,Visakhapatnam Steel,Hyderabad,16.2,58916,41922,6066,4582,62451,-3535,-6.0,897,45.1,1
LR-2025-080006,2025-12-21,KA-50-AC-5863,19,Covered,Owned,Rashtriya Ispat Nigam,Tata Steel Jamshedpur,Ahmedabad,20.0,48558,47870,3403,4263,39595,8963,18.46,1540,24.2,1
LR-2025-080007,2025-12-15,RJ-49-AB-5480,32,Open,Attached,Essar Steel,Kolkata Steel Depot,Jaipur,21.6,86513,32136,4827,2993,102988,-16475,-19.04,1922,19.3,3
LR-2025-080008,2025-10-31,MH-99-AA-3933,25,Trailer,Market,Jindal Steel,Durgapur Steel,Lucknow,24.8,44007,37601,6138,4500,52390,-8383,-19.05,1032,71.5,0
LR-2025-080009,2025-08-24,RJ-60-CA-2176,28,Flatbed,Owned,Bhushan Steel,Rourkela Steel Plant,Coimbatore,24.8,56112,36505,5652,2599,54971,1141,2.03,2624,38.1,0
LR-2025-080010,2025-12-10,GJ-68-AC-3253,25,LCV,Attached,AM/NS India,Bhilai Steel Plant,Surat,24.1,83300,37076,3393,2659,97583,-14283,-17.15,1273,61.0,0
LR-2025-080011,2025-07-29,HR-96-AC-7169,25,HCV,Market,Lloyds Metals,Visakhapatnam Steel,Indore,23.8,76679,29024,3030,2193,58640,18039,23.53,1836,70.6,0
LR-2025-080012,2025-08-14,RJ-85-CA-3434,32,Covered,Owned,APL Apollo,Tata Steel Jamshedpur,Mumbai,24.7,37438,34056,2939,2286,30737,6701,17.9,1366,38.2,0
LR-2025-080013,2025-07-09,TN-98-AB-8596,32,Open,Attached,Shyam Steel,Kolkata Steel Depot,Delhi NCR,17.5,73069,47171,4304,1847,91802,-18733,-25.64,871,22.5,0
LR-2025-080014,2025-08-15,MH-12-CB-5484,32,Trailer,Market,SRMB Steel,Durgapur Steel,Pune,25.2,76035,29868,4372,3783,84229,-8194,-10.78,2156,32.7,0
LR-2025-080015,2025-08-08,UP-61-AA-7451,28,Flatbed,Owned,Tata Steel Ltd,Rourkela Steel Plant,Chennai,26.7,55314,50018,3061,3925,43865,11449,20.7,2775,46.2,3
LR-2025-080016,2025-10-31,HR-33-AC-1087,28,LCV,Attached,JSW Steel,Bhilai Steel Plant,Bengaluru,18.9,76709,38597,3303,1960,63249,13460,17.55,907,48.2,1
LR-2025-080017,2025-12-15,HR-25-BB-6956,28,HCV,Market,SAIL Bokaro,Visakhapatnam Steel,Hyderabad,13.1,39755,18005,3817,3031,41842,-2087,-5.25,569,69.0,0
LR-2025-080018,2025-08-09,KA-27-CB-6127,28,Covered,Owned,Hindalco Industries,Tata Steel Jamshedpur,Ahmedabad,28.6,85301,41076,5282,4004,77843,7458,8.74,2471,27.8,0
LR-2025-080019,2025-12-14,MH-28-BB-4526,19,Open,Attached,Vedanta Resources,Kolkata Steel Depot,Jaipur,22.1,87724,32158,5223,3270,68711,19013,21.67,1516,23.2,1
LR-2025-080020,2025-10-18,TN-93-AC-7554,25,Trailer,Market,NMDC Ltd,Durgapur Steel,Lucknow,11.2,38873,34657,5571,3542,40658,-1785,-4.59,966,46.0,0
LR-2025-080021,2025-07-14,MH-57-AC-7876,19,Flatbed,Owned,Rashtriya Ispat Nigam,Rourkela Steel Plant,Coimbatore,16.1,82016,46418,4352,1906,73822,8194,9.99,1393,20.3,0
LR-2025-080022,2025-09-10,HR-52-AB-6944,21,LCV,Attached,Essar Steel,Bhilai Steel Plant,Surat,25.8,41208,27589,6069,2724,45974,-4766,-11.57,1500,16.6,0
LR-2025-080023,2025-11-27,HR-32-BB-9021,16,HCV,Market,Jindal Steel,Visakhapatnam Steel,Indore,20.6,48563,36480,5059,2910,46469,2094,4.31,785,66.2,0
LR-2025-080024,2025-09-26,TN-71-AC-5244,16,Covered,Owned,Bhushan Steel,Tata Steel Jamshedpur,Mumbai,23.9,83274,28190,5493,2317,80157,3117,3.74,964,37.2,2
LR-2025-080025,2025-07-13,RJ-41-CA-8500,19,Open,Attached,AM/NS India,Kolkata Steel Depot,Delhi NCR,18.7,37464,41199,6070,3719,46365,-8901,-23.76,2437,32.1,6
LR-2025-080026,2025-10-26,GJ-91-AB-6007,25,Trailer,Market,Lloyds Metals,Durgapur Steel,Pune,25.7,68117,23907,5399,2125,85124,-17007,-24.97,694,56.9,6
LR-2025-080027,2025-12-02,GJ-80-CB-1175,25,Flatbed,Owned,APL Apollo,Rourkela Steel Plant,Chennai,23.7,44820,26940,4764,3839,47472,-2652,-5.92,2489,54.4,1
LR-2025-080028,2025-09-11,WB-88-BA-1119,32,LCV,Attached,Shyam Steel,Bhilai Steel Plant,Bengaluru,18.4,68891,40613,3800,4826,77358,-8467,-12.29,2543,54.3,0
LR-2025-080029,2025-08-11,MH-32-AB-7013,19,HCV,Market,SRMB Steel,Visakhapatnam Steel,Hyderabad,20.3,63402,21336,4531,3829,79989,-16587,-26.16,1932,25.5,6
LR-2025-080030,2025-10-21,HR-47-BB-8915,21,Covered,Owned,Tata Steel Ltd,Tata Steel Jamshedpur,Ahmedabad,15.1,56148,18146,5822,4385,69360,-13212,-23.53,2709,38.0,4
LR-2025-080031,2025-12-14,KA-89-CB-1942,21,Open,Attached,JSW Steel,Kolkata Steel Depot,Jaipur,9.6,76137,48169,4145,3022,78275,-2138,-2.81,1829,22.0,0
LR-2025-080032,2025-09-24,WB-22-CA-9061,19,Trailer,Market,SAIL Bokaro,Durgapur Steel,Lucknow,11.3,81345,51706,3429,3482,69697,11648,14.32,887,67.1,0
LR-2025-080033,2025-10-27,KA-60-BC-5903,21,Flatbed,Owned,Hindalco Industries,Rourkela Steel Plant,Coimbatore,18.5,84426,29939,4997,5124,92991,-8565,-10.14,1483,22.1,0
LR-2025-080034,2025-11-18,RJ-65-AA-6885,32,LCV,Attached,Vedanta Resources,Bhilai Steel Plant,Surat,13.7,89008,30423,3966,1964,87981,1027,1.15,927,38.1,2
LR-2025-080035,2025-11-03,KA-95-BB-2946,25,HCV,Market,NMDC Ltd,Visakhapatnam Steel,Indore,19.8,36071,50477,6076,4592,30421,5650,15.66,901,34.2,2
LR-2025-080036,2025-09-15,UP-24-AB-1346,19,Covered,Owned,Rashtriya Ispat Nigam,Tata Steel Jamshedpur,Mumbai,12.8,91787,50768,2855,4943,88844,2943,3.21,1348,18.9,3
LR-2025-080037,2025-12-21,TN-71-BB-5623,25,Open,Attached,Essar Steel,Kolkata Steel Depot,Delhi NCR,11.2,62158,46111,3814,4329,78801,-16643,-26.78,1004,56.8,0
LR-2025-080038,2025-10-17,MH-95-CA-4250,25,Trailer,Market,Jindal Steel,Durgapur Steel,Pune,24.3,52424,24754,5671,4791,60744,-8320,-15.87,2437,50.2,0
LR-2025-080039,2025-07-14,UP-39-AB-3167,25,Flatbed,Owned,Bhushan Steel,Rourkela Steel Plant,Chennai,10.3,90024,30594,3398,3546,96094,-6070,-6.74,452,50.5,0
LR-2025-080040,2025-08-11,GJ-99-BA-4633,21,LCV,Attached,AM/NS India,Bhilai Steel Plant,Bengaluru,18.4,37339,22020,4888,3549,35763,1576,4.22,591,33.0,0
LR-2025-080041,2025-09-07,MH-50-AA-3977,16,HCV,Market,Lloyds Metals,Visakhapatnam Steel,Hyderabad,9.5,52386,39078,3668,2968,65501,-13115,-25.04,2313,31.7,1
LR-2025-080042,2025-08-20,RJ-52-BB-2827,16,Covered,Owned,APL Apollo,Tata Steel Jamshedpur,Ahmedabad,23.5,62239,26539,4156,3276,53284,8955,14.39,1860,57.6,1
LR-2025-080043,2025-07-10,GJ-36-CA-2429,16,Open,Attached,Shyam Steel,Kolkata Steel Depot,Jaipur,12.2,73630,25887,2968,4202,70186,3444,4.68,1160,26.8,0
LR-2025-080044,2025-08-06,RJ-48-CB-4309,28,Trailer,Market,SRMB Steel,Durgapur Steel,Lucknow,24.6,40464,20871,3323,2585,32328,8136,20.11,2092,46.8,0
LR-2025-080045,2025-08-02,RJ-56-CB-2923,25,Flatbed,Owned,Tata Steel Ltd,Rourkela Steel Plant,Coimbatore,10.9,91480,45459,4945,3863,105647,-14167,-15.49,469,25.3,0
LR-2025-080046,2025-08-01,WB-98-BA-7512,25,LCV,Attached,JSW Steel,Bhilai Steel Plant,Surat,23.9,42449,51651,3107,2477,38655,3794,8.94,2173,58.0,0
LR-2025-080047,2025-07-21,GJ-36-AC-1058,19,HCV,Market,SAIL Bokaro,Visakhapatnam Steel,Indore,21.5,85076,18580,6038,3900,81922,3154,3.71,2245,44.2,2
LR-2025-080048,2025-10-28,GJ-44-AB-3803,19,Covered,Owned,Hindalco Industries,Tata Steel Jamshedpur,Mumbai,10.5,50962,33611,3995,1960,46772,4190,8.22,986,68.8,0
LR-2025-080049,2025-12-10,MH-36-AB-1022,32,Open,Attached,Vedanta Resources,Kolkata Steel Depot,Delhi NCR,16.8,42714,42190,4129,2140,38469,4245,9.94,2629,30.8,0
LR-2025-080050,2025-12-09,WB-55-BA-5582,19,Trailer,Market,NMDC Ltd,Durgapur Steel,Pune,14.9,74074,19024,5001,4492,67655,6419,8.67,2769,22.0,2
LR-2025-080051,2025-10-19,MH-66-BA-6312,21,Flatbed,Owned,Rashtriya Ispat Nigam,Rourkela Steel Plant,Chennai,13.8,59033,43917,3437,3627,73894,-14861,-25.17,1329,56.9,0
LR-2025-080052,2025-11-30,KA-33-CB-4031,19,LCV,Attached,Essar Steel,Bhilai Steel Plant,Bengaluru,13.5,43721,50146,5787,2538,53739,-10018,-22.91,1535,17.2,0
LR-2025-080053,2025-07-21,MH-18-AC-2180,25,HCV,Market,Jindal Steel,Visakhapatnam Steel,Hyderabad,14.7,45647,44378,3210,4766,54096,-8449,-18.51,2537,23.7,2
LR-2025-080054,2025-09-18,TN-12-AB-1222,32,Covered,Owned,Bhushan Steel,Tata Steel Jamshedpur,Ahmedabad,29.1,34772,26662,3817,4954,37335,-2563,-7.37,722,31.0,6
LR-2025-080055,2025-12-21,HR-79-BC-2392,19,Open,Attached,AM/NS India,Kolkata Steel Depot,Jaipur,12.4,73297,47119,6140,2468,56220,17077,23.3,1639,34.6,0
LR-2025-080056,2025-10-16,HR-12-AA-2684,28,Trailer,Market,Lloyds Metals,Durgapur Steel,Lucknow,15.7,37661,51524,4501,2380,39267,-1606,-4.26,384,67.1,0
LR-2025-080057,2025-09-24,GJ-38-CA-2841,25,Flatbed,Owned,APL Apollo,Rourkela Steel Plant,Coimbatore,13.1,61992,25217,3719,2216,59537,2455,3.96,1534,36.0,1
LR-2025-080058,2025-12-02,WB-87-AC-3917,25,LCV,Attached,Shyam Steel,Bhilai Steel Plant,Surat,20.6,41756,29885,5582,3541,39562,2194,5.25,995,66.0,1
LR-2025-080059,2025-09-25,HR-44-CB-7047,21,HCV,Market,SRMB Steel,Visakhapatnam Steel,Indore,26.5,74944,23004,6031,1808,88819,-13875,-18.51,988,59.6,0
LR-2025-080060,2025-08-23,HR-24-CA-5562,19,Covered,Owned,Tata Steel Ltd,Tata Steel Jamshedpur,Mumbai,11.4,43684,26358,3544,4943,42073,1611,3.69,1957,35.7,0
LR-2025-080061,2025-09-09,RJ-27-BA-7278,25,Open,Attached,JSW Steel,Kolkata Steel Depot,Delhi NCR,21.0,65541,50283,4981,3996,73444,-7903,-12.06,1322,37.5,1
LR-2025-080062,2025-10-28,HR-40-BC-1046,19,Trailer,Market,SAIL Bokaro,Durgapur Steel,Pune,30.4,61645,19124,4284,4087,63742,-2097,-3.4,2321,69.6,4
LR-2025-080063,2025-09-22,UP-47-CB-3361,28,Flatbed,Owned,Hindalco Industries,Rourkela Steel Plant,Chennai,29.9,37904,45595,3793,2663,46770,-8866,-23.39,1299,19.1,0
LR-2025-080064,2025-09-18,WB-99-CA-7089,16,LCV,Attached,Vedanta Resources,Bhilai Steel Plant,Bengaluru,24.2,79598,22834,4753,4232,89632,-10034,-12.61,1027,17.7,0
LR-2025-080065,2025-12-20,TN-29-AC-8696,32,HCV,Market,NMDC Ltd,Visakhapatnam Steel,Hyderabad,12.4,39176,37628,4725,3485,34766,4410,11.26,1761,40.9,1
LR-2025-080066,2025-11-14,WB-92-AA-3843,28,Covered,Owned,Rashtriya Ispat Nigam,Tata Steel Jamshedpur,Ahmedabad,12.9,34865,43977,4535,4584,31696,3169,9.09,2240,47.0,3
LR-2025-080067,2025-10-26,TN-30-BB-2506,28,Open,Attached,Essar Steel,Kolkata Steel Depot,Jaipur,17.4,71490,26200,5843,2667,72989,-1499,-2.1,2020,50.7,0
LR-2025-080068,2025-08-02,HR-98-CB-8821,21,Trailer,Market,Jindal Steel,Durgapur Steel,Lucknow,23.2,46038,44548,6188,3358,54679,-8641,-18.77,1055,19.1,0
LR-2025-080069,2025-11-26,HR-19-BC-6496,16,Flatbed,Owned,Bhushan Steel,Rourkela Steel Plant,Coimbatore,14.5,61801,28666,5018,2236,53227,8574,13.87,647,27.9,0
LR-2025-080070,2025-11-02,WB-40-BB-2393,28,LCV,Attached,AM/NS India,Bhilai Steel Plant,Surat,21.4,54258,49706,2987,1996,46533,7725,14.24,1668,21.2,0
LR-2025-080071,2025-09-13,MH-50-CA-6830,19,HCV,Market,Lloyds Metals,Visakhapatnam Steel,Indore,24.3,57373,24381,4157,3468,66029,-8656,-15.09,2442,21.7,2
LR-2025-080072,2025-09-17,KA-85-AA-5753,19,Covered,Owned,APL Apollo,Tata Steel Jamshedpur,Mumbai,12.7,43842,48350,3122,4363,33860,9982,22.77,762,69.4,0
LR-2025-080073,2025-07-09,UP-30-BC-8331,19,Open,Attached,Shyam Steel,Kolkata Steel Depot,Delhi NCR,16.6,48132,41613,5353,3564,56790,-8658,-17.99,543,65.9,2
LR-2025-080074,2025-07-20,HR-29-CB-2595,16,Trailer,Market,SRMB Steel,Durgapur Steel,Pune,12.5,59403,38286,5041,5066,52532,6871,11.57,737,43.9,0
LR-2025-080075,2025-11-12,HR-45-BC-6789,16,Flatbed,Owned,Tata Steel Ltd,Rourkela Steel Plant,Chennai,11.0,45122,48195,3856,3738,56209,-11087,-24.57,1428,58.7,0
LR-2025-080076,2025-07-31,KA-15-BC-5696,25,LCV,Attached,JSW Steel,Bhilai Steel Plant,Bengaluru,18.1,43204,26453,4605,3302,53949,-10745,-24.87,2479,63.3,6
LR-2025-080077,2025-09-09,KA-43-AA-1934,32,HCV,Market,SAIL Bokaro,Visakhapatnam Steel,Hyderabad,26.1,58489,18520,3433,2231,46991,11498,19.66,1570,37.0,0
LR-2025-080078,2025-09-15,KA-95-AB-6716,25,Covered,Owned,Hindalco Industries,Tata Steel Jamshedpur,Ahmedabad,19.3,89956,48464,3246,2151,71780,18176,20.21,1118,57.0,4
LR-2025-080079,2025-11-02,TN-52-AB-6198,21,Open,Attached,Vedanta Resources,Kolkata Steel Depot,Jaipur,30.4,60014,49869,3670,4676,69585,-9571,-15.95,2330,22.4,0
LR-2025-080080,2025-08-25,UP-91-BA-6245,28,Trailer,Market,NMDC Ltd,Durgapur Steel,Lucknow,10.2,69722,42922,3055,5111,58635,11087,15.9,1860,60.2,8
LR-2025-080081,2025-12-18,TN-44-BB-3885,16,Flatbed,Owned,Rashtriya Ispat Nigam,Rourkela Steel Plant,Coimbatore,12.5,47986,35950,4459,2134,37819,10167,21.19,1601,64.9,0
LR-2025-080082,2025-10-18,UP-16-AB-8021,21,LCV,Attached,Essar Steel,Bhilai Steel Plant,Surat,29.7,61506,37457,3473,2613,63529,-2023,-3.29,1810,68.7,0
LR-2025-080083,2025-11-12,TN-55-CA-1162,28,HCV,Market,Jindal Steel,Visakhapatnam Steel,Indore,25.9,69094,31012,3118,4760,77260,-8166,-11.82,2749,50.5,0
LR-2025-080084,2025-10-03,WB-29-CB-3416,25,Covered,Owned,Bhushan Steel,Tata Steel Jamshedpur,Mumbai,27.7,87969,25445,6044,4560,109809,-21840,-24.83,2044,30.7,2
LR-2025-080085,2025-11-21,KA-91-AB-1597,19,Open,Attached,AM/NS India,Kolkata Steel Depot,Delhi NCR,25.2,63527,30298,4521,4652,79442,-15915,-25.05,2616,59.4,1
LR-2025-080086,2025-11-05,WB-57-BC-1265,21,Trailer,Market,Lloyds Metals,Durgapur Steel,Pune,28.3,48164,50904,6154,2310,45323,2841,5.9,2424,52.3,0
LR-2025-080087,2025-08-07,TN-76-BC-2857,19,Flatbed,Owned,APL Apollo,Rourkela Steel Plant,Chennai,19.1,60895,42452,3524,4064,57418,3477,5.71,2816,25.1,0
LR-2025-080088,2025-09-03,GJ-99-AB-2435,16,LCV,Attached,Shyam Steel,Bhilai Steel Plant,Bengaluru,11.4,52679,19076,5324,3484,63186,-10507,-19.95,804,43.8,2
LR-2025-080089,2025-09-01,WB-95-BB-7891,19,HCV,Market,SRMB Steel,Visakhapatnam Steel,Hyderabad,14.2,69699,47794,5059,3360,56585,13114,18.82,848,27.0,0
LR-2025-080090,2025-08-27,TN-92-CA-1124,21,Covered,Owned,Tata Steel Ltd,Tata Steel Jamshedpur,Ahmedabad,25.9,42155,51263,3961,2896,39723,2432,5.77,1463,33.2,4
LR-2025-080091,2025-12-22,TN-14-AA-1430,19,Open,Attached,JSW Steel,Kolkata Steel Depot,Jaipur,26.1,61178,38805,4172,2498,67915,-6737,-11.01,2723,71.6,0
LR-2025-080092,2025-07-12,TN-16-CA-3111,32,Trailer,Market,SAIL Bokaro,Durgapur Steel,Lucknow,17.7,59648,29384,4451,3103,51308,8340,13.98,2498,24.9,0
LR-2025-080093,2025-08-16,HR-90-CA-5263,28,Flatbed,Owned,Hindalco Industries,Rourkela Steel Plant,Coimbatore,12.8,80532,39129,3634,2181,94755,-14223,-17.66,762,17.4,0
LR-2025-080094,2025-12-16,HR-83-CA-1414,32,LCV,Attached,Vedanta Resources,Bhilai Steel Plant,Surat,24.9,84464,47734,5398,4386,90251,-5787,-6.85,1846,26.4,1
LR-2025-080095,2025-08-08,MH-58-BB-1847,21,HCV,Market,NMDC Ltd,Visakhapatnam Steel,Indore,11.2,48532,27422,5369,1894,44378,4154,8.56,2753,64.5,0
LR-2025-080096,2025-11-17,GJ-43-AC-2520,16,Covered,Owned,Rashtriya Ispat Nigam,Tata Steel Jamshedpur,Mumbai,19.9,73052,41684,3651,3400,60180,12872,17.62,792,43.5,0
LR-2025-080097,2025-07-16,HR-36-CA-7148,21,Open,Attached,Essar Steel,Kolkata Steel Depot,Delhi NCR,22.8,38821,47548,6111,2459,39325,-504,-1.3,1116,32.7,4
LR-2025-080098,2025-07-21,WB-25-BC-6681,25,Trailer,Market,Jindal Steel,Durgapur Steel,Pune,30.4,77231,18328,3448,3937,81478,-4247,-5.5,1422,67.9,0
LR-2025-080099,2025-08-13,UP-37-BC-2880,19,Flatbed,Owned,Bhushan Steel,Rourkela Steel Plant,Chennai,10.1,35936,27080,3700,2141,37327,-1391,-3.87,898,31.0,0
LR-2025-080100,2025-08-04,GJ-69-CB-8144,28,LCV,Attached,AM/NS India,Bhilai Steel Plant,Bengaluru,29.4,40027,30652,3824,2508,37675,2352,5.88,1190,54.5,4
LR-2025-080101,2025-11-27,GJ-31-BA-8992,25,HCV,Market,Lloyds Metals,Visakhapatnam Steel,Hyderabad,28.0,52421,45770,5242,4860,66060,-13639,-26.02,1492,61.7,1
LR-2025-080102,2025-11-02,RJ-57-AB-8363,19,Covered,Owned,APL Apollo,Tata Steel Jamshedpur,Ahmedabad,28.2,73799,51512,3836,4203,70787,3012,4.08,2058,32.4,3
LR-2025-080103,2025-08-10,RJ-60-AA-2878,19,Open,Attached,Shyam Steel,Kolkata Steel Depot,Jaipur,26.5,76277,46140,6039,2561,95666,-19389,-25.42,1845,29.7,0
LR-2025-080104,2025-10-04,HR-11-BC-1178,32,Trailer,Market,SRMB Steel,Durgapur Steel,Lucknow,16.4,58357,48498,5124,5057,55639,2718,4.66,1697,66.3,0
LR-2025-080105,2025-10-30,MH-23-BB-2225,28,Flatbed,Owned,Tata Steel Ltd,Rourkela Steel Plant,Coimbatore,28.2,59270,45639,5594,4897,53786,5484,9.25,2162,33.8,0
LR-2025-080106,2025-08-19,KA-15-BB-7901,16,LCV,Attached,JSW Steel,Bhilai Steel Plant,Surat,12.1,46918,29215,5263,3138,36869,10049,21.42,2801,37.4,0
LR-2025-080107,2025-07-29,WB-69-BB-3147,25,HCV,Market,SAIL Bokaro,Visakhapatnam Steel,Indore,10.3,52680,20563,4181,4441,40525,12155,23.07,446,19.9,0
LR-2025-080108,2025-10-07,GJ-50-BC-7559,16,Covered,Owned,Hindalco Industries,Tata Steel Jamshedpur,Mumbai,21.2,86593,38524,4822,4308,84501,2092,2.42,572,38.0,1
LR-2025-080109,2025-07-12,HR-57-AB-1479,19,Open,Attached,Vedanta Resources,Kolkata Steel Depot,Delhi NCR,10.5,63791,18681,3368,2230,64846,-1055,-1.65,1702,64.2,2
LR-2025-080110,2025-11-05,RJ-78-AA-1860,21,Trailer,Market,NMDC Ltd,Durgapur Steel,Pune,28.0,48833,20823,3253,1996,41435,7398,15.15,1626,20.2,0
LR-2025-080111,2025-09-17,GJ-99-AC-3257,28,Flatbed,Owned,Rashtriya Ispat Nigam,Rourkela Steel Plant,Chennai,19.2,74157,26276,4107,2406,86886,-12729,-17.16,2772,65.7,6
LR-2025-080112,2025-11-22,MH-83-CB-9029,21,LCV,Attached,Essar Steel,Bhilai Steel Plant,Bengaluru,16.3,61085,49634,3725,2176,66655,-5570,-9.12,1460,58.9,1
LR-2025-080113,2025-10-22,MH-98-AB-2231,25,HCV,Market,Jindal Steel,Visakhapatnam Steel,Hyderabad,10.8,57134,18860,5546,2685,60015,-2881,-5.04,2297,61.8,0
LR-2025-080114,2025-07-25,RJ-49-CB-3523,28,Covered,Owned,Bhushan Steel,Tata Steel Jamshedpur,Ahmedabad,11.7,40850,26523,3696,3289,38278,2572,6.3,1959,70.6,3
LR-2025-080115,2025-09-12,MH-18-BB-7931,19,Open,Attached,AM/NS India,Kolkata Steel Depot,Jaipur,23.9,67650,24688,3403,3688,58556,9094,13.44,818,57.7,0
LR-2025-080116,2025-12-16,KA-94-CB-6766,21,Trailer,Market,Lloyds Metals,Durgapur Steel,Lucknow,12.0,64202,23509,4251,3567,55038,9164,14.27,1248,24.4,0
LR-2025-080117,2025-09-02,GJ-57-AB-1805,32,Flatbed,Owned,APL Apollo,Rourkela Steel Plant,Coimbatore,17.5,67287,45694,3594,3004,62815,4472,6.65,1155,38.6,1
LR-2025-080118,2025-08-13,TN-23-AA-5078,16,LCV,Attached,Shyam Steel,Bhilai Steel Plant,Surat,14.1,68705,21482,2946,4156,73918,-5213,-7.59,1470,29.4,0
LR-2025-080119,2025-07-18,TN-60-CA-2659,19,HCV,Market,SRMB Steel,Visakhapatnam Steel,Indore,24.9,52052,35581,4828,2642,45689,6363,12.22,1080,60.0,0
LR-2025-080120,2025-10-11,WB-22-AC-9245,32,Covered,Owned,Tata Steel Ltd,Tata Steel Jamshedpur,Mumbai,22.6,52873,38009,5617,2777,59590,-6717,-12.7,1077,33.6,0
LR-2025-080121,2025-08-29,UP-11-CB-8011,21,Open,Attached,JSW Steel,Kolkata Steel Depot,Delhi NCR,9.9,46277,35290,3115,2499,43164,3113,6.73,419,49.3,6
LR-2025-080122,2025-10-21,KA-24-AA-1284,28,Trailer,Market,SAIL Bokaro,Durgapur Steel,Pune,23.8,72217,37048,3735,3951,54923,17294,23.95,2440,25.4,0
LR-2025-080123,2025-09-29,KA-72-BC-9940,21,Flatbed,Owned,Hindalco Industries,Rourkela Steel Plant,Chennai,23.4,40154,34615,4292,3679,32605,7549,18.8,435,62.4,0
LR-2025-080124,2025-07-07,KA-24-BB-9508,32,LCV,Attached,Vedanta Resources,Bhilai Steel Plant,Bengaluru,22.9,55871,27692,4480,2702,68359,-12488,-22.35,960,36.0,0
LR-2025-080125,2025-09-04,RJ-36-AB-4175,25,HCV,Market,NMDC Ltd,Visakhapatnam Steel,Hyderabad,22.9,71852,35951,5367,4580,82294,-10442,-14.53,2611,66.4,0
LR-2025-080126,2025-10-17,RJ-52-CA-7836,21,Covered,Owned,Rashtriya Ispat Nigam,Tata Steel Jamshedpur,Ahmedabad,16.0,91415,20693,5173,3930,94522,-3107,-3.4,1786,62.7,0
LR-2025-080127,2025-09-26,GJ-24-AA-9174,32,Open,Attached,Essar Steel,Kolkata Steel Depot,Jaipur,12.6,86122,27845,4942,2986,85830,292,0.34,2666,53.2,0
LR-2025-080128,2025-10-09,WB-68-AA-4560,21,Trailer,Market,Jindal Steel,Durgapur Steel,Lucknow,26.8,52891,26089,3017,3800,41974,10917,20.64,1632,16.3,0
LR-2025-080129,2025-10-20,UP-54-BB-9224,32,Flatbed,Owned,Bhushan Steel,Rourkela Steel Plant,Coimbatore,29.6,88664,28160,3152,4721,67414,21250,23.97,1488,24.0,2
LR-2025-080130,2025-12-03,GJ-38-AA-8752,21,LCV,Attached,AM/NS India,Bhilai Steel Plant,Surat,14.7,62314,43312,4530,3434,66322,-4008,-6.43,781,66.0,4
LR-2025-080131,2025-08-01,TN-96-BC-3280,32,HCV,Market,Lloyds Metals,Visakhapatnam Steel,Indore,25.6,73127,34385,3355,3505,67393,5734,7.84,2650,27.2,0
LR-2025-080132,2025-07-16,KA-79-AC-7159,25,Covered,Owned,APL Apollo,Tata Steel Jamshedpur,Mumbai,11.5,53486,46960,5643,3083,56410,-2924,-5.47,2443,68.4,1
LR-2025-080133,2025-08-26,TN-62-CB-1453,28,Open,Attached,Shyam Steel,Kolkata Steel Depot,Delhi NCR,10.1,64695,45585,3162,4895,61084,3611,5.58,955,50.5,0
LR-2025-080134,2025-09-19,UP-89-BB-1877,25,Trailer,Market,SRMB Steel,Durgapur Steel,Pune,12.1,49902,18390,4695,5107,52984,-3082,-6.18,2501,41.8,0
LR-2025-080135,2025-07-10,HR-52-AB-5760,28,Flatbed,Owned,Tata Steel Ltd,Rourkela Steel Plant,Chennai,19.6,37584,39712,3049,2297,33844,3740,9.95,2774,53.8,2
LR-2025-080136,2025-08-13,UP-81-CB-3234,19,LCV,Attached,JSW Steel,Bhilai Steel Plant,Bengaluru,28.3,37474,28143,4032,4373,42151,-4677,-12.48,1653,56.3,6
LR-2025-080137,2025-11-02,HR-18-AA-3507,28,HCV,Market,SAIL Bokaro,Visakhapatnam Steel,Hyderabad,28.0,86796,24348,3812,2636,87853,-1057,-1.22,804,42.5,3
LR-2025-080138,2025-11-22,GJ-61-CB-4015,19,Covered,Owned,Hindalco Industries,Tata Steel Jamshedpur,Ahmedabad,27.2,63085,35057,6165,4309,60762,2323,3.68,2178,64.1,1
LR-2025-080139,2025-12-18,UP-28-BA-3797,28,Open,Attached,Vedanta Resources,Kolkata Steel Depot,Jaipur,25.1,62334,31130,4750,3767,52114,10220,16.4,1567,32.2,0
LR-2025-080140,2025-07-06,GJ-60-CA-2758,25,Trailer,Market,NMDC Ltd,Durgapur Steel,Lucknow,18.3,72585,45841,3406,1914,73771,-1186,-1.63,1540,41.6,0
LR-2025-080141,2025-12-15,KA-15-BC-3282,25,Flatbed,Owned,Rashtriya Ispat Nigam,Rourkela Steel Plant,Coimbatore,28.0,34722,48038,3934,1837,36871,-2149,-6.19,1028,36.0,3
LR-2025-080142,2025-08-11,TN-75-AB-3858,32,LCV,Attached,Essar Steel,Bhilai Steel Plant,Surat,12.7,66978,40235,4682,4729,58244,8734,13.04,953,31.6,2
LR-2025-080143,2025-12-06,KA-58-CB-3955,28,HCV,Market,Jindal Steel,Visakhapatnam Steel,Indore,24.4,53852,51225,5976,4498,66788,-12936,-24.02,2532,30.5,1
LR-2025-080144,2025-09-25,TN-18-AA-1483,32,Covered,Owned,Bhushan Steel,Tata Steel Jamshedpur,Mumbai,12.8,72591,24326,5524,2235,91225,-18634,-25.67,2425,68.3,0
LR-2025-080145,2025-10-24,HR-32-CA-7882,16,Open,Attached,AM/NS India,Kolkata Steel Depot,Delhi NCR,10.8,83801,34415,3268,1953,73778,10023,11.96,678,40.7,0
LR-2025-080146,2025-11-09,RJ-23-CB-7187,19,Trailer,Market,Lloyds Metals,Durgapur Steel,Pune,30.3,75372,31089,3601,2834,90232,-14860,-19.72,2391,40.5,0
LR-2025-080147,2025-09-03,MH-21-AA-2576,19,Flatbed,Owned,APL Apollo,Rourkela Steel Plant,Chennai,10.2,47185,27211,2821,3272,54070,-6885,-14.59,2051,47.8,3
LR-2025-080148,2025-07-12,KA-34-BA-8761,28,LCV,Attached,Shyam Steel,Bhilai Steel Plant,Bengaluru,16.9,56328,27035,6083,2075,48237,8091,14.36,2177,39.9,0
LR-2025-080149,2025-11-21,GJ-22-AB-9170,19,HCV,Market,SRMB Steel,Visakhapatnam Steel,Hyderabad,10.6,38644,39687,2892,2717,40806,-2162,-5.59,1567,67.6,0
LR-2025-080150,2025-11-13,GJ-19-BA-9482,28,Covered,Owned,Tata Steel Ltd,Tata Steel Jamshedpur,Ahmedabad,20.0,80089,44163,5333,2032,75773,4316,5.39,2616,55.1,0
LR-2025-080151,2025-10-17,WB-14-BC-7904,21,Open,Attached,JSW Steel,Kolkata Steel Depot,Jaipur,13.7,64866,21892,3370,2636,80901,-16035,-24.72,2620,61.7,0
LR-2025-080152,2025-12-08,MH-73-AB-1579,21,Trailer,Market,SAIL Bokaro,Durgapur Steel,Lucknow,30.1,83633,45278,5250,4828,92409,-8776,-10.49,710,65.7,0
LR-2025-080153,2025-12-13,HR-14-CB-9316,19,Flatbed,Owned,Hindalco Industries,Rourkela Steel Plant,Coimbatore,23.2,42484,46279,4756,3042,38264,4220,9.93,1312,17.2,0
LR-2025-080154,2025-11-03,TN-97-AA-8899,16,LCV,Attached,Vedanta Resources,Bhilai Steel Plant,Surat,17.6,84699,42722,5648,2312,98805,-14106,-16.65,2140,55.3,0
LR-2025-080155,2025-07-19,RJ-55-BA-6621,25,HCV,Market,NMDC Ltd,Visakhapatnam Steel,Indore,28.8,41574,33608,3750,2176,41064,510,1.23,2790,16.6,0
LR-2025-080156,2025-08-08,WB-11-BA-1931,16,Covered,Owned,Rashtriya Ispat Nigam,Tata Steel Jamshedpur,Mumbai,10.7,83320,46741,3539,2957,101812,-18492,-22.19,559,33.6,1
LR-2025-080157,2025-11-20,TN-71-AB-2258,16,Open,Attached,Essar Steel,Kolkata Steel Depot,Delhi NCR,14.8,50006,31491,4827,4688,63958,-13952,-27.9,1842,66.3,3
LR-2025-080158,2025-09-21,GJ-93-BA-9631,21,Trailer,Market,Jindal Steel,Durgapur Steel,Pune,16.2,63067,50993,3227,2021,71318,-8251,-13.08,1799,66.4,1
LR-2025-080159,2025-12-03,MH-27-BA-5996,32,Flatbed,Owned,Bhushan Steel,Rourkela Steel Plant,Chennai,21.1,74754,26044,4325,4769,75713,-959,-1.28,961,18.0,0
LR-2025-080160,2025-08-29,HR-12-CB-1553,21,LCV,Attached,AM/NS India,Bhilai Steel Plant,Bengaluru,15.3,62854,43177,4030,5188,69011,-6157,-9.8,726,19.3,3
LR-2025-080161,2025-09-17,TN-66-AA-4677,19,HCV,Market,Lloyds Metals,Visakhapatnam Steel,Hyderabad,17.5,59161,46251,4981,2014,60201,-1040,-1.76,1629,17.8,2
LR-2025-080162,2025-09-28,GJ-85-BA-1448,21,Covered,Owned,APL Apollo,Tata Steel Jamshedpur,Ahmedabad,24.7,35703,46447,4551,5005,44030,-8327,-23.32,613,61.2,0
LR-2025-080163,2025-10-11,KA-64-BB-3663,25,Open,Attached,Shyam Steel,Kolkata Steel Depot,Jaipur,19.3,81270,33612,3340,1862,101172,-19902,-24.49,1529,60.8,6
LR-2025-080164,2025-08-07,GJ-53-CA-1632,28,Trailer,Market,SRMB Steel,Durgapur Steel,Lucknow,15.3,39605,35612,5500,2826,50670,-11065,-27.94,430,23.0,0
LR-2025-080165,2025-11-08,KA-69-AA-8207,16,Flatbed,Owned,Tata Steel Ltd,Rourkela Steel Plant,Coimbatore,19.3,55036,41509,4766,4412,65753,-10717,-19.47,2659,28.2,0
LR-2025-080166,2025-07-20,RJ-18-CB-3945,21,LCV,Attached,JSW Steel,Bhilai Steel Plant,Surat,25.6,39213,36097,3863,3827,35439,3774,9.62,901,28.7,0
LR-2025-080167,2025-12-11,MH-24-AA-4018,32,HCV,Market,SAIL Bokaro,Visakhapatnam Steel,Indore,20.1,91097,46856,5175,3099,98506,-7409,-8.13,551,47.0,0
LR-2025-080168,2025-10-19,WB-96-BC-9854,32,Covered,Owned,Hindalco Industries,Tata Steel Jamshedpur,Mumbai,10.4,80828,33381,4232,2247,103122,-22294,-27.58,697,44.4,0
LR-2025-080169,2025-10-01,RJ-97-CA-2169,32,Open,Attached,Vedanta Resources,Kolkata Steel Depot,Delhi NCR,18.5,39075,36552,3386,1901,34512,4563,11.68,1717,50.0,0
LR-2025-080170,2025-09-19,KA-47-AA-3626,21,Trailer,Market,NMDC Ltd,Durgapur Steel,Pune,10.4,60747,27834,5221,1904,74515,-13768,-22.66,815,50.1,2
LR-2025-080171,2025-08-15,RJ-37-CA-1534,32,Flatbed,Owned,Rashtriya Ispat Nigam,Rourkela Steel Plant,Chennai,24.8,67475,42975,5923,4459,76395,-8920,-13.22,701,69.5,6
LR-2025-080172,2025-07-29,TN-78-AB-9646,16,LCV,Attached,Essar Steel,Bhilai Steel Plant,Bengaluru,22.2,48718,46902,4098,2902,51349,-2631,-5.4,1178,62.8,0
LR-2025-080173,2025-09-22,MH-68-BC-2890,32,HCV,Market,Jindal Steel,Visakhapatnam Steel,Hyderabad,14.6,49992,44864,4282,2126,46538,3454,6.91,1821,47.4,0
LR-2025-080174,2025-07-22,MH-67-CA-4764,28,Covered,Owned,Bhushan Steel,Tata Steel Jamshedpur,Ahmedabad,26.9,57743,26210,5002,2803,63502,-5759,-9.97,2049,53.7,1
LR-2025-080175,2025-10-11,RJ-50-AB-2335,25,Open,Attached,AM/NS India,Kolkata Steel Depot,Jaipur,18.3,73685,27725,5159,3824,65974,7711,10.46,1191,66.4,3
LR-2025-080176,2025-09-07,GJ-80-CB-2654,19,Trailer,Market,Lloyds Metals,Durgapur Steel,Lucknow,27.8,35016,46273,2898,4626,29649,5367,15.33,1063,71.4,0
LR-2025-080177,2025-09-15,TN-55-AC-7591,32,Flatbed,Owned,APL Apollo,Rourkela Steel Plant,Coimbatore,21.2,90811,37227,3287,3179,94011,-3200,-3.52,1758,49.1,1
LR-2025-080178,2025-09-24,KA-62-CB-8138,21,LCV,Attached,Shyam Steel,Bhilai Steel Plant,Surat,25.4,81328,26821,5804,2551,63722,17606,21.65,2794,67.3,6
LR-2025-080179,2025-12-22,RJ-96-CB-7215,21,HCV,Market,SRMB Steel,Visakhapatnam Steel,Indore,18.7,39491,51336,5759,4208,33140,6351,16.08,1524,68.9,0
LR-2025-080180,2025-12-11,TN-46-BC-7292,21,Covered,Owned,Tata Steel Ltd,Tata Steel Jamshedpur,Mumbai,25.4,53487,27384,2971,5134,54370,-883,-1.65,1242,40.1,0
LR-2025-080181,2025-11-28,RJ-46-AC-2942,21,Open,Attached,JSW Steel,Kolkata Steel Depot,Delhi NCR,15.3,91644,46764,3716,2493,98980,-7336,-8.0,1561,68.6,0
LR-2025-080182,2025-10-25,GJ-28-AB-4388,28,Trailer,Market,SAIL Bokaro,Durgapur Steel,Pune,27.1,73725,29065,2912,4251,84917,-11192,-15.18,542,69.8,0
LR-2025-080183,2025-08-20,WB-57-BA-5617,28,Flatbed,Owned,Hindalco Industries,Rourkela Steel Plant,Chennai,18.5,86362,47152,4933,2316,74398,11964,13.85,2238,32.5,0
LR-2025-080184,2025-11-23,KA-65-CB-5309,16,LCV,Attached,Vedanta Resources,Bhilai Steel Plant,Bengaluru,27.7,80289,36248,5796,4539,99396,-19107,-23.8,857,70.2,2
LR-2025-080185,2025-12-04,RJ-30-BC-5523,25,HCV,Market,NMDC Ltd,Visakhapatnam Steel,Hyderabad,22.7,82776,51609,5552,4982,97057,-14281,-17.25,683,55.6,0
LR-2025-080186,2025-08-12,RJ-34-AA-1130,19,Covered,Owned,Rashtriya Ispat Nigam,Tata Steel Jamshedpur,Ahmedabad,12.4,36513,42655,3701,4558,35978,535,1.47,1181,30.9,0
LR-2025-080187,2025-08-18,GJ-26-BA-2453,28,Open,Attached,Essar Steel,Kolkata Steel Depot,Jaipur,27.5,87337,32037,2813,3578,74874,12463,14.27,655,43.5,1
LR-2025-080188,2025-09-07,GJ-88-CA-4845,32,Trailer,Market,Jindal Steel,Durgapur Steel,Lucknow,16.8,80529,29800,4029,2749,68661,11868,14.74,1576,53.4,0
LR-2025-080189,2025-09-23,KA-47-AB-4586,16,Flatbed,Owned,Bhushan Steel,Rourkela Steel Plant,Coimbatore,29.7,75289,36826,4518,3631,72575,2714,3.6,1712,29.9,0
LR-2025-080190,2025-10-03,HR-54-CA-3098,25,LCV,Attached,AM/NS India,Bhilai Steel Plant,Surat,27.1,45547,50058,5261,3487,45623,-76,-0.17,1341,17.6,0
LR-2025-080191,2025-09-10,WB-81-BC-5286,32,HCV,Market,Lloyds Metals,Visakhapatnam Steel,Indore,16.2,48097,43649,6113,3610,58808,-10711,-22.27,2121,38.3,4
LR-2025-080192,2025-10-28,RJ-91-AA-6054,25,Covered,Owned,APL Apollo,Tata Steel Jamshedpur,Mumbai,18.1,51584,28914,4995,2644,52227,-643,-1.25,831,69.1,1
LR-2025-080193,2025-08-07,WB-12-CA-2478,32,Open,Attached,Shyam Steel,Kolkata Steel Depot,Delhi NCR,16.5,55606,41114,5940,4937,45997,9609,17.28,2644,19.6,0
LR-2025-080194,2025-11-03,UP-78-CA-4757,21,Trailer,Market,SRMB Steel,Durgapur Steel,Pune,26.3,47792,42502,4157,3493,45321,2471,5.17,1263,47.0,0
LR-2025-080195,2025-12-18,HR-74-CA-8944,16,Flatbed,Owned,Tata Steel Ltd,Rourkela Steel Plant,Chennai,12.8,34893,37756,2899,2742,27173,7720,22.12,1392,17.9,2
LR-2025-080196,2025-07-09,TN-26-BB-2391,16,LCV,Attached,JSW Steel,Bhilai Steel Plant,Bengaluru,11.1,87280,45222,2882,1860,101918,-14638,-16.77,2598,49.9,0
LR-2025-080197,2025-09-14,MH-87-BB-6303,25,HCV,Market,SAIL Bokaro,Visakhapatnam Steel,Hyderabad,20.3,82226,19535,4037,2922,87642,-5416,-6.59,2259,27.3,0
LR-2025-080198,2025-09-18,GJ-64-AB-4641,25,Covered,Owned,Hindalco Industries,Tata Steel Jamshedpur,Ahmedabad,21.3,76994,49676,3964,4678,81585,-4591,-5.96,2564,44.4,0
LR-2025-080199,2025-09-19,HR-67-BA-1407,25,Open,Attached,Vedanta Resources,Kolkata Steel Depot,Jaipur,25.7,66573,47300,4314,3752,75782,-9209,-13.83,2686,22.1,0
LR-2025-080200,2025-12-02,HR-81-AC-4402,25,Trailer,Market,NMDC Ltd,Durgapur Steel,Lucknow,22.0,43422,23497,3378,3451,51283,-7861,-18.1,2319,45.3,3
LR-2025-080201,2025-08-19,GJ-62-BB-6535,19,Flatbed,Owned,Rashtriya Ispat Nigam,Rourkela Steel Plant,Coimbatore,10.3,83845,44642,2822,2898,73856,9989,11.91,1236,58.3,2
LR-2025-080202,2025-07-10,MH-51-CB-8913,28,LCV,Attached,Essar Steel,Bhilai Steel Plant,Surat,21.2,69755,23336,3230,3543,71143,-1388,-1.99,697,37.0,2
LR-2025-080203,2025-11-22,UP-35-CB-2862,16,HCV,Market,Jindal Steel,Visakhapatnam Steel,Indore,28.1,44622,50452,3499,4364,45977,-1355,-3.04,2528,43.3,2
LR-2025-080204,2025-12-21,GJ-25-CA-5820,32,Covered,Owned,Bhushan Steel,Tata Steel Jamshedpur,Mumbai,28.9,69853,35767,4940,3120,68277,1576,2.26,1902,47.6,0
LR-2025-080205,2025-11-01,RJ-76-BB-8735,25,Open,Attached,AM/NS India,Kolkata Steel Depot,Delhi NCR,13.9,53018,39638,5858,4749,54719,-1701,-3.21,934,25.2,1
LR-2025-080206,2025-09-08,UP-29-CB-2098,16,Trailer,Market,Lloyds Metals,Durgapur Steel,Pune,16.0,65055,30299,3616,4642,49774,15281,23.49,764,46.1,0
LR-2025-080207,2025-07-24,UP-18-BC-4703,21,Flatbed,Owned,APL Apollo,Rourkela Steel Plant,Chennai,22.7,38004,30624,3924,2964,41234,-3230,-8.5,2125,48.7,0
LR-2025-080208,2025-10-19,MH-19-AC-2687,32,LCV,Attached,Shyam Steel,Bhilai Steel Plant,Bengaluru,14.0,74927,29686,3876,4108,86828,-11901,-15.88,799,23.1,0
LR-2025-080209,2025-09-30,GJ-88-CB-4429,19,HCV,Market,SRMB Steel,Visakhapatnam Steel,Hyderabad,9.6,76259,33193,3686,2174,88334,-12075,-15.83,980,24.0,0
LR-2025-080210,2025-12-10,UP-75-CB-7969,32,Covered,Owned,Tata Steel Ltd,Tata Steel Jamshedpur,Ahmedabad,19.4,34016,37828,4849,4912,31571,2445,7.19,860,29.5,0
LR-2025-080211,2025-08-24,RJ-49-BC-9694,16,Open,Attached,JSW Steel,Kolkata Steel Depot,Jaipur,28.0,84719,32018,3480,4395,81371,3348,3.95,1517,55.8,3
LR-2025-080212,2025-10-20,HR-81-CA-6704,19,Trailer,Market,SAIL Bokaro,Durgapur Steel,Lucknow,10.0,70732,41965,4709,4956,70000,732,1.03,1797,56.8,0
LR-2025-080213,2025-11-05,TN-57-AC-1174,19,Flatbed,Owned,Hindalco Industries,Rourkela Steel Plant,Coimbatore,18.8,70686,30772,2822,4201,85931,-15245,-21.57,1651,34.4,4
LR-2025-080214,2025-12-20,GJ-14-BB-8843,25,LCV,Attached,Vedanta Resources,Bhilai Steel Plant,Surat,10.4,50630,34583,3923,4361,51716,-1086,-2.14,614,70.4,3
LR-2025-080215,2025-08-25,KA-72-AC-8756,32,HCV,Market,NMDC Ltd,Visakhapatnam Steel,Indore,27.9,90569,24808,2956,3313,102649,-12080,-13.34,498,50.3,1
LR-2025-080216,2025-11-20,HR-63-AB-1918,25,Covered,Owned,Rashtriya Ispat Nigam,Tata Steel Jamshedpur,Mumbai,22.9,80244,22084,4087,2199,91705,-11461,-14.28,2608,31.5,3
LR-2025-080217,2025-12-19,RJ-96-BC-3772,28,Open,Attached,Essar Steel,Kolkata Steel Depot,Delhi NCR,24.7,76932,42002,4914,1858,83031,-6099,-7.93,2031,39.3,1
LR-2025-080218,2025-08-17,UP-44-AB-3827,25,Trailer,Market,Jindal Steel,Durgapur Steel,Pune,10.4,38029,31020,5620,3870,30187,7842,20.62,2056,25.7,2
LR-2025-080219,2025-10-05,GJ-81-BC-2928,21,Flatbed,Owned,Bhushan Steel,Rourkela Steel Plant,Chennai,19.3,88909,23642,5119,3696,111080,-22171,-24.94,741,22.5,0
LR-2025-080220,2025-10-03,WB-31-AA-4563,32,LCV,Attached,AM/NS India,Bhilai Steel Plant,Bengaluru,17.4,81811,23326,5766,2810,65853,15958,19.51,1640,62.9,1
LR-2025-080221,2025-11-20,GJ-16-CA-5703,19,HCV,Market,Lloyds Metals,Visakhapatnam Steel,Hyderabad,15.4,90661,38679,4495,2725,77911,12750,14.06,1151,31.3,0
LR-2025-080222,2025-09-02,GJ-21-CB-6818,28,Covered,Owned,APL Apollo,Tata Steel Jamshedpur,Ahmedabad,17.1,53328,47469,6197,4384,47721,5607,10.51,1078,18.1,3
LR-2025-080223,2025-07-31,MH-99-CA-6683,32,Open,Attached,Shyam Steel,Kolkata Steel Depot,Jaipur,26.5,59275,36919,3649,3201,49848,9427,15.9,2443,46.9,2
LR-2025-080224,2025-10-31,GJ-37-CB-5273,16,Trailer,Market,SRMB Steel,Durgapur Steel,Lucknow,28.9,51625,51884,5496,4385,41671,9954,19.28,1143,42.6,0
LR-2025-080225,2025-09-18,WB-51-AB-6879,16,Flatbed,Owned,Tata Steel Ltd,Rourkela Steel Plant,Coimbatore,12.8,55167,49162,4170,3179,52607,2560,4.64,790,26.5,0
LR-2025-080226,2025-11-06,WB-66-CB-8126,32,LCV,Attached,JSW Steel,Bhilai Steel Plant,Surat,17.9,44665,33963,3834,4762,44788,-123,-0.28,1908,49.7,0
LR-2025-080227,2025-10-25,HR-63-CA-5413,28,HCV,Market,SAIL Bokaro,Visakhapatnam Steel,Indore,17.9,60289,19871,3471,3897,55230,5059,8.39,1061,67.7,4
LR-2025-080228,2025-11-03,UP-26-BC-1881,16,Covered,Owned,Hindalco Industries,Tata Steel Jamshedpur,Mumbai,16.0,79719,27270,6082,3217,99671,-19952,-25.03,2258,38.2,0
LR-2025-080229,2025-11-09,GJ-49-AB-4024,19,Open,Attached,Vedanta Resources,Kolkata Steel Depot,Delhi NCR,27.5,77162,46609,3169,4766,64561,12601,16.33,1382,24.6,0
LR-2025-080230,2025-08-23,UP-54-AB-8713,28,Trailer,Market,NMDC Ltd,Durgapur Steel,Pune,23.9,84830,31925,4734,4537,80980,3850,4.54,1921,62.6,1
LR-2025-080231,2025-09-15,UP-50-AC-7551,21,Flatbed,Owned,Rashtriya Ispat Nigam,Rourkela Steel Plant,Chennai,28.4,84007,45826,5245,3413,103901,-19894,-23.68,2567,20.0,0
LR-2025-080232,2025-12-17,MH-87-AC-4852,21,LCV,Attached,Essar Steel,Bhilai Steel Plant,Bengaluru,17.1,82524,50863,6171,1806,104353,-21829,-26.45,2834,58.1,4
LR-2025-080233,2025-08-18,MH-15-BA-5946,25,HCV,Market,Jindal Steel,Visakhapatnam Steel,Hyderabad,11.4,76308,43170,5478,2536,67123,9185,12.04,2123,24.4,0
LR-2025-080234,2025-12-15,GJ-63-AC-3679,25,Covered,Owned,Bhushan Steel,Tata Steel Jamshedpur,Ahmedabad,23.8,78254,24975,4704,5102,92892,-14638,-18.71,718,35.4,2
LR-2025-080235,2025-12-20,UP-50-AC-9306,25,Open,Attached,AM/NS India,Kolkata Steel Depot,Jaipur,23.9,76983,18759,4791,4478,93033,-16050,-20.85,2025,39.7,0
LR-2025-080236,2025-07-14,HR-87-CB-9225,21,Trailer,Market,Lloyds Metals,Durgapur Steel,Lucknow,25.9,61851,39958,4991,3294,55326,6525,10.55,837,60.0,8
LR-2025-080237,2025-12-03,UP-10-BC-5224,19,Flatbed,Owned,APL Apollo,Rourkela Steel Plant,Coimbatore,20.3,68846,47818,4581,1998,79517,-10671,-15.5,2283,31.8,0
LR-2025-080238,2025-12-11,RJ-42-CA-6528,32,LCV,Attached,Shyam Steel,Bhilai Steel Plant,Surat,15.7,66087,19542,5023,2894,66043,44,0.07,1112,32.4,0
LR-2025-080239,2025-07-14,WB-86-AB-6853,32,HCV,Market,SRMB Steel,Visakhapatnam Steel,Indore,10.3,63279,43966,3818,2517,58774,4505,7.12,724,46.0,0
LR-2025-080240,2025-09-04,GJ-54-CB-4999,32,Covered,Owned,Tata Steel Ltd,Tata Steel Jamshedpur,Mumbai,26.7,43479,48042,2966,2113,47354,-3875,-8.91,1717,36.9,0
LR-2025-080241,2025-11-28,TN-75-AB-6534,32,Open,Attached,JSW Steel,Kolkata Steel Depot,Delhi NCR,25.2,81435,45690,4441,1891,88900,-7465,-9.17,1133,69.2,0
LR-2025-080242,2025-12-03,TN-24-BA-5275,21,Trailer,Market,SAIL Bokaro,Durgapur Steel,Pune,22.4,76788,33974,5643,5072,88014,-11226,-14.62,580,37.0,0
LR-2025-080243,2025-10-14,UP-45-AA-7531,19,Flatbed,Owned,Hindalco Industries,Rourkela Steel Plant,Chennai,23.7,83854,35870,2820,3467,104520,-20666,-24.65,1228,17.0,0
LR-2025-080244,2025-08-27,RJ-22-BA-4683,16,LCV,Attached,Vedanta Resources,Bhilai Steel Plant,Bengaluru,24.4,42504,32487,3061,4304,38376,4128,9.71,1558,56.8,1
LR-2025-080245,2025-07-14,RJ-79-CA-8792,28,HCV,Market,NMDC Ltd,Visakhapatnam Steel,Hyderabad,9.8,64188,40321,4109,3218,68406,-4218,-6.57,2200,24.5,3
LR-2025-080246,2025-11-10,TN-42-CA-1528,32,Covered,Owned,Rashtriya Ispat Nigam,Tata Steel Jamshedpur,Ahmedabad,27.4,66700,23151,5386,3792,57998,8702,13.05,2679,71.2,0
LR-2025-080247,2025-09-20,GJ-47-BC-8397,32,Open,Attached,Essar Steel,Kolkata Steel Depot,Jaipur,19.3,83021,28217,5359,4195,105614,-22593,-27.21,1062,51.0,0
LR-2025-080248,2025-12-18,GJ-81-CB-4845,25,Trailer,Market,Jindal Steel,Durgapur Steel,Lucknow,28.8,61223,26630,4350,4286,78233,-17010,-27.78,885,21.4,0
LR-2025-080249,2025-11-08,UP-61-CA-6767,19,Flatbed,Owned,Bhushan Steel,Rourkela Steel Plant,Coimbatore,18.3,41250,36276,4108,4955,43592,-2342,-5.68,1867,51.3,1
LR-2025-080250,2025-07-14,RJ-74-CA-4688,25,LCV,Attached,AM/NS India,Bhilai Steel Plant,Surat,19.9,79013,48403,3972,5183,99503,-20490,-25.93,2220,24.8,3
LR-2025-080251,2025-08-09,RJ-69-AC-2610,25,HCV,Market,Lloyds Metals,Visakhapatnam Steel,Indore,21.7,60217,45400,4513,3480,54796,5421,9.0,1153,51.6,1
LR-2025-080252,2025-08-17,HR-86-CA-1374,21,Covered,Owned,APL Apollo,Tata Steel Jamshedpur,Mumbai,22.3,43081,28909,5131,4362,46400,-3319,-7.7,2312,54.3,6
LR-2025-080253,2025-07-09,TN-80-BA-3644,25,Open,Attached,Shyam Steel,Kolkata Steel Depot,Delhi NCR,17.3,35488,33683,3517,3734,40681,-5193,-14.63,1198,34.1,0
LR-2025-080254,2025-08-27,KA-41-CB-4963,19,Trailer,Market,SRMB Steel,Durgapur Steel,Pune,29.9,36024,50782,5427,2255,31256,4768,13.24,1736,64.8,4
LR-2025-080255,2025-12-06,WB-14-CA-9515,25,Flatbed,Owned,Tata Steel Ltd,Rourkela Steel Plant,Chennai,27.6,50047,22611,6007,3508,50065,-18,-0.04,1445,65.5,0
LR-2025-080256,2025-07-11,WB-66-CB-1979,21,LCV,Attached,JSW Steel,Bhilai Steel Plant,Bengaluru,26.5,80910,20615,4288,3436,94166,-13256,-16.38,2475,51.2,0
LR-2025-080257,2025-11-16,GJ-84-AB-3768,21,HCV,Market,SAIL Bokaro,Visakhapatnam Steel,Hyderabad,18.2,85604,40271,3381,2795,70581,15023,17.55,2356,27.8,0
LR-2025-080258,2025-08-28,KA-41-BB-6610,21,Covered,Owned,Hindalco Industries,Tata Steel Jamshedpur,Ahmedabad,24.0,76076,39670,6025,3644,85261,-9185,-12.07,1436,47.8,1
LR-2025-080259,2025-08-12,GJ-13-BA-7076,28,Open,Attached,Vedanta Resources,Kolkata Steel Depot,Jaipur,17.1,83894,37085,4056,4732,69868,14026,16.72,1028,47.8,0
LR-2025-080260,2025-10-09,UP-98-AC-3400,28,Trailer,Market,NMDC Ltd,Durgapur Steel,Lucknow,15.6,80732,43180,3853,4408,79822,910,1.13,1313,17.6,0
LR-2025-080261,2025-12-20,GJ-56-CA-8814,28,Flatbed,Owned,Rashtriya Ispat Nigam,Rourkela Steel Plant,Coimbatore,28.4,53854,40558,5437,2438,45084,8770,16.28,2784,63.7,0
LR-2025-080262,2025-08-21,UP-77-CB-3873,25,LCV,Attached,Essar Steel,Bhilai Steel Plant,Surat,28.3,58534,18932,5539,2065,55991,2543,4.34,1782,28.6,0
LR-2025-080263,2025-11-23,MH-55-CB-8525,28,HCV,Market,Jindal Steel,Visakhapatnam Steel,Indore,28.7,43836,18799,5856,5154,39659,4177,9.53,2526,66.3,2
LR-2025-080264,2025-09-12,HR-52-AB-5447,28,Covered,Owned,Bhushan Steel,Tata Steel Jamshedpur,Mumbai,29.7,57826,23206,6068,2029,63921,-6095,-10.54,2209,47.7,0
LR-2025-080265,2025-11-07,MH-39-CB-3907,16,Open,Attached,AM/NS India,Kolkata Steel Depot,Delhi NCR,30.1,50781,35417,5060,2936,59646,-8865,-17.46,754,57.6,2
LR-2025-080266,2025-11-20,GJ-17-BA-4728,19,Trailer,Market,Lloyds Metals,Durgapur Steel,Pune,21.8,38172,49279,4701,2202,46997,-8825,-23.12,2579,65.4,0
LR-2025-080267,2025-11-03,KA-24-CB-2366,25,Flatbed,Owned,APL Apollo,Rourkela Steel Plant,Chennai,13.6,85774,32089,5250,3795,93462,-7688,-8.96,1608,47.9,1
LR-2025-080268,2025-09-01,MH-85-CB-1008,21,LCV,Attached,Shyam Steel,Bhilai Steel Plant,Bengaluru,25.3,90435,35743,4817,4385,111289,-20854,-23.06,1103,34.4,0
LR-2025-080269,2025-10-08,GJ-78-BA-6589,21,HCV,Market,SRMB Steel,Visakhapatnam Steel,Hyderabad,23.7,52596,50968,4064,4363,65995,-13399,-25.48,2182,22.2,2
LR-2025-080270,2025-10-03,KA-73-AC-3929,16,Covered,Owned,Tata Steel Ltd,Tata Steel Jamshedpur,Ahmedabad,25.5,45939,37964,3187,3615,46561,-622,-1.35,1782,51.7,0
LR-2025-080271,2025-11-26,MH-37-BB-9221,21,Open,Attached,JSW Steel,Kolkata Steel Depot,Jaipur,16.2,45970,48924,3221,4604,39565,6405,13.93,1609,67.9,0
LR-2025-080272,2025-11-13,MH-60-AC-3587,28,Trailer,Market,SAIL Bokaro,Durgapur Steel,Lucknow,23.4,78032,39343,4915,3740,65577,12455,15.96,2818,60.2,2
LR-2025-080273,2025-10-17,KA-48-BC-3375,21,Flatbed,Owned,Hindalco Industries,Rourkela Steel Plant,Coimbatore,16.5,51654,41195,6196,4852,45401,6253,12.11,1671,41.2,0
LR-2025-080274,2025-12-22,TN-17-CA-6793,32,LCV,Attached,Vedanta Resources,Bhilai Steel Plant,Surat,26.4,59791,47942,5941,2923,69154,-9363,-15.66,459,61.8,0
LR-2025-080275,2025-10-09,RJ-13-BC-8004,25,HCV,Market,NMDC Ltd,Visakhapatnam Steel,Indore,16.3,77388,31071,6066,2680,87655,-10267,-13.27,2440,40.6,0
LR-2025-080276,2025-10-01,KA-85-CB-1753,32,Covered,Owned,Rashtriya Ispat Nigam,Tata Steel Jamshedpur,Mumbai,17.7,38877,49918,3823,2947,34462,4415,11.36,2780,37.0,0
LR-2025-080277,2025-08-08,RJ-66-BB-2819,25,Open,Attached,Essar Steel,Kolkata Steel Depot,Delhi NCR,12.3,75918,22848,4129,4975,71226,4692,6.18,2074,62.2,3
LR-2025-080278,2025-11-02,HR-66-BA-6371,28,Trailer,Market,Jindal Steel,Durgapur Steel,Pune,21.0,72653,35086,5080,3975,66507,6146,8.46,1573,54.6,0
LR-2025-080279,2025-10-04,RJ-67-BA-4016,21,Flatbed,Owned,Bhushan Steel,Rourkela Steel Plant,Chennai,19.3,84456,48199,4283,3164,67173,17283,20.46,1195,53.9,1
LR-2025-080280,2025-12-18,UP-25-CA-8001,25,LCV,Attached,AM/NS India,Bhilai Steel Plant,Bengaluru,26.4,50735,21147,4964,2046,54483,-3748,-7.39,2478,36.9,0
LR-2025-080281,2025-10-01,KA-46-BC-2099,32,HCV,Market,Lloyds Metals,Visakhapatnam Steel,Hyderabad,11.1,36102,24038,5086,4997,45456,-9354,-25.91,840,45.8,2
LR-2025-080282,2025-07-30,KA-88-BA-2197,32,Covered,Owned,APL Apollo,Tata Steel Jamshedpur,Ahmedabad,18.5,89463,36144,4707,3648,107604,-18141,-20.28,1003,52.4,0
LR-2025-080283,2025-08-29,TN-12-CA-5813,16,Open,Attached,Shyam Steel,Kolkata Steel Depot,Jaipur,22.6,76456,43555,2877,1834,80976,-4520,-5.91,1302,34.1,0
LR-2025-080284,2025-10-01,KA-93-BA-6810,32,Trailer,Market,SRMB Steel,Durgapur Steel,Lucknow,27.7,90070,28001,3573,4966,78893,11177,12.41,987,27.5,0
LR-2025-080285,2025-12-13,UP-79-BC-2134,21,Flatbed,Owned,Tata Steel Ltd,Rourkela Steel Plant,Coimbatore,27.8,35718,33080,5495,2655,37053,-1335,-3.74,1206,33.0,0
LR-2025-080286,2025-10-29,RJ-13-AC-8203,16,LCV,Attached,JSW Steel,Bhilai Steel Plant,Surat,27.0,51765,42583,2904,3618,45613,6152,11.88,1234,37.3,0
LR-2025-080287,2025-09-17,HR-21-AC-9301,28,HCV,Market,SAIL Bokaro,Visakhapatnam Steel,Indore,24.7,60160,25975,3467,4899,51936,8224,13.67,1238,22.7,0
LR-2025-080288,2025-10-03,TN-34-BA-2487,28,Covered,Owned,Hindalco Industries,Tata Steel Jamshedpur,Mumbai,17.1,73639,34730,4883,2258,69689,3950,5.36,2251,16.9,0
LR-2025-080289,2025-11-28,RJ-56-BB-2069,25,Open,Attached,Vedanta Resources,Kolkata Steel Depot,Delhi NCR,29.4,61526,37706,3739,4672,59567,1959,3.18,725,52.4,3
LR-2025-080290,2025-10-14,RJ-15-AC-5079,19,Trailer,Market,NMDC Ltd,Durgapur Steel,Pune,21.4,91405,26385,4924,2437,91872,-467,-0.51,954,54.9,2
LR-2025-080291,2025-10-31,GJ-57-CA-3580,25,Flatbed,Owned,Rashtriya Ispat Nigam,Rourkela Steel Plant,Chennai,13.1,38009,51986,3420,4839,40671,-2662,-7.0,1123,36.4,4
LR-2025-080292,2025-08-18,MH-49-CA-7114,21,LCV,Attached,Essar Steel,Bhilai Steel Plant,Bengaluru,22.6,85547,19866,6008,1905,72239,13308,15.56,1738,17.6,0
LR-2025-080293,2025-09-10,WB-79-CA-9604,19,HCV,Market,Jindal Steel,Visakhapatnam Steel,Hyderabad,12.8,82165,18979,4228,2712,99704,-17539,-21.35,757,39.5,0
LR-2025-080294,2025-09-08,KA-27-AA-6102,25,Covered,Owned,Bhushan Steel,Tata Steel Jamshedpur,Ahmedabad,19.4,65174,34833,3325,3122,65272,-98,-0.15,2591,36.5,1
LR-2025-080295,2025-08-19,MH-26-BA-9433,19,Open,Attached,AM/NS India,Kolkata Steel Depot,Jaipur,26.4,80944,27345,3723,4500,65575,15369,18.99,716,57.6,1
LR-2025-080296,2025-11-27,MH-38-BB-4024,32,Trailer,Market,Lloyds Metals,Durgapur Steel,Lucknow,23.3,52500,39536,5710,3692,64113,-11613,-22.12,2799,45.1,0
LR-2025-080297,2025-11-20,RJ-64-BC-3379,28,Flatbed,Owned,APL Apollo,Rourkela Steel Plant,Coimbatore,25.0,91906,20242,5863,5075,82596,9310,10.13,1957,51.4,2
LR-2025-080298,2025-07-14,WB-40-AC-7500,21,LCV,Attached,Shyam Steel,Bhilai Steel Plant,Surat,9.7,45938,49508,4781,3208,35255,10683,23.26,1149,51.2,3
LR-2025-080299,2025-10-30,KA-89-BB-9943,25,HCV,Market,SRMB Steel,Visakhapatnam Steel,Indore,12.0,71827,36304,5484,4947,69740,2087,2.91,2487,67.7,0
LR-2025-080300,2025-08-21,KA-94-AB-6609,28,Covered,Owned,Tata Steel Ltd,Tata Steel Jamshedpur,Mumbai,15.0,46210,41948,4547,4430,41254,4956,10.72,484,70.0,0
LR-2025-080301,2025-11-25,HR-80-BB-3069,21,Open,Attached,JSW Steel,Kolkata Steel Depot,Delhi NCR,15.9,48884,46584,5066,2139,61938,-13054,-26.7,2447,26.2,3
LR-2025-080302,2025-10-28,WB-35-BC-9611,28,Trailer,Market,SAIL Bokaro,Durgapur Steel,Pune,25.9,67482,21079,6077,3983,58125,9357,13.87,1865,46.2,1
LR-2025-080303,2025-11-13,HR-97-AC-4707,32,Flatbed,Owned,Hindalco Industries,Rourkela Steel Plant,Chennai,12.7,68791,45788,3628,2940,58246,10545,15.33,580,69.7,6
LR-2025-080304,2025-08-12,TN-70-CB-6274,19,LCV,Attached,Vedanta Resources,Bhilai Steel Plant,Bengaluru,24.7,53431,37660,2801,2106,51437,1994,3.73,1409,55.7,1
LR-2025-080305,2025-07-20,HR-17-CA-3298,19,HCV,Market,NMDC Ltd,Visakhapatnam Steel,Hyderabad,19.6,47680,28502,5931,5105,59123,-11443,-24.0,1373,37.9,0
LR-2025-080306,2025-11-04,MH-54-AB-4707,21,Covered,Owned,Rashtriya Ispat Nigam,Tata Steel Jamshedpur,Ahmedabad,12.4,61460,44308,3305,4773,59206,2254,3.67,2779,68.9,0
LR-2025-080307,2025-10-14,RJ-11-AB-9529,21,Open,Attached,Essar Steel,Kolkata Steel Depot,Jaipur,20.5,63057,48874,3751,4505,52593,10464,16.59,2175,32.7,0
LR-2025-080308,2025-11-14,HR-53-BB-1671,25,Trailer,Market,Jindal Steel,Durgapur Steel,Lucknow,27.1,82687,34741,3262,4367,89072,-6385,-7.72,2290,39.9,0
LR-2025-080309,2025-08-21,GJ-38-AB-2451,32,Flatbed,Owned,Bhushan Steel,Rourkela Steel Plant,Coimbatore,22.2,80514,41760,3788,4523,90139,-9625,-11.95,2405,62.9,6
LR-2025-080310,2025-11-27,GJ-45-BB-9320,21,LCV,Attached,AM/NS India,Bhilai Steel Plant,Surat,18.3,61634,34465,4260,2140,48658,12976,21.05,432,21.7,2
LR-2025-080311,2025-10-28,TN-95-BB-2703,32,HCV,Market,Lloyds Metals,Visakhapatnam Steel,Indore,19.7,49908,42629,5284,3925,53132,-3224,-6.46,1947,18.4,0
LR-2025-080312,2025-11-28,HR-25-BA-6909,28,Covered,Owned,APL Apollo,Tata Steel Jamshedpur,Mumbai,23.6,88932,45645,6139,3412,104288,-15356,-17.27,543,35.4,2
LR-2025-080313,2025-08-12,WB-61-CA-1420,19,Open,Attached,Shyam Steel,Kolkata Steel Depot,Delhi NCR,21.4,89851,19582,5382,3147,89814,37,0.04,784,32.4,0
LR-2025-080314,2025-10-20,RJ-97-BC-6773,19,Trailer,Market,SRMB Steel,Durgapur Steel,Pune,15.3,35859,21132,4129,3676,40847,-4988,-13.91,1457,59.0,0
LR-2025-080315,2025-08-05,RJ-61-BC-3818,25,Flatbed,Owned,Tata Steel Ltd,Rourkela Steel Plant,Chennai,27.5,70600,39873,4240,4324,81954,-11354,-16.08,2584,57.4,3
LR-2025-080316,2025-10-06,HR-21-CA-6126,28,LCV,Attached,JSW Steel,Bhilai Steel Plant,Bengaluru,19.9,48914,30202,5898,3367,45226,3688,7.54,1208,30.8,1
LR-2025-080317,2025-09-02,RJ-30-AC-6288,16,HCV,Market,SAIL Bokaro,Visakhapatnam Steel,Hyderabad,11.8,56976,38350,4873,4668,53286,3690,6.48,2675,32.6,0
LR-2025-080318,2025-12-04,MH-21-AB-7629,21,Covered,Owned,Hindalco Industries,Tata Steel Jamshedpur,Ahmedabad,12.6,45659,40292,4982,3249,44150,1509,3.3,2005,23.4,0
LR-2025-080319,2025-10-09,HR-51-BA-8250,16,Open,Attached,Vedanta Resources,Kolkata Steel Depot,Jaipur,14.7,89378,28158,5534,2921,112362,-22984,-25.72,487,43.7,3
LR-2025-080320,2025-10-27,KA-92-BA-3381,16,Trailer,Market,NMDC Ltd,Durgapur Steel,Lucknow,15.7,48350,19361,5307,3779,42915,5435,11.24,2177,39.2,0
LR-2025-080321,2025-11-06,TN-90-CA-5284,32,Flatbed,Owned,Rashtriya Ispat Nigam,Rourkela Steel Plant,Coimbatore,26.2,71230,41853,6090,5083,61255,9975,14.0,1459,40.2,0
LR-2025-080322,2025-09-23,HR-98-AC-6270,32,LCV,Attached,Essar Steel,Bhilai Steel Plant,Surat,14.7,49381,26438,3195,5012,45751,3630,7.35,2458,55.7,0
LR-2025-080323,2025-07-22,MH-54-BA-8623,21,HCV,Market,Jindal Steel,Visakhapatnam Steel,Indore,21.6,40868,21486,4685,4334,48215,-7347,-17.98,2173,43.8,0
LR-2025-080324,2025-08-31,WB-54-CB-3422,16,Covered,Owned,Bhushan Steel,Tata Steel Jamshedpur,Mumbai,23.8,45229,22286,5744,2930,34894,10335,22.85,2713,30.1,4
LR-2025-080325,2025-08-20,TN-27-CA-4525,32,Open,Attached,AM/NS India,Kolkata Steel Depot,Delhi NCR,19.0,35807,37966,4153,2752,40501,-4694,-13.11,2714,60.7,0
LR-2025-080326,2025-08-07,RJ-10-AA-6871,28,Trailer,Market,Lloyds Metals,Durgapur Steel,Pune,12.0,60682,22653,5314,2060,50670,10012,16.5,2549,39.2,0
LR-2025-080327,2025-07-23,UP-33-AA-9109,32,Flatbed,Owned,APL Apollo,Rourkela Steel Plant,Chennai,12.0,46754,23839,3185,3452,41582,5172,11.06,2731,55.3,1
LR-2025-080328,2025-08-24,UP-53-AC-2570,21,LCV,Attached,Shyam Steel,Bhilai Steel Plant,Bengaluru,17.0,86750,46204,3832,3846,84316,2434,2.81,751,26.3,0
LR-2025-080329,2025-07-11,HR-53-CB-2540,28,HCV,Market,SRMB Steel,Visakhapatnam Steel,Hyderabad,14.9,48853,21991,5081,2042,46050,2803,5.74,1908,21.3,0
LR-2025-080330,2025-10-01,TN-49-AA-7141,16,Covered,Owned,Tata Steel Ltd,Tata Steel Jamshedpur,Ahmedabad,29.6,68676,30352,5407,4343,52643,16033,23.35,2420,26.2,0
LR-2025-080331,2025-11-14,RJ-83-AC-8220,32,Open,Attached,JSW Steel,Kolkata Steel Depot,Jaipur,27.3,56626,29632,4878,2409,45891,10735,18.96,2203,17.7,0
LR-2025-080332,2025-11-23,GJ-47-AB-6718,32,Trailer,Market,SAIL Bokaro,Durgapur Steel,Lucknow,13.3,69231,51979,3485,2208,84592,-15361,-22.19,2418,26.8,0
LR-2025-080333,2025-08-29,TN-67-AB-2072,21,Flatbed,Owned,Hindalco Industries,Rourkela Steel Plant,Coimbatore,14.7,74186,27265,3780,5148,91872,-17686,-23.84,2390,26.5,0
LR-2025-080334,2025-08-23,HR-76-AB-6251,28,LCV,Attached,Vedanta Resources,Bhilai Steel Plant,Surat,21.3,57482,43833,5900,4037,45439,12043,20.95,1203,31.8,0
LR-2025-080335,2025-07-16,TN-61-CA-7177,16,HCV,Market,NMDC Ltd,Visakhapatnam Steel,Indore,19.8,84038,50193,3227,3116,72523,11515,13.7,2678,43.1,0
LR-2025-080336,2025-10-11,WB-77-AA-4081,16,Covered,Owned,Rashtriya Ispat Nigam,Tata Steel Jamshedpur,Mumbai,15.9,66611,29361,5425,3084,84995,-18384,-27.6,576,45.9,0
LR-2025-080337,2025-09-24,WB-97-CA-9329,28,Open,Attached,Essar Steel,Kolkata Steel Depot,Delhi NCR,27.3,53853,51341,4318,4589,51707,2146,3.98,563,67.0,0
LR-2025-080338,2025-10-03,HR-36-CB-4387,28,Trailer,Market,Jindal Steel,Durgapur Steel,Pune,22.9,46170,19021,2985,3362,56513,-10343,-22.4,1223,66.4,0
LR-2025-080339,2025-10-23,RJ-32-CA-4741,21,Flatbed,Owned,Bhushan Steel,Rourkela Steel Plant,Chennai,28.8,53034,44342,2983,2438,40437,12597,23.75,960,49.5,1
LR-2025-080340,2025-09-06,GJ-36-BB-7704,32,LCV,Attached,AM/NS India,Bhilai Steel Plant,Bengaluru,9.7,50920,45108,4344,2939,62052,-11132,-21.86,1156,61.7,0
LR-2025-080341,2025-09-13,WB-99-CB-3111,32,HCV,Market,Lloyds Metals,Visakhapatnam Steel,Hyderabad,24.0,73330,22621,5411,2268,56129,17201,23.46,852,24.9,2
LR-2025-080342,2025-10-01,UP-42-CA-5666,28,Covered,Owned,APL Apollo,Tata Steel Jamshedpur,Ahmedabad,15.5,38358,35137,3244,4917,32809,5549,14.47,869,38.1,4
LR-2025-080343,2025-08-03,KA-35-AC-9490,16,Open,Attached,Shyam Steel,Kolkata Steel Depot,Jaipur,19.3,47246,25165,3256,2736,59252,-12006,-25.41,535,62.7,0
LR-2025-080344,2025-12-06,MH-65-BC-8177,32,Trailer,Market,SRMB Steel,Durgapur Steel,Lucknow,12.5,83973,20690,5515,3862,94107,-10134,-12.07,1154,59.0,2
LR-2025-080345,2025-11-14,RJ-42-AC-6736,25,Flatbed,Owned,Tata Steel Ltd,Rourkela Steel Plant,Coimbatore,13.7,36867,21698,4402,3356,38923,-2056,-5.58,1007,69.0,0
LR-2025-080346,2025-11-04,RJ-94-CB-1414,25,LCV,Attached,JSW Steel,Bhilai Steel Plant,Surat,11.0,48761,34107,5264,3964,41723,7038,14.43,1558,47.2,0
LR-2025-080347,2025-12-07,TN-76-AA-3783,32,HCV,Market,SAIL Bokaro,Visakhapatnam Steel,Indore,29.1,54811,42272,2957,2387,43273,11538,21.05,805,54.3,0
LR-2025-080348,2025-09-15,HR-38-AA-9938,16,Covered,Owned,Hindalco Industries,Tata Steel Jamshedpur,Mumbai,9.9,34224,49223,5140,4441,36025,-1801,-5.26,1961,31.8,1
LR-2025-080349,2025-10-24,KA-88-BB-6654,32,Open,Attached,Vedanta Resources,Kolkata Steel Depot,Delhi NCR,19.1,63469,28036,4660,3997,78278,-14809,-23.33,1855,28.5,0
LR-2025-080350,2025-09-15,GJ-30-BC-1343,25,Trailer,Market,NMDC Ltd,Durgapur Steel,Pune,26.4,81905,27436,2974,3683,69674,12231,14.93,2060,55.8,0
LR-2025-080351,2025-11-21,RJ-36-CA-7899,25,Flatbed,Owned,Rashtriya Ispat Nigam,Rourkela Steel Plant,Chennai,19.2,48875,47642,4618,3391,62242,-13367,-27.35,2278,36.4,0
LR-2025-080352,2025-08-10,MH-41-BA-4128,28,LCV,Attached,Essar Steel,Bhilai Steel Plant,Bengaluru,13.6,60141,41816,4697,4045,49870,10271,17.08,2052,37.0,0
LR-2025-080353,2025-11-26,KA-48-CA-1833,19,HCV,Market,Jindal Steel,Visakhapatnam Steel,Hyderabad,14.1,59744,28270,5501,3374,49796,9948,16.65,2499,40.2,6
LR-2025-080354,2025-09-16,UP-44-AC-7584,28,Covered,Owned,Bhushan Steel,Tata Steel Jamshedpur,Ahmedabad,25.9,35562,30963,3417,3484,39860,-4298,-12.09,1676,42.2,3
LR-2025-080355,2025-08-21,RJ-88-AA-2590,16,Open,Attached,AM/NS India,Kolkata Steel Depot,Jaipur,11.3,42556,18568,3016,3157,49219,-6663,-15.66,748,33.5,4
LR-2025-080356,2025-10-30,GJ-18-BC-6169,28,Trailer,Market,Lloyds Metals,Durgapur Steel,Lucknow,28.5,47304,47269,4745,3186,54242,-6938,-14.67,1097,32.2,0
LR-2025-080357,2025-11-15,UP-63-AB-9721,28,Flatbed,Owned,APL Apollo,Rourkela Steel Plant,Coimbatore,18.1,70823,48773,5666,2951,59711,11112,15.69,1401,70.7,1
LR-2025-080358,2025-11-29,WB-27-CA-8746,25,LCV,Attached,Shyam Steel,Bhilai Steel Plant,Surat,19.5,43610,19307,5200,4618,53761,-10151,-23.28,1864,68.1,1
LR-2025-080359,2025-12-18,KA-95-BC-6566,16,HCV,Market,SRMB Steel,Visakhapatnam Steel,Indore,28.1,45916,22514,3525,2352,45577,339,0.74,1609,53.9,4
LR-2025-080360,2025-11-03,RJ-47-AB-6811,28,Covered,Owned,Tata Steel Ltd,Tata Steel Jamshedpur,Mumbai,30.2,41272,50423,2865,4347,52676,-11404,-27.63,2797,39.4,0
LR-2025-080361,2025-08-14,GJ-76-AA-9021,21,Open,Attached,JSW Steel,Kolkata Steel Depot,Delhi NCR,28.5,89787,21408,5459,2778,80037,9750,10.86,1635,30.7,12
LR-2025-080362,2025-07-08,KA-94-AB-6454,28,Trailer,Market,SAIL Bokaro,Durgapur Steel,Pune,10.2,56119,18699,5809,4149,43831,12288,21.9,458,33.0,0
LR-2025-080363,2025-12-14,GJ-99-CA-6499,21,Flatbed,Owned,Hindalco Industries,Rourkela Steel Plant,Chennai,26.4,64809,45820,4467,4697,62062,2747,4.24,1781,23.4,0
LR-2025-080364,2025-08-20,GJ-44-AB-8370,32,LCV,Attached,Vedanta Resources,Bhilai Steel Plant,Bengaluru,11.3,51143,38880,4884,2264,53559,-2416,-4.72,474,61.4,2
LR-2025-080365,2025-11-08,RJ-18-AC-4882,16,HCV,Market,NMDC Ltd,Visakhapatnam Steel,Hyderabad,27.6,41015,18632,5761,1855,36353,4662,11.37,1777,64.7,1
LR-2025-080366,2025-08-28,RJ-95-AB-2998,16,Covered,Owned,Rashtriya Ispat Nigam,Tata Steel Jamshedpur,Ahmedabad,24.3,44239,31075,5855,2132,47027,-2788,-6.3,1140,21.1,6
LR-2025-080367,2025-10-25,MH-16-AB-7338,21,Open,Attached,Essar Steel,Kolkata Steel Depot,Jaipur,22.6,34251,30624,4749,5148,33742,509,1.49,1188,55.7,0
LR-2025-080368,2025-10-11,WB-66-AC-9316,16,Trailer,Market,Jindal Steel,Durgapur Steel,Lucknow,11.2,80286,30957,3878,2389,68785,11501,14.33,2600,48.2,0
LR-2025-080369,2025-12-04,MH-33-BC-4730,19,Flatbed,Owned,Bhushan Steel,Rourkela Steel Plant,Coimbatore,17.8,42127,37445,5263,3488,47414,-5287,-12.55,2455,51.9,0
LR-2025-080370,2025-10-23,WB-93-BB-5611,19,LCV,Attached,AM/NS India,Bhilai Steel Plant,Surat,10.9,50446,22114,4823,3209,59966,-9520,-18.87,627,50.7,3
LR-2025-080371,2025-08-31,WB-96-AB-6216,28,HCV,Market,Lloyds Metals,Visakhapatnam Steel,Indore,25.7,39239,41689,5659,4589,43575,-4336,-11.05,649,47.9,2
LR-2025-080372,2025-08-23,RJ-73-BB-9013,21,Covered,Owned,APL Apollo,Tata Steel Jamshedpur,Mumbai,21.0,54910,30470,3734,4205,54603,307,0.56,1078,18.4,0
LR-2025-080373,2025-10-01,TN-69-CB-8408,19,Open,Attached,Shyam Steel,Kolkata Steel Depot,Delhi NCR,12.5,64470,43268,4518,1900,78498,-14028,-21.76,951,60.1,0
LR-2025-080374,2025-09-12,RJ-11-CA-3830,19,Trailer,Market,SRMB Steel,Durgapur Steel,Pune,22.0,91032,30052,3688,2188,99110,-8078,-8.87,447,37.9,0
LR-2025-080375,2025-08-18,TN-30-BB-5549,19,Flatbed,Owned,Tata Steel Ltd,Rourkela Steel Plant,Chennai,13.5,56106,50711,4572,3582,48410,7696,13.72,1034,43.3,1
LR-2025-080376,2025-12-06,RJ-71-BB-3317,19,LCV,Attached,JSW Steel,Bhilai Steel Plant,Bengaluru,20.4,57158,50389,6091,2686,72016,-14858,-25.99,2085,43.5,6
LR-2025-080377,2025-07-15,GJ-97-CA-2996,28,HCV,Market,SAIL Bokaro,Visakhapatnam Steel,Hyderabad,12.2,75386,36474,4197,4768,63511,11875,15.75,1909,61.2,3
LR-2025-080378,2025-08-24,HR-12-CB-7062,25,Covered,Owned,Hindalco Industries,Tata Steel Jamshedpur,Ahmedabad,14.7,58219,39377,5619,2756,61361,-3142,-5.4,1660,51.5,4
LR-2025-080379,2025-08-03,RJ-83-BC-4184,19,Open,Attached,Vedanta Resources,Kolkata Steel Depot,Jaipur,29.8,65207,33002,5700,4228,76236,-11029,-16.91,1350,61.5,0
LR-2025-080380,2025-12-19,RJ-75-AB-7293,19,Trailer,Market,NMDC Ltd,Durgapur Steel,Lucknow,22.6,70916,23328,4967,3810,71219,-303,-0.43,2275,49.7,4
LR-2025-080381,2025-08-30,TN-34-BB-3344,21,Flatbed,Owned,Rashtriya Ispat Nigam,Rourkela Steel Plant,Coimbatore,27.3,81698,21868,4740,2810,73391,8307,10.17,1294,51.5,0
LR-2025-080382,2025-08-02,UP-44-BC-8941,21,LCV,Attached,Essar Steel,Bhilai Steel Plant,Surat,22.2,88056,31111,6175,5120,95342,-7286,-8.27,1150,69.6,1
LR-2025-080383,2025-12-08,MH-77-BB-5066,25,HCV,Market,Jindal Steel,Visakhapatnam Steel,Indore,18.4,41888,18715,4021,2869,38274,3614,8.63,1216,24.1,0
LR-2025-080384,2025-09-07,HR-57-CB-3418,25,Covered,Owned,Bhushan Steel,Tata Steel Jamshedpur,Mumbai,22.6,76705,28287,5232,3619,83982,-7277,-9.49,1666,22.0,0
LR-2025-080385,2025-07-21,KA-46-AC-3105,21,Open,Attached,AM/NS India,Kolkata Steel Depot,Delhi NCR,29.6,52084,26120,3014,3137,44940,7144,13.72,2643,42.7,0
LR-2025-080386,2025-08-05,WB-90-CA-6306,25,Trailer,Market,Lloyds Metals,Durgapur Steel,Pune,13.2,88513,20263,5436,2958,100432,-11919,-13.47,1707,47.7,0
LR-2025-080387,2025-11-20,KA-18-AB-3292,19,Flatbed,Owned,APL Apollo,Rourkela Steel Plant,Chennai,11.6,91885,28707,5723,2762,94282,-2397,-2.61,756,58.3,8
LR-2025-080388,2025-09-27,HR-73-CA-9931,16,LCV,Attached,Shyam Steel,Bhilai Steel Plant,Bengaluru,20.5,56161,43951,5645,2434,45052,11109,19.78,2625,62.1,3
LR-2025-080389,2025-10-18,MH-40-AA-1396,16,HCV,Market,SRMB Steel,Visakhapatnam Steel,Hyderabad,23.0,63392,32779,4760,1973,53421,9971,15.73,552,28.3,0
LR-2025-080390,2025-11-18,RJ-51-CA-7484,16,Covered,Owned,Tata Steel Ltd,Tata Steel Jamshedpur,Ahmedabad,20.2,44002,36981,4816,1896,55280,-11278,-25.63,2079,46.8,0
LR-2025-080391,2025-10-26,KA-10-BC-2320,28,Open,Attached,JSW Steel,Kolkata Steel Depot,Jaipur,28.0,72644,51367,6195,2472,56570,16074,22.13,2006,27.9,0
LR-2025-080392,2025-10-12,GJ-81-BC-9370,25,Trailer,Market,SAIL Bokaro,Durgapur Steel,Lucknow,12.9,75135,31211,5889,4288,86181,-11046,-14.7,1429,34.7,0
LR-2025-080393,2025-07-10,GJ-67-AA-8299,28,Flatbed,Owned,Hindalco Industries,Rourkela Steel Plant,Coimbatore,29.8,51061,51541,5953,3461,49231,1830,3.58,1218,26.4,0
LR-2025-080394,2025-11-01,MH-82-BB-4511,28,LCV,Attached,Vedanta Resources,Bhilai Steel Plant,Surat,26.7,86732,41654,4699,2022,70730,16002,18.45,1321,47.7,4
LR-2025-080395,2025-12-17,GJ-11-BA-3964,21,HCV,Market,NMDC Ltd,Visakhapatnam Steel,Indore,13.8,50536,43465,5748,3140,44105,6431,12.73,2255,71.1,1
LR-2025-080396,2025-08-23,GJ-95-BA-2272,28,Covered,Owned,Rashtriya Ispat Nigam,Tata Steel Jamshedpur,Mumbai,11.8,44830,18017,2927,4336,55537,-10707,-23.88,584,64.0,6
LR-2025-080397,2025-09-17,UP-22-AA-7030,19,Open,Attached,Essar Steel,Kolkata Steel Depot,Delhi NCR,23.1,34000,45732,5838,3327,31205,2795,8.22,691,31.7,1
LR-2025-080398,2025-11-23,GJ-28-BB-8486,19,Trailer,Market,Jindal Steel,Durgapur Steel,Pune,12.0,53494,19990,4751,2515,62087,-8593,-16.06,438,22.3,2
LR-2025-080399,2025-07-28,GJ-44-AA-8859,16,Flatbed,Owned,Bhushan Steel,Rourkela Steel Plant,Chennai,24.9,63834,28046,3682,2066,77385,-13551,-21.23,2008,54.0,0
LR-2025-080400,2025-08-26,TN-32-AA-1721,32,LCV,Attached,AM/NS India,Bhilai Steel Plant,Bengaluru,10.8,66599,36404,5707,2953,65593,1006,1.51,2342,27.4,0
LR-2025-080401,2025-11-05,MH-98-CB-1031,32,HCV,Market,Lloyds Metals,Visakhapatnam Steel,Hyderabad,10.4,77990,46530,5089,4679,70302,7688,9.86,2381,60.3,1
LR-2025-080402,2025-09-21,HR-86-BC-8475,25,Covered,Owned,APL Apollo,Tata Steel Jamshedpur,Ahmedabad,20.9,82662,42462,5497,3320,64856,17806,21.54,2636,46.3,0
LR-2025-080403,2025-11-09,TN-57-CB-6692,21,Open,Attached,Shyam Steel,Kolkata Steel Depot,Jaipur,12.6,75898,50408,5567,4021,71369,4529,5.97,2050,36.2,0
LR-2025-080404,2025-11-18,RJ-55-CB-8385,28,Trailer,Market,SRMB Steel,Durgapur Steel,Lucknow,27.6,73462,28766,2975,3206,65503,7959,10.83,2454,67.4,8
LR-2025-080405,2025-08-07,UP-83-AC-4372,32,Flatbed,Owned,Tata Steel Ltd,Rourkela Steel Plant,Coimbatore,17.8,43506,45458,3258,3853,46611,-3105,-7.14,2608,18.4,0
LR-2025-080406,2025-08-05,UP-39-BC-9014,16,LCV,Attached,JSW Steel,Bhilai Steel Plant,Surat,16.3,34264,42466,5046,3417,30579,3685,10.75,2522,52.8,0
LR-2025-080407,2025-09-10,HR-38-CB-3551,32,HCV,Market,SAIL Bokaro,Visakhapatnam Steel,Indore,28.3,71815,30342,5733,1802,67692,4123,5.74,2446,60.8,0
LR-2025-080408,2025-10-06,MH-61-BB-4428,28,Covered,Owned,Hindalco Industries,Tata Steel Jamshedpur,Mumbai,22.9,38732,30517,2896,1866,43433,-4701,-12.14,507,32.6,0
LR-2025-080409,2025-12-05,HR-42-CB-2948,25,Open,Attached,Vedanta Resources,Kolkata Steel Depot,Delhi NCR,29.3,88241,44411,2843,4658,102673,-14432,-16.36,2827,32.8,0
LR-2025-080410,2025-07-18,KA-91-AA-9050,16,Trailer,Market,NMDC Ltd,Durgapur Steel,Pune,20.0,47660,41035,2927,2847,43750,3910,8.2,2319,64.2,0
LR-2025-080411,2025-09-06,RJ-97-CB-1447,25,Flatbed,Owned,Rashtriya Ispat Nigam,Rourkela Steel Plant,Chennai,10.3,69325,49945,5909,2155,80437,-11112,-16.03,2325,30.1,0
LR-2025-080412,2025-07-15,HR-68-CA-6527,19,LCV,Attached,Essar Steel,Bhilai Steel Plant,Bengaluru,22.2,50081,48754,2940,3122,56923,-6842,-13.66,1648,46.9,1
LR-2025-080413,2025-09-09,HR-11-AC-1462,28,HCV,Market,Jindal Steel,Visakhapatnam Steel,Hyderabad,18.8,63569,50903,3542,3697,55471,8098,12.74,1505,55.0,0
LR-2025-080414,2025-12-11,GJ-84-AB-9466,25,Covered,Owned,Bhushan Steel,Tata Steel Jamshedpur,Ahmedabad,13.2,69105,47604,4001,2466,76010,-6905,-9.99,543,32.3,0
LR-2025-080415,2025-12-04,MH-71-CB-5080,16,Open,Attached,AM/NS India,Kolkata Steel Depot,Jaipur,17.6,41187,29575,5964,3343,46012,-4825,-11.71,559,32.9,0
LR-2025-080416,2025-08-19,MH-66-AB-2663,19,Trailer,Market,Lloyds Metals,Durgapur Steel,Lucknow,12.4,90725,19551,4594,3832,101174,-10449,-11.52,1881,60.5,0
LR-2025-080417,2025-09-20,HR-63-CB-1549,21,Flatbed,Owned,APL Apollo,Rourkela Steel Plant,Coimbatore,18.7,80426,45672,3074,2066,83087,-2661,-3.31,737,30.7,6
LR-2025-080418,2025-08-16,MH-27-AB-1395,19,LCV,Attached,Shyam Steel,Bhilai Steel Plant,Surat,11.3,57438,30241,5522,2604,57829,-391,-0.68,2207,53.0,0
LR-2025-080419,2025-12-06,UP-84-CA-2898,28,HCV,Market,SRMB Steel,Visakhapatnam Steel,Indore,10.3,70527,31267,3403,3030,63246,7281,10.32,925,57.8,0
LR-2025-080420,2025-12-20,HR-77-BB-9692,16,Covered,Owned,Tata Steel Ltd,Tata Steel Jamshedpur,Mumbai,15.9,58370,26982,4108,2798,46182,12188,20.88,2347,60.9,0
LR-2025-080421,2025-10-30,HR-32-CA-9870,16,Open,Attached,JSW Steel,Kolkata Steel Depot,Delhi NCR,12.6,65113,26320,4888,2395,65680,-567,-0.87,658,42.8,8
LR-2025-080422,2025-10-21,TN-90-BC-4692,21,Trailer,Market,SAIL Bokaro,Durgapur Steel,Pune,18.0,38757,46303,2975,3112,40865,-2108,-5.44,1996,17.5,1
LR-2025-080423,2025-07-21,MH-26-CB-9348,25,Flatbed,Owned,Hindalco Industries,Rourkela Steel Plant,Chennai,23.1,58489,28307,3788,4253,56337,2152,3.68,2515,32.1,2
LR-2025-080424,2025-09-08,HR-81-AB-3384,32,LCV,Attached,Vedanta Resources,Bhilai Steel Plant,Bengaluru,10.3,62360,36178,4410,2950,66844,-4484,-7.19,2282,52.4,8
LR-2025-080425,2025-08-08,RJ-49-CB-9379,25,HCV,Market,NMDC Ltd,Visakhapatnam Steel,Hyderabad,17.6,56379,26995,4722,3180,51746,4633,8.22,752,54.7,8
LR-2025-080426,2025-07-15,HR-42-BB-5444,21,Covered,Owned,Rashtriya Ispat Nigam,Tata Steel Jamshedpur,Ahmedabad,22.0,68913,32931,4082,3127,70900,-1987,-2.88,1360,47.7,0
LR-2025-080427,2025-09-29,TN-45-BB-7944,32,Open,Attached,Essar Steel,Kolkata Steel Depot,Jaipur,23.3,54076,27127,6085,4953,46492,7584,14.02,1588,26.6,1
LR-2025-080428,2025-10-02,MH-69-AC-2920,32,Trailer,Market,Jindal Steel,Durgapur Steel,Lucknow,24.7,80702,37101,5415,2811,84111,-3409,-4.22,1222,49.5,1
LR-2025-080429,2025-07-11,KA-57-BA-7416,25,Flatbed,Owned,Bhushan Steel,Rourkela Steel Plant,Coimbatore,24.6,56110,48086,5001,3198,47985,8125,14.48,979,30.3,0
LR-2025-080430,2025-08-05,TN-10-AB-4095,21,LCV,Attached,AM/NS India,Bhilai Steel Plant,Surat,29.0,42154,47803,5055,4190,53223,-11069,-26.26,1514,44.6,0
LR-2025-080431,2025-09-05,KA-86-AB-8804,25,HCV,Market,Lloyds Metals,Visakhapatnam Steel,Indore,17.6,51412,25827,3372,2541,40436,10976,21.35,883,36.2,2
LR-2025-080432,2025-12-06,GJ-23-BB-3087,16,Covered,Owned,APL Apollo,Tata Steel Jamshedpur,Mumbai,28.9,37571,45739,3639,1963,29356,8215,21.87,2700,19.4,0
LR-2025-080433,2025-10-12,TN-40-BA-4611,28,Open,Attached,Shyam Steel,Kolkata Steel Depot,Delhi NCR,22.2,74918,35480,5063,3248,84970,-10052,-13.42,1348,24.5,0
LR-2025-080434,2025-11-10,TN-36-AA-3627,16,Trailer,Market,SRMB Steel,Durgapur Steel,Pune,21.5,54756,35676,6115,3791,63321,-8565,-15.64,890,21.4,3
LR-2025-080435,2025-07-20,UP-32-BA-5578,16,Flatbed,Owned,Tata Steel Ltd,Rourkela Steel Plant,Chennai,9.6,48481,38217,4582,4174,42947,5534,11.41,2836,63.6,0
LR-2025-080436,2025-12-03,TN-66-CB-3463,32,LCV,Attached,JSW Steel,Bhilai Steel Plant,Bengaluru,28.2,49216,42914,2894,4017,39973,9243,18.78,1492,27.5,1
LR-2025-080437,2025-08-11,RJ-51-AA-9176,28,HCV,Market,SAIL Bokaro,Visakhapatnam Steel,Hyderabad,22.4,62616,46979,5284,2641,73297,-10681,-17.06,1907,24.1,0
LR-2025-080438,2025-09-18,UP-61-BA-4570,21,Covered,Owned,Hindalco Industries,Tata Steel Jamshedpur,Ahmedabad,16.9,88849,35966,3818,4728,99817,-10968,-12.34,1570,66.3,0
LR-2025-080439,2025-12-17,MH-92-AB-8409,32,Open,Attached,Vedanta Resources,Kolkata Steel Depot,Jaipur,26.3,91522,43484,5141,3213,91911,-389,-0.43,1852,37.3,0
LR-2025-080440,2025-09-06,HR-65-BB-6705,19,Trailer,Market,NMDC Ltd,Durgapur Steel,Lucknow,15.2,81459,35030,4760,2447,80772,687,0.84,1070,28.3,1
LR-2025-080441,2025-11-03,WB-58-BC-1786,19,Flatbed,Owned,Rashtriya Ispat Nigam,Rourkela Steel Plant,Coimbatore,11.4,67893,28404,3178,4320,72750,-4857,-7.15,2644,18.8,0
LR-2025-080442,2025-10-09,UP-65-BB-4047,19,LCV,Attached,Essar Steel,Bhilai Steel Plant,Surat,18.1,50721,28920,4932,2073,50498,223,0.44,1329,64.8,1
LR-2025-080443,2025-11-08,GJ-80-CB-7934,19,HCV,Market,Jindal Steel,Visakhapatnam Steel,Indore,14.5,71526,30804,5268,4718,78707,-7181,-10.04,695,19.8,0
LR-2025-080444,2025-08-09,HR-69-BC-3931,19,Covered,Owned,Bhushan Steel,Tata Steel Jamshedpur,Mumbai,20.7,87561,30242,3806,5023,102204,-14643,-16.72,415,34.2,0
LR-2025-080445,2025-12-18,WB-60-AC-3736,16,Open,Attached,AM/NS India,Kolkata Steel Depot,Delhi NCR,19.4,51847,26669,3790,4294,53241,-1394,-2.69,1884,48.1,0
LR-2025-080446,2025-11-25,MH-30-AA-2098,25,Trailer,Market,Lloyds Metals,Durgapur Steel,Pune,12.4,50108,36822,4687,3966,49936,172,0.34,2386,53.9,0
LR-2025-080447,2025-08-11,KA-92-BC-7638,21,Flatbed,Owned,APL Apollo,Rourkela Steel Plant,Chennai,20.5,69485,44717,3483,3860,79049,-9564,-13.76,2426,23.1,0
LR-2025-080448,2025-09-20,GJ-24-CA-7268,25,LCV,Attached,Shyam Steel,Bhilai Steel Plant,Bengaluru,15.8,38811,19564,4088,3795,41601,-2790,-7.19,1193,58.0,0
LR-2025-080449,2025-11-16,KA-85-AC-5947,25,HCV,Market,SRMB Steel,Visakhapatnam Steel,Hyderabad,14.6,84795,19073,3730,3598,92596,-7801,-9.2,1415,43.3,0
LR-2025-080450,2025-11-01,KA-26-CA-1841,19,Covered,Owned,Tata Steel Ltd,Tata Steel Jamshedpur,Ahmedabad,29.4,64487,24637,4010,3332,61470,3017,4.68,597,35.6,4
LR-2025-080451,2025-12-04,GJ-55-CB-1663,25,Open,Attached,JSW Steel,Kolkata Steel Depot,Jaipur,10.9,76823,39722,3592,3071,93225,-16402,-21.35,2455,25.3,12
LR-2025-080452,2025-08-02,GJ-17-AA-9347,19,Trailer,Market,SAIL Bokaro,Durgapur Steel,Lucknow,22.7,43564,42331,2898,3636,49970,-6406,-14.7,2032,34.7,1
LR-2025-080453,2025-10-12,RJ-16-AB-8182,25,Flatbed,Owned,Hindalco Industries,Rourkela Steel Plant,Coimbatore,18.6,56736,51683,2948,4529,61463,-4727,-8.33,2624,56.8,0
LR-2025-080454,2025-11-14,TN-52-CB-5376,19,LCV,Attached,Vedanta Resources,Bhilai Steel Plant,Surat,12.5,38409,30866,3181,4326,49136,-10727,-27.93,1952,31.4,0
LR-2025-080455,2025-11-19,MH-63-BA-7841,19,HCV,Market,NMDC Ltd,Visakhapatnam Steel,Indore,18.5,36884,34721,3662,1802,33842,3042,8.25,651,25.1,0
LR-2025-080456,2025-12-07,MH-69-AC-9085,16,Covered,Owned,Rashtriya Ispat Nigam,Tata Steel Jamshedpur,Mumbai,11.2,81660,48120,6124,3203,82557,-897,-1.1,1904,63.6,6
LR-2025-080457,2025-08-05,RJ-90-BC-9629,19,Open,Attached,Essar Steel,Kolkata Steel Depot,Delhi NCR,23.5,50913,36282,6102,4232,53971,-3058,-6.01,1384,28.7,0
LR-2025-080458,2025-08-15,GJ-73-CA-1840,28,Trailer,Market,Jindal Steel,Durgapur Steel,Pune,15.8,65679,34884,3236,5175,59212,6467,9.85,986,47.1,3
LR-2025-080459,2025-10-21,KA-29-AB-9883,28,Flatbed,Owned,Bhushan Steel,Rourkela Steel Plant,Chennai,17.1,48349,44204,4517,4120,58889,-10540,-21.8,1736,32.7,0
LR-2025-080460,2025-07-07,HR-50-AA-8137,25,LCV,Attached,AM/NS India,Bhilai Steel Plant,Bengaluru,26.6,74832,28095,4496,3738,75596,-764,-1.02,505,34.7,0
LR-2025-080461,2025-08-20,TN-85-BA-7640,25,HCV,Market,Lloyds Metals,Visakhapatnam Steel,Hyderabad,27.3,54185,36773,3796,4300,47821,6364,11.74,1055,34.8,1
LR-2025-080462,2025-12-02,HR-20-AB-1139,19,Covered,Owned,APL Apollo,Tata Steel Jamshedpur,Ahmedabad,20.8,72892,50286,3178,5050,69682,3210,4.4,1002,71.5,0
LR-2025-080463,2025-10-10,RJ-96-BC-2433,16,Open,Attached,Shyam Steel,Kolkata Steel Depot,Jaipur,13.0,45637,38300,4152,2209,35460,10177,22.3,539,71.8,0
LR-2025-080464,2025-11-04,UP-60-CB-2761,21,Trailer,Market,SRMB Steel,Durgapur Steel,Lucknow,22.0,36589,22697,5309,2965,39497,-2908,-7.95,947,19.6,1
LR-2025-080465,2025-08-14,HR-73-BA-5648,16,Flatbed,Owned,Tata Steel Ltd,Rourkela Steel Plant,Coimbatore,17.8,51038,40194,5523,2466,42966,8072,15.82,2316,61.4,0
LR-2025-080466,2025-07-09,TN-63-BA-6067,32,LCV,Attached,JSW Steel,Bhilai Steel Plant,Surat,16.4,67349,33773,4689,2409,61916,5433,8.07,1015,18.1,0
LR-2025-080467,2025-11-26,KA-26-AC-2203,21,HCV,Market,SAIL Bokaro,Visakhapatnam Steel,Indore,25.7,91353,38968,5172,2779,75020,16333,17.88,2352,40.4,0
LR-2025-080468,2025-08-04,GJ-36-CB-1554,21,Covered,Owned,Hindalco Industries,Tata Steel Jamshedpur,Mumbai,12.8,76225,30549,4213,2070,84419,-8194,-10.75,580,17.8,3
LR-2025-080469,2025-08-18,KA-94-CA-6301,25,Open,Attached,Vedanta Resources,Kolkata Steel Depot,Delhi NCR,12.3,50526,39424,5852,4697,48635,1891,3.74,2109,52.9,6
LR-2025-080470,2025-11-06,WB-31-BB-7812,16,Trailer,Market,NMDC Ltd,Durgapur Steel,Pune,19.7,83251,39925,3406,1972,87798,-4547,-5.46,954,29.4,1
LR-2025-080471,2025-11-07,TN-14-AA-6910,32,Flatbed,Owned,Rashtriya Ispat Nigam,Rourkela Steel Plant,Chennai,16.7,52209,42446,4181,1811,64311,-12102,-23.18,808,43.0,3
LR-2025-080472,2025-11-16,RJ-97-BB-9697,25,LCV,Attached,Essar Steel,Bhilai Steel Plant,Bengaluru,28.2,66838,30888,4581,4952,57808,9030,13.51,541,41.5,1
LR-2025-080473,2025-08-29,WB-46-BC-1293,25,HCV,Market,Jindal Steel,Visakhapatnam Steel,Hyderabad,21.9,69856,22115,4743,5197,63632,6224,8.91,2089,68.0,4
LR-2025-080474,2025-10-04,MH-67-BB-5919,32,Covered,Owned,Bhushan Steel,Tata Steel Jamshedpur,Ahmedabad,27.4,73895,33038,5537,4173,78136,-4241,-5.74,1420,38.1,0
LR-2025-080475,2025-08-30,MH-60-AA-8045,16,Open,Attached,AM/NS India,Kolkata Steel Depot,Jaipur,29.6,49022,35932,4992,5135,38290,10732,21.89,2618,68.6,0
LR-2025-080476,2025-07-13,GJ-86-AA-9136,28,Trailer,Market,Lloyds Metals,Durgapur Steel,Lucknow,14.0,90921,36845,5993,2274,114138,-23217,-25.54,1341,67.8,0
LR-2025-080477,2025-08-06,MH-11-CA-2305,21,Flatbed,Owned,APL Apollo,Rourkela Steel Plant,Coimbatore,23.1,81560,49448,2884,2207,75921,5639,6.91,911,68.1,2
LR-2025-080478,2025-10-19,TN-30-CA-4343,32,LCV,Attached,Shyam Steel,Bhilai Steel Plant,Surat,12.9,45077,24396,5933,2982,49669,-4592,-10.19,1647,71.9,1
LR-2025-080479,2025-11-14,HR-10-BA-2081,21,HCV,Market,SRMB Steel,Visakhapatnam Steel,Indore,29.8,75878,25429,5933,3648,60374,15504,20.43,1762,22.8,2
LR-2025-080480,2025-08-15,HR-71-BB-2364,21,Covered,Owned,Tata Steel Ltd,Tata Steel Jamshedpur,Mumbai,26.1,85087,41149,3522,3388,88319,-3232,-3.8,1155,46.5,0
LR-2025-080481,2025-07-18,HR-18-AC-3388,21,Open,Attached,JSW Steel,Kolkata Steel Depot,Delhi NCR,12.9,35194,30725,4760,4901,43418,-8224,-23.37,1819,17.7,3
LR-2025-080482,2025-11-27,TN-37-AC-4115,28,Trailer,Market,SAIL Bokaro,Durgapur Steel,Pune,22.9,85948,22384,5850,2728,99142,-13194,-15.35,2404,47.2,0
LR-2025-080483,2025-11-03,WB-14-CB-4081,16,Flatbed,Owned,Hindalco Industries,Rourkela Steel Plant,Chennai,21.5,55116,19122,5522,3325,60303,-5187,-9.41,1767,39.3,3
LR-2025-080484,2025-12-02,UP-22-AB-3224,25,LCV,Attached,Vedanta Resources,Bhilai Steel Plant,Bengaluru,19.9,54654,40328,3290,4359,66035,-11381,-20.82,513,60.0,1
LR-2025-080485,2025-09-06,GJ-14-AB-1899,21,HCV,Market,NMDC Ltd,Visakhapatnam Steel,Hyderabad,23.5,50124,26973,5650,2857,46228,3896,7.77,1934,72.0,0
LR-2025-080486,2025-12-04,RJ-19-CB-6052,32,Covered,Owned,Rashtriya Ispat Nigam,Tata Steel Jamshedpur,Ahmedabad,15.8,89688,19489,2907,2967,87379,2309,2.57,1722,26.3,0
LR-2025-080487,2025-07-22,HR-56-AB-2559,21,Open,Attached,Essar Steel,Kolkata Steel Depot,Jaipur,25.6,43006,38860,3306,2548,53514,-10508,-24.43,2740,27.9,2
LR-2025-080488,2025-10-05,HR-80-BB-5874,16,Trailer,Market,Jindal Steel,Durgapur Steel,Lucknow,28.3,49172,20669,4077,3521,38626,10546,21.45,760,52.8,0
LR-2025-080489,2025-11-29,WB-23-CB-1696,25,Flatbed,Owned,Bhushan Steel,Rourkela Steel Plant,Coimbatore,26.5,37411,44606,5019,2237,31095,6316,16.88,1462,24.9,6
LR-2025-080490,2025-09-29,UP-33-AB-1275,25,LCV,Attached,AM/NS India,Bhilai Steel Plant,Surat,14.1,86042,26300,3493,4822,76469,9573,11.13,2467,29.4,0
LR-2025-080491,2025-10-15,MH-73-BA-1972,25,HCV,Market,Lloyds Metals,Visakhapatnam Steel,Indore,13.9,78656,43456,3588,5179,81169,-2513,-3.19,2541,32.4,0
LR-2025-080492,2025-07-28,GJ-44-BA-3042,32,Covered,Owned,APL Apollo,Tata Steel Jamshedpur,Mumbai,18.3,72716,50615,2805,2269,70826,1890,2.6,2041,49.1,2
LR-2025-080493,2025-11-06,HR-95-BA-3170,32,Open,Attached,Shyam Steel,Kolkata Steel Depot,Delhi NCR,10.3,79305,34383,5851,1990,65558,13747,17.33,675,54.3,0
LR-2025-080494,2025-11-25,WB-93-BA-2814,32,Trailer,Market,SRMB Steel,Durgapur Steel,Pune,9.8,48295,25009,4198,2645,43649,4646,9.62,2211,24.1,2
LR-2025-080495,2025-09-20,RJ-62-CA-9501,32,Flatbed,Owned,Tata Steel Ltd,Rourkela Steel Plant,Chennai,15.3,85484,31208,5401,2397,70446,15038,17.59,1226,37.8,0
LR-2025-080496,2025-07-07,MH-72-CB-5487,25,LCV,Attached,JSW Steel,Bhilai Steel Plant,Bengaluru,10.5,77637,18200,4574,3698,93647,-16010,-20.62,1029,19.4,4
LR-2025-080497,2025-08-11,GJ-36-CA-2809,21,HCV,Market,SAIL Bokaro,Visakhapatnam Steel,Hyderabad,12.5,37905,36306,3525,3545,43558,-5653,-14.91,436,42.5,2
LR-2025-080498,2025-09-25,GJ-92-BA-8362,19,Covered,Owned,Hindalco Industries,Tata Steel Jamshedpur,Ahmedabad,24.0,38279,36062,4753,3399,40766,-2487,-6.5,1484,25.0,0
LR-2025-080499,2025-10-24,KA-59-BA-9350,32,Open,Attached,Vedanta Resources,Kolkata Steel Depot,Jaipur,29.1,42748,25197,3896,4754,32870,9878,23.11,1898,45.2,1
LR-2025-080500,2025-08-13,GJ-61-AA-2031,28,Trailer,Market,NMDC Ltd,Durgapur Steel,Lucknow,29.6,51813,25020,3788,2958,62603,-10790,-20.82,1412,61.3,2
LR-2025-080501,2025-07-19,UP-90-CB-9656,16,Flatbed,Owned,Rashtriya Ispat Nigam,Rourkela Steel Plant,Coimbatore,12.6,77807,19282,4140,4947,96816,-19009,-24.43,2648,39.5,0
LR-2025-080502,2025-11-26,GJ-64-BB-5455,28,LCV,Attached,Essar Steel,Bhilai Steel Plant,Surat,13.7,65524,44342,5543,4264,56389,9135,13.94,2695,47.6,0
LR-2025-080503,2025-10-22,RJ-15-BC-6847,25,HCV,Market,Jindal Steel,Visakhapatnam Steel,Indore,25.4,64923,39851,4819,2732,70429,-5506,-8.48,2144,69.6,0
LR-2025-080504,2025-11-18,MH-62-AA-4358,25,Covered,Owned,Bhushan Steel,Tata Steel Jamshedpur,Mumbai,18.2,38998,22758,3220,4589,31731,7267,18.63,2626,40.7,0
LR-2025-080505,2025-09-20,HR-14-BB-1191,28,Open,Attached,AM/NS India,Kolkata Steel Depot,Delhi NCR,18.1,82367,36377,5433,4211,71788,10579,12.84,2222,66.0,0
LR-2025-080506,2025-11-30,GJ-86-BA-1723,25,Trailer,Market,Lloyds Metals,Durgapur Steel,Pune,24.0,49512,28946,5492,4902,53380,-3868,-7.81,406,67.9,0
LR-2025-080507,2025-09-30,HR-21-BA-5549,16,Flatbed,Owned,APL Apollo,Rourkela Steel Plant,Chennai,18.5,48179,40869,4261,4885,56551,-8372,-17.38,2232,47.2,0
LR-2025-080508,2025-07-16,WB-95-BB-4154,19,LCV,Attached,Shyam Steel,Bhilai Steel Plant,Bengaluru,26.8,82424,33349,5820,1985,66822,15602,18.93,1114,27.0,0
LR-2025-080509,2025-12-08,KA-38-AC-1515,16,HCV,Market,SRMB Steel,Visakhapatnam Steel,Hyderabad,24.7,42691,31380,4301,4368,38994,3697,8.66,1607,62.7,0
LR-2025-080510,2025-11-13,KA-58-AA-3807,21,Covered,Owned,Tata Steel Ltd,Tata Steel Jamshedpur,Ahmedabad,10.2,79083,29475,5603,3521,62705,16378,20.71,824,20.8,0
LR-2025-080511,2025-11-26,TN-39-AC-5360,32,Open,Attached,JSW Steel,Kolkata Steel Depot,Jaipur,20.4,38798,39630,4655,2444,32588,6210,16.01,2814,45.8,0
LR-2025-080512,2025-07-20,KA-45-BC-5263,28,Trailer,Market,SAIL Bokaro,Durgapur Steel,Lucknow,14.0,63429,19312,3603,3462,62220,1209,1.91,1590,37.0,0
LR-2025-080513,2025-11-24,UP-16-BA-9741,16,Flatbed,Owned,Hindalco Industries,Rourkela Steel Plant,Coimbatore,21.3,39965,43860,5460,4178,48552,-8587,-21.49,933,19.0,0
LR-2025-080514,2025-11-21,MH-16-AB-4956,28,LCV,Attached,Vedanta Resources,Bhilai Steel Plant,Surat,21.1,91396,40224,4950,4001,80477,10919,11.95,763,30.5,0
LR-2025-080515,2025-12-12,TN-72-BA-3289,19,HCV,Market,NMDC Ltd,Visakhapatnam Steel,Indore,24.2,42924,23857,4921,2405,51106,-8182,-19.06,2191,20.0,2
LR-2025-080516,2025-10-02,KA-31-BB-6532,16,Covered,Owned,Rashtriya Ispat Nigam,Tata Steel Jamshedpur,Mumbai,10.2,69830,18755,5995,1911,55981,13849,19.83,479,64.3,2
LR-2025-080517,2025-07-13,HR-20-BA-8877,16,Open,Attached,Essar Steel,Kolkata Steel Depot,Delhi NCR,18.7,39481,42349,3034,5025,36626,2855,7.23,485,56.3,8
LR-2025-080518,2025-11-24,GJ-47-BB-3609,16,Trailer,Market,Jindal Steel,Durgapur Steel,Pune,21.0,54502,27695,5259,4536,52164,2338,4.29,2740,46.2,0
LR-2025-080519,2025-12-04,UP-32-BB-9215,28,Flatbed,Owned,Bhushan Steel,Rourkela Steel Plant,Chennai,26.1,68224,38585,4354,3720,84143,-15919,-23.33,545,44.4,0
LR-2025-080520,2025-12-23,GJ-41-CA-6658,32,LCV,Attached,AM/NS India,Bhilai Steel Plant,Bengaluru,16.7,36893,41689,5765,3913,39534,-2641,-7.16,1506,45.7,0
LR-2025-080521,2025-09-09,UP-44-BA-6269,21,HCV,Market,Lloyds Metals,Visakhapatnam Steel,Hyderabad,23.4,70896,41999,4070,5165,58413,12483,17.61,1077,60.0,0
LR-2025-080522,2025-12-13,KA-16-CA-4406,19,Covered,Owned,APL Apollo,Tata Steel Jamshedpur,Ahmedabad,18.1,36744,48148,5331,3254,38483,-1739,-4.73,449,59.3,2
LR-2025-080523,2025-11-06,UP-18-AA-5387,16,Open,Attached,Shyam Steel,Kolkata Steel Depot,Jaipur,29.0,90109,43668,3835,3965,111809,-21700,-24.08,888,65.9,4
LR-2025-080524,2025-07-16,GJ-92-AC-9969,25,Trailer,Market,SRMB Steel,Durgapur Steel,Lucknow,20.0,82398,34319,4912,2594,62836,19562,23.74,1928,56.2,0
LR-2025-080525,2025-10-16,MH-29-AB-3318,32,Flatbed,Owned,Tata Steel Ltd,Rourkela Steel Plant,Coimbatore,17.9,76450,37343,5773,2499,60653,15797,20.66,2516,48.0,1
LR-2025-080526,2025-10-08,UP-12-BA-7877,32,LCV,Attached,JSW Steel,Bhilai Steel Plant,Surat,12.2,81877,46238,3676,2226,75319,6558,8.01,1648,69.8,0
LR-2025-080527,2025-09-15,GJ-90-CA-3566,21,HCV,Market,SAIL Bokaro,Visakhapatnam Steel,Indore,29.4,64275,42488,5903,2990,78042,-13767,-21.42,553,26.4,2
LR-2025-080528,2025-09-27,UP-47-BA-1381,32,Covered,Owned,Hindalco Industries,Tata Steel Jamshedpur,Mumbai,11.3,81259,42724,4060,3484,90310,-9051,-11.14,1526,64.3,0
LR-2025-080529,2025-12-18,MH-23-BC-4955,28,Open,Attached,Vedanta Resources,Kolkata Steel Depot,Delhi NCR,24.1,87393,51996,3530,2928,90520,-3127,-3.58,1738,56.6,0
LR-2025-080530,2025-12-08,RJ-14-BB-1942,21,Trailer,Market,NMDC Ltd,Durgapur Steel,Pune,14.5,73983,32164,3655,4933,88226,-14243,-19.25,1834,26.9,0
LR-2025-080531,2025-11-22,TN-38-AC-2674,16,Flatbed,Owned,Rashtriya Ispat Nigam,Rourkela Steel Plant,Chennai,11.5,72477,47802,4955,3710,66957,5520,7.62,886,46.5,1
LR-2025-080532,2025-11-30,MH-73-BA-3207,25,LCV,Attached,Essar Steel,Bhilai Steel Plant,Bengaluru,23.0,47016,32792,2960,3465,41627,5389,11.46,522,56.5,6
LR-2025-080533,2025-08-16,KA-51-CA-2561,25,HCV,Market,Jindal Steel,Visakhapatnam Steel,Hyderabad,29.7,83154,44686,5990,4063,89655,-6501,-7.82,2528,65.9,0
LR-2025-080534,2025-12-17,WB-85-AB-6481,25,Covered,Owned,Bhushan Steel,Tata Steel Jamshedpur,Ahmedabad,11.9,46112,26382,5246,3945,40049,6063,13.15,433,29.7,0
LR-2025-080535,2025-08-18,GJ-46-AB-7807,16,Open,Attached,AM/NS India,Kolkata Steel Depot,Jaipur,28.0,64950,32005,4404,3306,70870,-5920,-9.11,1796,23.5,0
LR-2025-080536,2025-11-22,GJ-23-BB-4700,19,Trailer,Market,Lloyds Metals,Durgapur Steel,Lucknow,17.8,54396,49283,4204,1908,58417,-4021,-7.39,2782,23.8,12
LR-2025-080537,2025-11-13,MH-87-AC-2204,19,Flatbed,Owned,APL Apollo,Rourkela Steel Plant,Coimbatore,19.0,46760,39967,4183,3513,39686,7074,15.13,694,21.2,6
LR-2025-080538,2025-10-09,UP-76-CA-1702,21,LCV,Attached,Shyam Steel,Bhilai Steel Plant,Surat,22.7,79574,40117,3773,3816,91345,-11771,-14.79,1999,40.0,6
LR-2025-080539,2025-11-29,HR-26-CA-1294,16,HCV,Market,SRMB Steel,Visakhapatnam Steel,Indore,29.3,82742,21629,4930,2632,64879,17863,21.59,1859,37.9,4
LR-2025-080540,2025-12-17,TN-29-CB-2190,21,Covered,Owned,Tata Steel Ltd,Tata Steel Jamshedpur,Mumbai,29.2,39792,31949,3209,2518,47171,-7379,-18.54,1275,30.2,0
LR-2025-080541,2025-08-15,UP-65-AB-8952,32,Open,Attached,JSW Steel,Kolkata Steel Depot,Delhi NCR,27.3,37411,45818,5925,4099,44334,-6923,-18.51,964,50.8,8
LR-2025-080542,2025-12-13,HR-40-BB-1081,28,Trailer,Market,SAIL Bokaro,Durgapur Steel,Pune,30.2,88486,30718,4203,3022,79387,9099,10.28,1352,42.7,1
LR-2025-080543,2025-08-10,UP-62-AA-4472,19,Flatbed,Owned,Hindalco Industries,Rourkela Steel Plant,Chennai,23.0,70063,26135,3018,2219,80086,-10023,-14.31,1897,41.3,1
LR-2025-080544,2025-08-16,RJ-82-AB-5740,21,LCV,Attached,Vedanta Resources,Bhilai Steel Plant,Bengaluru,21.6,73693,19033,5727,3655,87516,-13823,-18.76,1425,48.6,0
LR-2025-080545,2025-07-30,TN-89-CA-5856,28,HCV,Market,NMDC Ltd,Visakhapatnam Steel,Hyderabad,23.0,83559,47897,3167,3938,89482,-5923,-7.09,1590,24.1,2
LR-2025-080546,2025-07-31,MH-28-BC-2686,21,Covered,Owned,Rashtriya Ispat Nigam,Tata Steel Jamshedpur,Ahmedabad,9.9,71963,50796,4068,4132,69065,2898,4.03,1176,69.4,4
LR-2025-080547,2025-10-27,GJ-28-CA-7622,28,Open,Attached,Essar Steel,Kolkata Steel Depot,Jaipur,21.3,41101,21589,4470,4348,35190,5911,14.38,474,71.4,0
LR-2025-080548,2025-08-28,TN-13-CB-3849,32,Trailer,Market,Jindal Steel,Durgapur Steel,Lucknow,14.0,60082,32949,4929,4285,65665,-5583,-9.29,1282,34.2,1
LR-2025-080549,2025-08-12,UP-94-AA-5664,16,Flatbed,Owned,Bhushan Steel,Rourkela Steel Plant,Coimbatore,28.3,57711,44704,5518,2282,63372,-5661,-9.81,963,66.5,0
LR-2025-080550,2025-08-05,UP-61-BC-9921,32,LCV,Attached,AM/NS India,Bhilai Steel Plant,Surat,12.6,62452,35435,3182,5009,58549,3903,6.25,2635,37.4,0
LR-2025-080551,2025-10-29,WB-81-CB-7978,16,HCV,Market,Lloyds Metals,Visakhapatnam Steel,Indore,23.6,60668,27549,5939,2579,65994,-5326,-8.78,2544,33.6,0
LR-2025-080552,2025-11-04,GJ-61-AC-4942,28,Covered,Owned,APL Apollo,Tata Steel Jamshedpur,Mumbai,26.2,83179,38364,4884,2913,68414,14765,17.75,546,63.9,3
LR-2025-080553,2025-10-27,WB-10-CA-7400,25,Open,Attached,Shyam Steel,Kolkata Steel Depot,Delhi NCR,10.8,44763,21614,3278,4926,45156,-393,-0.88,1965,44.2,0
LR-2025-080554,2025-07-20,RJ-13-AA-2084,25,Trailer,Market,SRMB Steel,Durgapur Steel,Pune,20.6,77798,36300,3128,3000,66948,10850,13.95,679,64.0,0
LR-2025-080555,2025-11-08,MH-84-CB-7736,32,Flatbed,Owned,Tata Steel Ltd,Rourkela Steel Plant,Chennai,12.5,63696,42140,3703,4411,61916,1780,2.79,1526,31.1,4
LR-2025-080556,2025-10-12,TN-30-AA-8356,19,LCV,Attached,JSW Steel,Bhilai Steel Plant,Bengaluru,24.7,62878,44977,5550,2332,62262,616,0.98,2822,23.7,0
LR-2025-080557,2025-08-20,KA-59-AA-3637,28,HCV,Market,SAIL Bokaro,Visakhapatnam Steel,Hyderabad,24.2,86341,22377,5950,4985,69753,16588,19.21,1459,17.3,6
LR-2025-080558,2025-12-06,MH-35-BA-8436,19,Covered,Owned,Hindalco Industries,Tata Steel Jamshedpur,Ahmedabad,11.4,78212,26694,4086,3265,81140,-2928,-3.74,1081,27.3,4
LR-2025-080559,2025-08-06,HR-69-AA-4357,19,Open,Attached,Vedanta Resources,Kolkata Steel Depot,Jaipur,23.7,60300,23150,5269,2469,49237,11063,18.35,381,37.3,0
LR-2025-080560,2025-08-14,RJ-26-CB-9122,28,Trailer,Market,NMDC Ltd,Durgapur Steel,Lucknow,21.5,61649,40607,4340,2296,54482,7167,11.63,1159,28.2,0
LR-2025-080561,2025-10-06,GJ-85-AA-3763,28,Flatbed,Owned,Rashtriya Ispat Nigam,Rourkela Steel Plant,Coimbatore,16.3,77769,27230,4420,3004,81152,-3383,-4.35,2470,18.4,3
LR-2025-080562,2025-12-10,MH-67-BA-5098,16,LCV,Attached,Essar Steel,Bhilai Steel Plant,Surat,17.9,62256,25096,3380,3697,56230,6026,9.68,2426,53.4,0
LR-2025-080563,2025-11-12,HR-72-AC-2676,32,HCV,Market,Jindal Steel,Visakhapatnam Steel,Indore,13.6,46232,45516,3502,4145,36944,9288,20.09,2616,35.0,3
LR-2025-080564,2025-07-21,KA-39-CA-4795,28,Covered,Owned,Bhushan Steel,Tata Steel Jamshedpur,Mumbai,14.6,85406,25535,4910,2525,97383,-11977,-14.02,2606,54.2,0
LR-2025-080565,2025-07-30,KA-12-CB-9922,32,Open,Attached,AM/NS India,Kolkata Steel Depot,Delhi NCR,22.9,35910,44396,5588,2287,33612,2298,6.4,2237,42.8,0
LR-2025-080566,2025-10-24,TN-76-AC-1253,21,Trailer,Market,Lloyds Metals,Durgapur Steel,Pune,25.6,90420,42649,5014,2388,112832,-22412,-24.79,725,52.9,0
LR-2025-080567,2025-10-01,UP-21-CA-6997,16,Flatbed,Owned,APL Apollo,Rourkela Steel Plant,Chennai,25.8,48674,47313,3229,4612,52917,-4243,-8.72,1465,38.7,0
LR-2025-080568,2025-11-09,HR-83-AC-6363,28,LCV,Attached,Shyam Steel,Bhilai Steel Plant,Bengaluru,17.9,38775,47931,5892,4233,40011,-1236,-3.19,541,47.2,0
LR-2025-080569,2025-09-04,GJ-79-AA-3594,19,HCV,Market,SRMB Steel,Visakhapatnam Steel,Hyderabad,28.2,78686,20476,4155,5070,70788,7898,10.04,518,69.3,1
LR-2025-080570,2025-08-07,TN-86-BB-9312,21,Covered,Owned,Tata Steel Ltd,Tata Steel Jamshedpur,Ahmedabad,23.1,49060,37538,5280,3183,54182,-5122,-10.44,2477,47.0,0
LR-2025-080571,2025-08-30,KA-14-CB-2501,21,Open,Attached,JSW Steel,Kolkata Steel Depot,Jaipur,28.9,39505,33419,5028,3445,35849,3656,9.25,2213,37.9,0
LR-2025-080572,2025-11-06,WB-88-CB-5503,25,Trailer,Market,SAIL Bokaro,Durgapur Steel,Lucknow,25.9,84404,22160,5746,4371,106813,-22409,-26.55,2269,43.7,0
LR-2025-080573,2025-07-17,TN-74-CB-3521,19,Flatbed,Owned,Hindalco Industries,Rourkela Steel Plant,Coimbatore,16.2,59196,30855,4823,4871,61672,-2476,-4.18,536,60.3,0
LR-2025-080574,2025-09-12,UP-97-BA-7040,16,LCV,Attached,Vedanta Resources,Bhilai Steel Plant,Surat,24.1,78666,19959,5517,3276,81237,-2571,-3.27,1978,37.3,1
LR-2025-080575,2025-12-14,WB-96-AB-3751,21,HCV,Market,NMDC Ltd,Visakhapatnam Steel,Indore,28.4,78932,29528,5988,4857,78731,201,0.25,1783,63.7,0
LR-2025-080576,2025-09-14,KA-85-CA-4213,19,Covered,Owned,Rashtriya Ispat Nigam,Tata Steel Jamshedpur,Mumbai,16.9,45963,37278,3560,4414,57261,-11298,-24.58,1390,51.5,0
LR-2025-080577,2025-10-16,TN-38-BA-9948,28,Open,Attached,Essar Steel,Kolkata Steel Depot,Delhi NCR,29.1,68911,40294,4458,2473,78866,-9955,-14.45,1447,20.5,1
LR-2025-080578,2025-09-28,KA-32-BC-7374,19,Trailer,Market,Jindal Steel,Durgapur Steel,Pune,29.8,55487,29262,4453,4213,47554,7933,14.3,1287,64.6,0
LR-2025-080579,2025-09-20,HR-38-AB-7409,21,Flatbed,Owned,Bhushan Steel,Rourkela Steel Plant,Chennai,17.2,68717,50088,4925,2876,73948,-5231,-7.61,1962,69.2,0
LR-2025-080580,2025-08-21,GJ-43-BA-1124,19,LCV,Attached,AM/NS India,Bhilai Steel Plant,Bengaluru,15.9,35024,25862,5566,3898,37726,-2702,-7.71,2743,20.2,3
LR-2025-080581,2025-11-11,WB-35-BC-4866,21,HCV,Market,Lloyds Metals,Visakhapatnam Steel,Hyderabad,26.2,65537,23636,4291,2660,70222,-4685,-7.15,1995,33.2,0
LR-2025-080582,2025-10-01,MH-23-BA-3842,21,Covered,Owned,APL Apollo,Tata Steel Jamshedpur,Ahmedabad,22.5,63732,32055,6148,3518,52000,11732,18.41,2329,56.8,6
LR-2025-080583,2025-09-05,KA-50-AA-1263,28,Open,Attached,Shyam Steel,Kolkata Steel Depot,Jaipur,15.1,40381,27809,5655,4435,35690,4691,11.62,826,31.9,2
LR-2025-080584,2025-09-24,UP-68-CA-9670,16,Trailer,Market,SRMB Steel,Durgapur Steel,Lucknow,24.1,39710,48991,5099,2046,30906,8804,22.17,919,58.4,0
LR-2025-080585,2025-08-14,RJ-61-AC-3242,21,Flatbed,Owned,Tata Steel Ltd,Rourkela Steel Plant,Coimbatore,21.2,57657,46059,4504,2039,47710,9947,17.25,1708,64.4,1
LR-2025-080586,2025-08-30,KA-45-BB-3745,19,LCV,Attached,JSW Steel,Bhilai Steel Plant,Surat,19.8,61231,40143,4889,3181,71762,-10531,-17.2,1525,46.3,0
LR-2025-080587,2025-09-21,RJ-88-BB-3912,28,HCV,Market,SAIL Bokaro,Visakhapatnam Steel,Indore,12.2,72556,25776,3139,5127,71063,1493,2.06,2133,71.2,0
LR-2025-080588,2025-12-13,WB-29-BB-7103,32,Covered,Owned,Hindalco Industries,Tata Steel Jamshedpur,Mumbai,14.3,89771,33210,3097,2768,68518,21253,23.67,917,52.0,3
LR-2025-080589,2025-10-01,RJ-18-BA-1091,21,Open,Attached,Vedanta Resources,Kolkata Steel Depot,Delhi NCR,16.6,88203,20214,4937,2635,72342,15861,17.98,2123,47.1,0
LR-2025-080590,2025-10-12,TN-59-CB-3360,25,Trailer,Market,NMDC Ltd,Durgapur Steel,Pune,29.7,40577,32554,4532,3639,36829,3748,9.24,2186,56.3,0
LR-2025-080591,2025-12-22,UP-56-AC-7042,21,Flatbed,Owned,Rashtriya Ispat Nigam,Rourkela Steel Plant,Chennai,13.9,61084,22560,4953,2694,51179,9905,16.22,1088,55.6,2
LR-2025-080592,2025-11-05,HR-26-BA-3346,32,LCV,Attached,Essar Steel,Bhilai Steel Plant,Bengaluru,9.6,40937,37979,5356,2179,46802,-5865,-14.33,621,37.1,0
LR-2025-080593,2025-09-08,GJ-72-AC-4341,32,HCV,Market,Jindal Steel,Visakhapatnam Steel,Hyderabad,21.1,39888,40610,2899,3981,41092,-1204,-3.02,1056,58.9,0
LR-2025-080594,2025-08-29,UP-33-BC-8865,25,Covered,Owned,Bhushan Steel,Tata Steel Jamshedpur,Ahmedabad,16.2,80279,41801,5102,4371,64648,15631,19.47,1468,43.1,0
LR-2025-080595,2025-12-15,RJ-28-AB-9371,32,Open,Attached,AM/NS India,Kolkata Steel Depot,Jaipur,25.1,90540,43061,5493,4068,95704,-5164,-5.7,1367,56.9,0
LR-2025-080596,2025-09-02,HR-92-CB-3876,16,Trailer,Market,Lloyds Metals,Durgapur Steel,Lucknow,19.1,70003,32094,3612,3614,84836,-14833,-21.19,1269,67.8,1
LR-2025-080597,2025-12-16,RJ-33-AC-3542,28,Flatbed,Owned,APL Apollo,Rourkela Steel Plant,Coimbatore,29.6,46199,32031,5835,3487,58094,-11895,-25.75,1081,69.5,2
LR-2025-080598,2025-07-27,HR-91-BB-4871,28,LCV,Attached,Shyam Steel,Bhilai Steel Plant,Surat,21.1,86389,33496,3482,3131,80343,6046,7.0,1869,55.3,0
LR-2025-080599,2025-08-07,MH-50-BB-5370,25,HCV,Market,SRMB Steel,Visakhapatnam Steel,Indore,12.1,71853,48344,5819,4846,86580,-14727,-20.5,2399,28.3,2
LR-2025-080600,2025-12-18,RJ-43-BB-9161,28,Covered,Owned,Tata Steel Ltd,Tata Steel Jamshedpur,Mumbai,24.5,52995,25633,3539,3630,47087,5908,11.15,2764,40.6,0
LR-2025-080601,2025-11-12,WB-52-BA-8676,28,Open,Attached,JSW Steel,Kolkata Steel Depot,Delhi NCR,28.6,45424,25373,3677,3808,44919,505,1.11,1718,23.7,6
LR-2025-080602,2025-11-15,WB-96-AB-3207,21,Trailer,Market,SAIL Bokaro,Durgapur Steel,Pune,17.8,68009,21557,5044,2571,60281,7728,11.36,1089,18.1,0
LR-2025-080603,2025-07-21,KA-76-CB-6723,32,Flatbed,Owned,Hindalco Industries,Rourkela Steel Plant,Chennai,13.9,83872,42392,5533,3906,87914,-4042,-4.82,1843,26.3,1
LR-2025-080604,2025-12-13,MH-12-BB-5949,19,LCV,Attached,Vedanta Resources,Bhilai Steel Plant,Bengaluru,28.9,59843,23374,6136,4145,74243,-14400,-24.06,2730,34.0,0
LR-2025-080605,2025-11-12,MH-83-AB-1374,19,HCV,Market,NMDC Ltd,Visakhapatnam Steel,Hyderabad,23.0,56733,28975,5991,4789,67756,-11023,-19.43,2783,58.0,1
LR-2025-080606,2025-08-23,GJ-93-BA-1928,28,Covered,Owned,Rashtriya Ispat Nigam,Tata Steel Jamshedpur,Ahmedabad,26.8,40060,18321,5161,3502,36753,3307,8.26,2305,20.6,1
LR-2025-080607,2025-11-24,UP-60-AA-3472,32,Open,Attached,Essar Steel,Kolkata Steel Depot,Jaipur,12.7,66759,31582,3444,2283,53963,12796,19.17,2265,39.0,2
LR-2025-080608,2025-07-21,HR-24-AB-7268,25,Trailer,Market,Jindal Steel,Durgapur Steel,Lucknow,11.7,43151,29842,2971,2295,33995,9156,21.22,510,41.0,2
LR-2025-080609,2025-08-10,KA-41-BA-4507,16,Flatbed,Owned,Bhushan Steel,Rourkela Steel Plant,Coimbatore,15.7,77366,30612,4567,3357,88672,-11306,-14.61,1761,27.7,0
LR-2025-080610,2025-07-06,GJ-76-AB-3451,21,LCV,Attached,AM/NS India,Bhilai Steel Plant,Surat,13.2,45720,23904,3965,1893,45573,147,0.32,2667,54.3,1
LR-2025-080611,2025-12-21,RJ-27-AC-5697,25,HCV,Market,Lloyds Metals,Visakhapatnam Steel,Indore,12.2,43215,30691,5669,3302,53561,-10346,-23.94,1813,56.4,3
LR-2025-080612,2025-07-09,WB-37-BC-3100,32,Covered,Owned,APL Apollo,Tata Steel Jamshedpur,Mumbai,21.8,38326,19119,5979,2198,45280,-6954,-18.14,1317,70.3,0
LR-2025-080613,2025-09-23,RJ-79-BC-7346,21,Open,Attached,Shyam Steel,Kolkata Steel Depot,Delhi NCR,25.5,52052,26541,3668,1910,44723,7329,14.08,1442,68.7,4
LR-2025-080614,2025-11-17,KA-16-CA-3017,21,Trailer,Market,SRMB Steel,Durgapur Steel,Pune,22.4,85021,49412,3745,4083,71520,13501,15.88,2406,31.6,0
LR-2025-080615,2025-12-02,TN-64-AA-7755,19,Flatbed,Owned,Tata Steel Ltd,Rourkela Steel Plant,Chennai,12.2,74594,36441,4975,4462,59078,15516,20.8,818,35.2,0
LR-2025-080616,2025-07-15,WB-38-BB-1530,19,LCV,Attached,JSW Steel,Bhilai Steel Plant,Bengaluru,10.7,90626,19104,5323,3287,76350,14276,15.75,2041,69.6,0
LR-2025-080617,2025-09-20,TN-49-AB-7076,25,HCV,Market,SAIL Bokaro,Visakhapatnam Steel,Hyderabad,21.9,84358,40808,4323,2967,92179,-7821,-9.27,2121,63.2,6
LR-2025-080618,2025-11-26,UP-42-CB-8113,16,Covered,Owned,Hindalco Industries,Tata Steel Jamshedpur,Ahmedabad,11.8,50467,21892,5950,2285,50940,-473,-0.94,2486,22.9,0
LR-2025-080619,2025-09-09,MH-22-CB-7531,21,Open,Attached,Vedanta Resources,Kolkata Steel Depot,Jaipur,25.5,86828,23896,4802,2463,107143,-20315,-23.4,2115,44.9,0
LR-2025-080620,2025-09-21,KA-23-AC-1499,32,Trailer,Market,NMDC Ltd,Durgapur Steel,Lucknow,11.8,67872,40460,5684,2049,55021,12851,18.93,2278,20.7,0
LR-2025-080621,2025-10-21,WB-69-BA-6441,16,Flatbed,Owned,Rashtriya Ispat Nigam,Rourkela Steel Plant,Coimbatore,29.8,60777,36856,4279,3973,60506,271,0.45,1508,43.6,0
LR-2025-080622,2025-11-03,WB-12-CA-3977,21,LCV,Attached,Essar Steel,Bhilai Steel Plant,Surat,20.7,60254,41287,4630,3544,51276,8978,14.9,2139,49.4,0
LR-2025-080623,2025-12-22,RJ-35-BA-7595,19,HCV,Market,Jindal Steel,Visakhapatnam Steel,Indore,26.8,47406,46801,3841,3591,38999,8407,17.73,1992,40.5,0
LR-2025-080624,2025-08-11,MH-27-CB-1310,16,Covered,Owned,Bhushan Steel,Tata Steel Jamshedpur,Mumbai,10.7,57149,35432,4450,3499,60822,-3673,-6.43,2123,21.6,6
LR-2025-080625,2025-12-06,HR-16-CB-8956,32,Open,Attached,AM/NS India,Kolkata Steel Depot,Delhi NCR,19.3,75080,34535,2952,1880,80069,-4989,-6.64,1455,48.8,0
LR-2025-080626,2025-08-01,GJ-83-AA-6161,19,Trailer,Market,Lloyds Metals,Durgapur Steel,Pune,23.5,70178,22310,4097,5013,55815,14363,20.47,1085,18.4,1
LR-2025-080627,2025-07-26,GJ-92-CB-7471,28,Flatbed,Owned,APL Apollo,Rourkela Steel Plant,Chennai,20.6,66888,50297,5416,2716,52153,14735,22.03,646,27.1,1
LR-2025-080628,2025-09-08,TN-87-BB-2672,25,LCV,Attached,Shyam Steel,Bhilai Steel Plant,Bengaluru,28.6,78902,24525,3408,2685,64900,14002,17.75,2366,32.1,0
LR-2025-080629,2025-10-21,MH-32-BC-8158,19,HCV,Market,SRMB Steel,Visakhapatnam Steel,Hyderabad,13.9,65450,51776,5543,4220,69176,-3726,-5.69,2817,32.2,0
LR-2025-080630,2025-08-31,WB-18-BB-3705,25,Covered,Owned,Tata Steel Ltd,Tata Steel Jamshedpur,Ahmedabad,27.3,41467,27146,2907,2677,52984,-11517,-27.77,2293,18.9,0
LR-2025-080631,2025-11-26,HR-62-AA-3594,32,Open,Attached,JSW Steel,Kolkata Steel Depot,Jaipur,23.5,69425,19797,5383,5090,83241,-13816,-19.9,1442,21.3,6
LR-2025-080632,2025-12-02,MH-57-CB-3401,16,Trailer,Market,SAIL Bokaro,Durgapur Steel,Lucknow,11.3,69766,47127,2891,4793,87259,-17493,-25.07,2581,44.2,1
LR-2025-080633,2025-08-15,WB-19-CA-5260,21,Flatbed,Owned,Hindalco Industries,Rourkela Steel Plant,Coimbatore,20.7,52990,28532,5904,2292,65838,-12848,-24.25,2228,69.0,4
LR-2025-080634,2025-10-25,KA-74-BC-8170,16,LCV,Attached,Vedanta Resources,Bhilai Steel Plant,Surat,20.8,68206,22044,6125,1905,70036,-1830,-2.68,1442,46.2,0
LR-2025-080635,2025-11-30,UP-34-CA-2394,21,HCV,Market,NMDC Ltd,Visakhapatnam Steel,Indore,22.0,54984,23996,5931,4454,55320,-336,-0.61,724,68.3,0
LR-2025-080636,2025-07-25,GJ-31-CA-9268,19,Covered,Owned,Rashtriya Ispat Nigam,Tata Steel Jamshedpur,Mumbai,19.2,66747,43696,5169,4545,74133,-7386,-11.07,2334,53.2,0
LR-2025-080637,2025-10-26,HR-43-AB-7938,16,Open,Attached,Essar Steel,Kolkata Steel Depot,Delhi NCR,16.9,36826,20884,4824,4060,39264,-2438,-6.62,1396,25.9,0
LR-2025-080638,2025-08-03,MH-52-CA-6800,16,Trailer,Market,Jindal Steel,Durgapur Steel,Pune,25.9,86984,48162,5179,5068,97360,-10376,-11.93,2010,26.2,1
LR-2025-080639,2025-09-07,GJ-88-CA-7287,28,Flatbed,Owned,Bhushan Steel,Rourkela Steel Plant,Chennai,14.7,91984,35355,5305,3558,98834,-6850,-7.45,484,30.9,0
LR-2025-080640,2025-12-21,UP-81-BC-2674,25,LCV,Attached,AM/NS India,Bhilai Steel Plant,Bengaluru,12.5,43941,41302,5175,4913,34875,9066,20.63,1375,62.2,0
LR-2025-080641,2025-12-23,MH-44-CA-9727,32,HCV,Market,Lloyds Metals,Visakhapatnam Steel,Hyderabad,20.0,69561,20692,4585,2363,72642,-3081,-4.43,1438,38.1,0
LR-2025-080642,2025-07-22,HR-64-AA-2038,16,Covered,Owned,APL Apollo,Tata Steel Jamshedpur,Ahmedabad,15.8,83341,32054,6198,2262,86187,-2846,-3.41,2782,66.2,12
LR-2025-080643,2025-07-23,UP-36-CA-2768,19,Open,Attached,Shyam Steel,Kolkata Steel Depot,Jaipur,14.0,50271,44714,2801,3199,47558,2713,5.4,1144,70.9,0
LR-2025-080644,2025-08-15,HR-61-BC-1359,19,Trailer,Market,SRMB Steel,Durgapur Steel,Lucknow,17.1,50679,36246,5873,3037,46981,3698,7.3,2409,24.1,0
LR-2025-080645,2025-07-10,WB-34-BB-5482,16,Flatbed,Owned,Tata Steel Ltd,Rourkela Steel Plant,Coimbatore,26.0,40380,45288,4446,2058,39695,685,1.7,2305,58.3,0
LR-2025-080646,2025-08-13,UP-99-BB-9818,28,LCV,Attached,JSW Steel,Bhilai Steel Plant,Surat,25.3,82989,20741,5039,4016,65891,17098,20.6,391,64.5,0
LR-2025-080647,2025-10-15,HR-66-BB-7778,28,HCV,Market,SAIL Bokaro,Visakhapatnam Steel,Indore,27.3,70120,24854,6024,2727,58595,11525,16.44,1717,50.9,4
LR-2025-080648,2025-10-17,TN-88-BA-7485,32,Covered,Owned,Hindalco Industries,Tata Steel Jamshedpur,Mumbai,22.5,75064,46858,4076,3875,71746,3318,4.42,1941,47.8,1
LR-2025-080649,2025-09-27,GJ-50-AA-2812,16,Open,Attached,Vedanta Resources,Kolkata Steel Depot,Delhi NCR,22.4,90802,29834,3039,4615,73273,17529,19.3,2336,71.7,0
LR-2025-080650,2025-12-12,RJ-24-AB-8773,16,Trailer,Market,NMDC Ltd,Durgapur Steel,Pune,18.4,59001,22054,3730,4241,72120,-13119,-22.24,2582,58.2,0
LR-2025-080651,2025-10-04,MH-62-AC-2638,28,Flatbed,Owned,Rashtriya Ispat Nigam,Rourkela Steel Plant,Chennai,21.7,59879,39473,4325,4255,51958,7921,13.23,608,37.2,0
LR-2025-080652,2025-07-10,GJ-27-BB-9689,28,LCV,Attached,Essar Steel,Bhilai Steel Plant,Bengaluru,14.8,35623,21077,4001,3341,38079,-2456,-6.89,1916,54.2,0
LR-2025-080653,2025-07-19,TN-65-CB-7724,16,HCV,Market,Jindal Steel,Visakhapatnam Steel,Hyderabad,16.4,82533,46560,3873,2462,99701,-17168,-20.8,438,61.9,6
LR-2025-080654,2025-09-21,KA-66-BC-9806,16,Covered,Owned,Bhushan Steel,Tata Steel Jamshedpur,Ahmedabad,21.5,54627,38219,5945,3106,53549,1078,1.97,1284,26.8,0
LR-2025-080655,2025-11-20,MH-57-BB-7626,25,Open,Attached,AM/NS India,Kolkata Steel Depot,Jaipur,25.9,73885,30079,5955,3515,57263,16622,22.5,1758,55.2,0
LR-2025-080656,2025-07-22,RJ-39-AA-1150,32,Trailer,Market,Lloyds Metals,Durgapur Steel,Lucknow,29.1,59984,45885,3456,2564,65320,-5336,-8.9,865,25.8,0
LR-2025-080657,2025-09-05,KA-98-CB-6089,25,Flatbed,Owned,APL Apollo,Rourkela Steel Plant,Coimbatore,12.3,83940,38709,5311,2075,98635,-14695,-17.51,1978,17.6,0
LR-2025-080658,2025-11-28,HR-57-BB-9739,28,LCV,Attached,Shyam Steel,Bhilai Steel Plant,Surat,22.9,52411,21930,2825,4914,59159,-6748,-12.88,2578,16.8,0
LR-2025-080659,2025-08-22,KA-81-AC-4209,16,HCV,Market,SRMB Steel,Visakhapatnam Steel,Indore,13.1,67834,41485,4618,5017,86192,-18358,-27.06,435,68.1,0
LR-2025-080660,2025-09-10,GJ-31-CA-2247,19,Covered,Owned,Tata Steel Ltd,Tata Steel Jamshedpur,Mumbai,24.8,42841,28788,3019,2635,54708,-11867,-27.7,2545,30.1,2
LR-2025-080661,2025-10-26,TN-54-CA-9721,16,Open,Attached,JSW Steel,Kolkata Steel Depot,Delhi NCR,19.2,91966,40960,6154,4403,92788,-822,-0.89,1071,36.6,0
LR-2025-080662,2025-11-21,HR-95-BA-9248,21,Trailer,Market,SAIL Bokaro,Durgapur Steel,Pune,28.0,67689,41725,6064,4881,57597,10092,14.91,1479,18.6,1
LR-2025-080663,2025-07-09,RJ-46-CB-6546,32,Flatbed,Owned,Hindalco Industries,Rourkela Steel Plant,Chennai,12.6,62130,30898,3114,2256,55440,6690,10.77,953,68.9,0
LR-2025-080664,2025-10-11,KA-97-AB-8385,25,LCV,Attached,Vedanta Resources,Bhilai Steel Plant,Bengaluru,28.4,80722,44092,5929,2644,102683,-21961,-27.21,1374,53.2,1
LR-2025-080665,2025-08-20,UP-13-BA-9829,25,HCV,Market,NMDC Ltd,Visakhapatnam Steel,Hyderabad,23.9,78467,22769,4744,3248,89921,-11454,-14.6,431,52.7,0
LR-2025-080666,2025-09-15,MH-15-BB-6389,32,Covered,Owned,Rashtriya Ispat Nigam,Tata Steel Jamshedpur,Ahmedabad,22.8,89495,20175,4383,4293,71147,18348,20.5,1320,34.2,0
LR-2025-080667,2025-07-17,MH-52-BA-6006,16,Open,Attached,Essar Steel,Kolkata Steel Depot,Jaipur,10.3,88378,24805,4908,2083,73823,14555,16.47,2003,40.7,0
LR-2025-080668,2025-09-06,RJ-32-BB-5163,21,Trailer,Market,Jindal Steel,Durgapur Steel,Lucknow,28.8,67697,41557,3871,2872,83308,-15611,-23.06,2131,19.0,0
LR-2025-080669,2025-09-22,HR-70-BA-8378,32,Flatbed,Owned,Bhushan Steel,Rourkela Steel Plant,Coimbatore,26.0,87703,25022,2863,4428,91057,-3354,-3.82,1692,29.5,1
LR-2025-080670,2025-08-17,GJ-78-CA-7972,28,LCV,Attached,AM/NS India,Bhilai Steel Plant,Surat,20.6,43639,28158,5930,4628,45343,-1704,-3.9,2832,19.4,12
LR-2025-080671,2025-11-19,KA-23-BB-8363,32,HCV,Market,Lloyds Metals,Visakhapatnam Steel,Indore,12.4,54611,42696,3752,1949,55171,-560,-1.03,746,64.3,8
LR-2025-080672,2025-09-17,GJ-32-BB-3165,19,Covered,Owned,APL Apollo,Tata Steel Jamshedpur,Mumbai,27.0,69418,32836,5226,3641,79748,-10330,-14.88,1046,45.2,0
LR-2025-080673,2025-11-25,KA-13-CA-3574,28,Open,Attached,Shyam Steel,Kolkata Steel Depot,Delhi NCR,13.9,85927,29298,4917,3908,69916,16011,18.63,582,55.9,0
LR-2025-080674,2025-11-22,WB-24-AA-4032,19,Trailer,Market,SRMB Steel,Durgapur Steel,Pune,13.2,47899,18138,2866,2058,40582,7317,15.28,2518,37.6,0
LR-2025-080675,2025-12-16,KA-59-AB-1183,28,Flatbed,Owned,Tata Steel Ltd,Rourkela Steel Plant,Chennai,11.3,41511,37364,3575,3326,32526,8985,21.64,1951,60.6,0
LR-2025-080676,2025-08-04,GJ-50-BA-2393,28,LCV,Attached,JSW Steel,Bhilai Steel Plant,Bengaluru,20.2,81481,21104,6020,3776,71892,9589,11.77,1511,39.6,2
LR-2025-080677,2025-11-18,MH-50-BB-7695,28,HCV,Market,SAIL Bokaro,Visakhapatnam Steel,Hyderabad,16.1,90112,24400,2942,1814,94273,-4161,-4.62,1193,57.1,12
LR-2025-080678,2025-09-11,UP-10-BC-5570,21,Covered,Owned,Hindalco Industries,Tata Steel Jamshedpur,Ahmedabad,29.5,63952,42850,4592,2105,76381,-12429,-19.43,1737,17.1,1
LR-2025-080679,2025-09-15,TN-44-AB-2209,16,Open,Attached,Vedanta Resources,Kolkata Steel Depot,Jaipur,28.5,62567,43754,4319,3025,61634,933,1.49,734,55.7,1
LR-2025-080680,2025-12-23,KA-79-BC-2647,25,Trailer,Market,NMDC Ltd,Durgapur Steel,Lucknow,22.4,48732,35620,5963,4333,62042,-13310,-27.31,2302,18.3,1
LR-2025-080681,2025-11-04,TN-63-BA-5820,28,Flatbed,Owned,Rashtriya Ispat Nigam,Rourkela Steel Plant,Coimbatore,12.5,58070,44558,3452,3390,67475,-9405,-16.2,2260,60.0,0
LR-2025-080682,2025-08-03,HR-70-CB-2190,21,LCV,Attached,Essar Steel,Bhilai Steel Plant,Surat,10.1,69385,46098,3539,3286,68372,1013,1.46,2237,63.3,0
LR-2025-080683,2025-07-24,MH-26-AA-2425,19,HCV,Market,Jindal Steel,Visakhapatnam Steel,Indore,18.6,58710,41495,4661,4384,45333,13377,22.78,2518,48.3,3
LR-2025-080684,2025-10-07,HR-80-AA-7038,19,Covered,Owned,Bhushan Steel,Tata Steel Jamshedpur,Mumbai,29.3,46240,48211,4279,3174,44283,1957,4.23,2470,33.6,6
LR-2025-080685,2025-10-10,HR-95-AC-8999,21,Open,Attached,AM/NS India,Kolkata Steel Depot,Delhi NCR,17.6,64183,30116,6011,2105,65021,-838,-1.31,775,46.3,2
LR-2025-080686,2025-10-13,HR-87-CA-3257,25,Trailer,Market,Lloyds Metals,Durgapur Steel,Pune,15.1,76269,28663,3377,4270,79834,-3565,-4.67,2335,34.7,1
LR-2025-080687,2025-10-17,RJ-44-AC-2724,28,Flatbed,Owned,APL Apollo,Rourkela Steel Plant,Chennai,16.8,63443,37244,4327,3791,49978,13465,21.22,565,33.9,2
LR-2025-080688,2025-07-29,UP-26-BC-9141,16,LCV,Attached,Shyam Steel,Bhilai Steel Plant,Bengaluru,24.4,42284,19183,5807,2003,32199,10085,23.85,639,51.4,0
LR-2025-080689,2025-09-10,GJ-16-CB-3812,19,HCV,Market,SRMB Steel,Visakhapatnam Steel,Hyderabad,26.9,80145,36248,4725,2527,98355,-18210,-22.72,2440,25.1,0
LR-2025-080690,2025-10-13,WB-17-AB-8954,28,Covered,Owned,Tata Steel Ltd,Tata Steel Jamshedpur,Ahmedabad,23.2,55502,51863,3548,2459,67794,-12292,-22.15,1452,56.2,0
LR-2025-080691,2025-12-05,TN-79-BC-1102,25,Open,Attached,JSW Steel,Kolkata Steel Depot,Jaipur,10.9,42929,41031,5103,4427,54808,-11879,-27.67,621,21.1,0
LR-2025-080692,2025-08-27,HR-94-AB-6160,19,Trailer,Market,SAIL Bokaro,Durgapur Steel,Lucknow,18.5,34067,20858,5846,3285,36704,-2637,-7.74,1311,69.0,3
LR-2025-080693,2025-07-31,UP-35-AA-1537,25,Flatbed,Owned,Hindalco Industries,Rourkela Steel Plant,Coimbatore,11.0,62874,46192,5231,3085,49525,13349,21.23,440,16.3,0
LR-2025-080694,2025-07-09,HR-74-BB-6361,32,LCV,Attached,Vedanta Resources,Bhilai Steel Plant,Surat,15.7,79918,27230,6066,4124,95229,-15311,-19.16,2517,42.2,1
LR-2025-080695,2025-09-09,RJ-26-BB-5571,25,HCV,Market,NMDC Ltd,Visakhapatnam Steel,Indore,25.6,71557,45093,5801,2160,62322,9235,12.91,2488,67.8,8
LR-2025-080696,2025-08-08,HR-37-AB-1581,21,Covered,Owned,Rashtriya Ispat Nigam,Tata Steel Jamshedpur,Mumbai,16.5,47250,28074,4240,4973,55683,-8433,-17.85,2679,53.2,0
LR-2025-080697,2025-08-26,GJ-37-BC-8173,21,Open,Attached,Essar Steel,Kolkata Steel Depot,Delhi NCR,20.5,78866,33856,4181,2420,67450,11416,14.48,2103,45.7,0
LR-2025-080698,2025-09-03,WB-64-CB-4174,28,Trailer,Market,Jindal Steel,Durgapur Steel,Pune,21.0,51891,34473,4027,4019,65854,-13963,-26.91,2441,26.9,0
LR-2025-080699,2025-10-26,TN-90-BB-7650,19,Flatbed,Owned,Bhushan Steel,Rourkela Steel Plant,Chennai,20.8,45591,39682,4168,2017,42186,3405,7.47,2204,61.7,4
LR-2025-080700,2025-09-22,KA-89-BC-6774,16,LCV,Attached,AM/NS India,Bhilai Steel Plant,Bengaluru,17.1,80182,44022,3453,2643,63028,17154,21.39,2692,26.2,3
LR-2025-080701,2025-09-29,RJ-23-AA-9083,32,HCV,Market,Lloyds Metals,Visakhapatnam Steel,Hyderabad,24.2,72932,19805,5528,4257,56718,16214,22.23,796,65.8,0
LR-2025-080702,2025-08-27,TN-22-AA-3331,21,Covered,Owned,APL Apollo,Tata Steel Jamshedpur,Ahmedabad,26.4,39461,47175,5593,3393,50444,-10983,-27.83,601,54.5,0
LR-2025-080703,2025-07-18,RJ-39-BC-5391,32,Open,Attached,Shyam Steel,Kolkata Steel Depot,Jaipur,29.3,75539,29608,2802,2138,58344,17195,22.76,933,26.2,4
LR-2025-080704,2025-08-01,RJ-17-AA-3587,25,Trailer,Market,SRMB Steel,Durgapur Steel,Lucknow,25.5,85441,21327,3123,3108,100207,-14766,-17.28,834,34.9,3
LR-2025-080705,2025-09-26,GJ-66-BC-1524,25,Flatbed,Owned,Tata Steel Ltd,Rourkela Steel Plant,Coimbatore,15.4,45999,50264,3209,4933,56642,-10643,-23.14,2194,55.4,3
LR-2025-080706,2025-12-11,RJ-85-BC-1459,19,LCV,Attached,JSW Steel,Bhilai Steel Plant,Surat,23.5,64388,22309,2997,1839,68855,-4467,-6.94,1988,32.1,1
LR-2025-080707,2025-12-20,MH-98-AB-1049,21,HCV,Market,SAIL Bokaro,Visakhapatnam Steel,Indore,16.8,48170,20059,3678,3554,60902,-12732,-26.43,566,44.4,1
LR-2025-080708,2025-12-05,GJ-90-AB-4627,32,Covered,Owned,Hindalco Industries,Tata Steel Jamshedpur,Mumbai,16.6,83828,29420,5034,3271,76098,7730,9.22,1797,58.6,0
LR-2025-080709,2025-09-27,UP-15-BC-7355,16,Open,Attached,Vedanta Resources,Kolkata Steel Depot,Delhi NCR,10.2,58497,44709,4794,4132,65326,-6829,-11.67,2745,16.7,0
LR-2025-080710,2025-08-05,WB-19-CA-8196,25,Trailer,Market,NMDC Ltd,Durgapur Steel,Pune,15.0,71433,33835,4761,3851,70205,1228,1.72,1473,54.9,0
LR-2025-080711,2025-07-31,GJ-49-BC-4686,16,Flatbed,Owned,Rashtriya Ispat Nigam,Rourkela Steel Plant,Chennai,9.6,48274,50163,4677,3344,53311,-5037,-10.43,1023,34.7,0
LR-2025-080712,2025-12-21,HR-73-BA-7217,21,LCV,Attached,Essar Steel,Bhilai Steel Plant,Bengaluru,14.9,44530,43635,3552,2970,48498,-3968,-8.91,813,41.7,0
LR-2025-080713,2025-11-06,UP-38-BA-6041,21,HCV,Market,Jindal Steel,Visakhapatnam Steel,Hyderabad,27.5,72149,22570,2862,4819,57127,15022,20.82,510,48.0,1
LR-2025-080714,2025-12-12,RJ-41-AA-9863,28,Covered,Owned,Bhushan Steel,Tata Steel Jamshedpur,Ahmedabad,28.7,61640,51451,3837,2795,73736,-12096,-19.62,437,24.5,4
LR-2025-080715,2025-09-01,MH-27-AA-5613,32,Open,Attached,AM/NS India,Kolkata Steel Depot,Jaipur,16.5,39792,47919,4168,4889,38188,1604,4.03,2684,47.2,8
LR-2025-080716,2025-08-01,UP-21-AC-7938,21,Trailer,Market,Lloyds Metals,Durgapur Steel,Lucknow,13.0,63566,21042,3745,2784,58996,4570,7.19,2096,53.6,4
LR-2025-080717,2025-11-17,KA-57-BC-9530,19,Flatbed,Owned,APL Apollo,Rourkela Steel Plant,Coimbatore,11.1,86254,48273,4697,1901,65933,20321,23.56,2820,23.1,4
LR-2025-080718,2025-09-26,UP-38-AA-3964,19,LCV,Attached,Shyam Steel,Bhilai Steel Plant,Surat,18.6,41506,29026,3205,4450,33505,8001,19.28,1080,19.8,4
LR-2025-080719,2025-08-12,KA-10-BC-2547,25,HCV,Market,SRMB Steel,Visakhapatnam Steel,Indore,11.7,68369,25344,4860,3588,79893,-11524,-16.86,1246,46.0,0
LR-2025-080720,2025-07-26,RJ-82-CB-8707,19,Covered,Owned,Tata Steel Ltd,Tata Steel Jamshedpur,Mumbai,24.3,70084,24173,4363,4077,56236,13848,19.76,2496,18.5,0
LR-2025-080721,2025-10-24,KA-78-BA-2100,28,Open,Attached,JSW Steel,Kolkata Steel Depot,Delhi NCR,30.1,84667,28130,4882,4183,79301,5366,6.34,2344,66.4,2
LR-2025-080722,2025-10-05,WB-94-AB-9419,19,Trailer,Market,SAIL Bokaro,Durgapur Steel,Pune,13.0,52095,49245,3465,1804,48578,3517,6.75,601,25.9,0
LR-2025-080723,2025-07-16,MH-27-AC-1969,21,Flatbed,Owned,Hindalco Industries,Rourkela Steel Plant,Chennai,11.4,53303,36267,4795,2941,55385,-2082,-3.91,1245,56.9,4
LR-2025-080724,2025-11-25,HR-63-BC-4215,32,LCV,Attached,Vedanta Resources,Bhilai Steel Plant,Bengaluru,9.7,90377,26292,5813,4369,93355,-2978,-3.3,433,23.1,1
LR-2025-080725,2025-11-15,MH-26-AC-8191,25,HCV,Market,NMDC Ltd,Visakhapatnam Steel,Hyderabad,17.0,37323,26335,5648,2222,33741,3582,9.6,1378,36.9,0
LR-2025-080726,2025-08-17,HR-63-BC-1770,25,Covered,Owned,Rashtriya Ispat Nigam,Tata Steel Jamshedpur,Ahmedabad,14.8,84911,30913,2811,4594,98058,-13147,-15.48,615,35.3,2
LR-2025-080727,2025-09-02,KA-68-BC-7518,28,Open,Attached,Essar Steel,Kolkata Steel Depot,Jaipur,11.5,49126,32696,3340,4945,61218,-12092,-24.61,670,54.3,1
LR-2025-080728,2025-12-05,KA-48-CA-1669,19,Trailer,Market,Jindal Steel,Durgapur Steel,Lucknow,21.7,73204,32297,3288,5016,59048,14156,19.34,499,30.8,3
LR-2025-080729,2025-10-14,HR-89-CA-7420,19,Flatbed,Owned,Bhushan Steel,Rourkela Steel Plant,Coimbatore,12.7,82619,23318,6082,2631,86042,-3423,-4.14,865,39.5,0
LR-2025-080730,2025-08-03,RJ-63-CA-8544,16,LCV,Attached,AM/NS India,Bhilai Steel Plant,Surat,17.5,37661,43821,3426,2144,35807,1854,4.92,2716,44.7,0
LR-2025-080731,2025-07-28,GJ-42-BB-1592,25,HCV,Market,Lloyds Metals,Visakhapatnam Steel,Indore,29.8,57702,43658,3604,4605,45667,12035,20.86,1634,49.9,0
LR-2025-080732,2025-09-26,WB-48-CA-3740,25,Covered,Owned,APL Apollo,Tata Steel Jamshedpur,Mumbai,13.5,48727,29071,4378,2351,51413,-2686,-5.51,2157,65.4,0
LR-2025-080733,2025-10-19,MH-62-AC-6628,32,Open,Attached,Shyam Steel,Kolkata Steel Depot,Delhi NCR,21.2,53367,39008,3891,4558,67440,-14073,-26.37,999,21.7,0
LR-2025-080734,2025-12-13,KA-86-AB-7677,19,Trailer,Market,SRMB Steel,Durgapur Steel,Pune,22.9,67635,38390,6161,4713,73779,-6144,-9.08,726,52.8,0
LR-2025-080735,2025-11-02,RJ-40-AC-5615,25,Flatbed,Owned,Tata Steel Ltd,Rourkela Steel Plant,Chennai,30.0,58921,30232,4297,4530,52859,6062,10.29,615,36.4,0
LR-2025-080736,2025-11-02,WB-98-BA-2270,16,LCV,Attached,JSW Steel,Bhilai Steel Plant,Bengaluru,24.3,50090,41975,5538,3966,44860,5230,10.44,2425,38.7,0
LR-2025-080737,2025-08-26,TN-98-BB-9181,21,HCV,Market,SAIL Bokaro,Visakhapatnam Steel,Hyderabad,26.2,81105,44304,5203,4716,72904,8201,10.11,1478,56.4,6
LR-2025-080738,2025-11-02,RJ-40-CA-7073,28,Covered,Owned,Hindalco Industries,Tata Steel Jamshedpur,Ahmedabad,19.4,75663,35750,4409,3383,70704,4959,6.55,2815,59.5,0
LR-2025-080739,2025-10-31,GJ-26-AB-3901,21,Open,Attached,Vedanta Resources,Kolkata Steel Depot,Jaipur,15.5,86880,19450,4993,4657,68901,17979,20.69,412,48.1,4
LR-2025-080740,2025-10-06,HR-53-AC-7538,28,Trailer,Market,NMDC Ltd,Durgapur Steel,Lucknow,12.5,74522,42327,5158,3361,92174,-17652,-23.69,2006,32.9,0
LR-2025-080741,2025-10-23,WB-68-BB-3239,19,Flatbed,Owned,Rashtriya Ispat Nigam,Rourkela Steel Plant,Coimbatore,17.2,41395,25776,3888,2543,49831,-8436,-20.38,1956,22.9,3
LR-2025-080742,2025-10-17,MH-41-AC-7806,16,LCV,Attached,Essar Steel,Bhilai Steel Plant,Surat,15.8,37449,38757,4065,2674,47890,-10441,-27.88,608,41.4,0
LR-2025-080743,2025-10-27,HR-97-AA-1491,28,HCV,Market,Jindal Steel,Visakhapatnam Steel,Indore,23.1,77108,25994,4830,3974,89489,-12381,-16.06,1839,67.5,0
LR-2025-080744,2025-08-05,KA-21-BB-6215,19,Covered,Owned,Bhushan Steel,Tata Steel Jamshedpur,Mumbai,13.9,41880,36308,5827,2521,33558,8322,19.87,2153,65.8,0
LR-2025-080745,2025-07-10,KA-16-AB-9146,19,Open,Attached,AM/NS India,Kolkata Steel Depot,Delhi NCR,23.0,64189,28721,5454,5141,57454,6735,10.49,483,54.7,0
LR-2025-080746,2025-11-16,MH-66-CB-8421,19,Trailer,Market,Lloyds Metals,Durgapur Steel,Pune,21.6,56376,44234,5593,3126,68506,-12130,-21.52,2045,26.5,0
LR-2025-080747,2025-12-08,WB-90-BC-3498,25,Flatbed,Owned,APL Apollo,Rourkela Steel Plant,Chennai,29.1,41305,22121,2900,3305,37377,3928,9.51,1713,52.3,1
LR-2025-080748,2025-11-15,KA-97-AC-3097,16,LCV,Attached,Shyam Steel,Bhilai Steel Plant,Bengaluru,16.0,36990,38957,4696,4513,28812,8178,22.11,1178,22.7,0
LR-2025-080749,2025-07-30,HR-37-CA-9668,32,HCV,Market,SRMB Steel,Visakhapatnam Steel,Hyderabad,24.1,53734,50399,3473,1943,47172,6562,12.21,1192,22.8,0
LR-2025-080750,2025-11-14,TN-32-AA-4055,28,Covered,Owned,Tata Steel Ltd,Tata Steel Jamshedpur,Ahmedabad,24.8,56666,49761,6011,2808,53411,3255,5.74,1788,23.2,0
LR-2025-080751,2025-07-08,MH-40-AC-3768,19,Open,Attached,JSW Steel,Kolkata Steel Depot,Jaipur,22.9,74328,47012,3729,4664,70104,4224,5.68,1158,66.0,1
LR-2025-080752,2025-09-21,KA-98-BA-6800,19,Trailer,Market,SAIL Bokaro,Durgapur Steel,Lucknow,12.2,45423,45736,4548,2156,34555,10868,23.93,2457,35.6,0
LR-2025-080753,2025-12-11,KA-15-AC-7374,28,Flatbed,Owned,Hindalco Industries,Rourkela Steel Plant,Coimbatore,20.0,60024,25916,5931,3871,48478,11546,19.24,1028,62.5,0
LR-2025-080754,2025-08-20,HR-29-CA-2634,21,LCV,Attached,Vedanta Resources,Bhilai Steel Plant,Surat,23.0,36528,32566,5086,4576,29635,6893,18.87,2674,51.4,0
LR-2025-080755,2025-08-19,TN-43-BB-7595,25,HCV,Market,NMDC Ltd,Visakhapatnam Steel,Indore,13.7,39874,47007,5887,2875,50285,-10411,-26.11,916,24.1,8
LR-2025-080756,2025-11-14,UP-30-AA-2738,28,Covered,Owned,Rashtriya Ispat Nigam,Tata Steel Jamshedpur,Mumbai,15.6,48201,28090,4217,4094,61250,-13049,-27.07,2698,24.6,3
LR-2025-080757,2025-11-06,UP-55-CA-1936,25,Open,Attached,Essar Steel,Kolkata Steel Depot,Delhi NCR,13.3,78913,40120,3664,3322,85881,-6968,-8.83,581,66.4,0
LR-2025-080758,2025-08-23,MH-18-AB-9709,16,Trailer,Market,Jindal Steel,Durgapur Steel,Pune,15.2,75643,50229,3929,2228,88577,-12934,-17.1,1347,16.4,1
LR-2025-080759,2025-10-06,HR-93-BC-3432,16,Flatbed,Owned,Bhushan Steel,Rourkela Steel Plant,Chennai,28.2,49015,22701,3700,4973,59089,-10074,-20.55,1958,25.8,1
LR-2025-080760,2025-07-07,TN-39-CB-6986,25,LCV,Attached,AM/NS India,Bhilai Steel Plant,Bengaluru,10.8,67339,36143,6038,3750,78649,-11310,-16.8,564,36.2,0
LR-2025-080761,2025-07-16,HR-57-AB-8014,32,HCV,Market,Lloyds Metals,Visakhapatnam Steel,Hyderabad,15.1,38765,23078,5119,4939,45573,-6808,-17.56,1781,34.5,0
LR-2025-080762,2025-11-30,TN-85-BA-6259,25,Covered,Owned,APL Apollo,Tata Steel Jamshedpur,Ahmedabad,21.0,71327,41445,6096,2557,88826,-17499,-24.53,626,42.7,0
LR-2025-080763,2025-11-10,TN-30-AA-2165,28,Open,Attached,Shyam Steel,Kolkata Steel Depot,Jaipur,27.7,42984,50514,3193,2356,33074,9910,23.06,747,24.4,0
LR-2025-080764,2025-09-04,TN-69-CB-7651,16,Trailer,Market,SRMB Steel,Durgapur Steel,Lucknow,21.4,47224,49101,3683,2103,49926,-2702,-5.72,1055,39.9,4
LR-2025-080765,2025-07-22,UP-26-CB-7379,32,Flatbed,Owned,Tata Steel Ltd,Rourkela Steel Plant,Coimbatore,25.6,49160,48171,4189,4648,39404,9756,19.85,2742,70.0,0
LR-2025-080766,2025-09-07,RJ-40-BA-6058,19,LCV,Attached,JSW Steel,Bhilai Steel Plant,Surat,11.9,65139,24009,5380,4953,71480,-6341,-9.73,1945,34.4,0
LR-2025-080767,2025-07-28,RJ-33-BA-3042,19,HCV,Market,SAIL Bokaro,Visakhapatnam Steel,Indore,10.5,67586,25933,5200,2083,74987,-7401,-10.95,1821,63.2,2
LR-2025-080768,2025-10-15,GJ-82-CB-5654,25,Covered,Owned,Hindalco Industries,Tata Steel Jamshedpur,Mumbai,9.6,65869,21272,2804,2374,77721,-11852,-17.99,2103,70.2,0
LR-2025-080769,2025-07-06,TN-73-CA-5878,28,Open,Attached,Vedanta Resources,Kolkata Steel Depot,Delhi NCR,18.9,54065,47500,4067,2164,49782,4283,7.92,2099,61.7,0
LR-2025-080770,2025-12-15,GJ-52-AA-1377,25,Trailer,Market,NMDC Ltd,Durgapur Steel,Pune,14.6,56777,38626,5663,2703,55746,1031,1.82,2306,27.2,1
LR-2025-080771,2025-08-01,TN-88-AC-8608,25,Flatbed,Owned,Rashtriya Ispat Nigam,Rourkela Steel Plant,Chennai,11.2,59304,41468,3362,4131,75140,-15836,-26.7,1937,28.5,0
LR-2025-080772,2025-08-26,WB-32-BC-6730,16,LCV,Attached,Essar Steel,Bhilai Steel Plant,Bengaluru,12.9,79529,28557,4695,3493,75783,3746,4.71,1225,39.9,0
LR-2025-080773,2025-07-19,GJ-77-BC-7446,21,HCV,Market,Jindal Steel,Visakhapatnam Steel,Hyderabad,28.9,39135,45128,5492,3580,47108,-7973,-20.37,1395,32.7,0
LR-2025-080774,2025-10-10,MH-49-BB-2195,21,Covered,Owned,Bhushan Steel,Tata Steel Jamshedpur,Ahmedabad,22.4,51152,43920,5132,4271,62141,-10989,-21.48,2792,29.7,1
LR-2025-080775,2025-10-18,GJ-84-CB-5670,19,Open,Attached,AM/NS India,Kolkata Steel Depot,Jaipur,21.6,88642,35671,4479,2880,99896,-11254,-12.7,450,45.4,1
LR-2025-080776,2025-11-10,UP-38-AA-6377,28,Trailer,Market,Lloyds Metals,Durgapur Steel,Lucknow,18.3,77082,49262,5763,2695,86624,-9542,-12.38,2737,53.5,0
LR-2025-080777,2025-07-27,GJ-22-BA-3583,16,Flatbed,Owned,APL Apollo,Rourkela Steel Plant,Coimbatore,29.8,84497,47199,3328,2050,102986,-18489,-21.88,1089,22.4,0
LR-2025-080778,2025-10-07,RJ-34-BB-7763,21,LCV,Attached,Shyam Steel,Bhilai Steel Plant,Surat,16.6,36841,26644,5985,2314,37174,-333,-0.9,532,29.7,0
LR-2025-080779,2025-10-07,TN-18-AC-4660,28,HCV,Market,SRMB Steel,Visakhapatnam Steel,Indore,10.6,52228,19794,3379,4819,55084,-2856,-5.47,1837,22.0,2
LR-2025-080780,2025-08-27,RJ-60-BC-9663,32,Covered,Owned,Tata Steel Ltd,Tata Steel Jamshedpur,Mumbai,22.0,47371,30472,4154,4185,54079,-6708,-14.16,1761,51.2,3
LR-2025-080781,2025-09-04,HR-83-BA-2126,21,Open,Attached,JSW Steel,Kolkata Steel Depot,Delhi NCR,24.3,34151,37552,3574,2862,35817,-1666,-4.88,1720,38.2,0
LR-2025-080782,2025-08-07,RJ-16-BA-5859,19,Trailer,Market,SAIL Bokaro,Durgapur Steel,Pune,13.5,38749,44699,3445,4547,33939,4810,12.41,935,17.9,0
LR-2025-080783,2025-11-07,GJ-62-BA-2765,16,Flatbed,Owned,Hindalco Industries,Rourkela Steel Plant,Chennai,15.8,54317,47541,5725,4173,54203,114,0.21,2082,44.2,1
LR-2025-080784,2025-08-07,WB-14-BC-3307,28,LCV,Attached,Vedanta Resources,Bhilai Steel Plant,Bengaluru,27.6,86494,42997,5885,4186,95332,-8838,-10.22,585,24.6,2
LR-2025-080785,2025-08-21,KA-46-AB-8631,21,HCV,Market,NMDC Ltd,Visakhapatnam Steel,Hyderabad,13.5,39876,20460,4037,2651,43714,-3838,-9.62,1684,19.3,0
LR-2025-080786,2025-09-21,WB-30-AC-5592,25,Covered,Owned,Rashtriya Ispat Nigam,Tata Steel Jamshedpur,Ahmedabad,17.7,86031,29873,4636,4878,100787,-14756,-17.15,1759,56.9,2
LR-2025-080787,2025-11-02,UP-76-AC-4830,16,Open,Attached,Essar Steel,Kolkata Steel Depot,Jaipur,12.4,83727,26810,4152,3443,70576,13151,15.71,2729,71.5,0
LR-2025-080788,2025-12-18,MH-35-BB-7689,25,Trailer,Market,Jindal Steel,Durgapur Steel,Lucknow,18.8,91528,26051,5545,3552,70035,21493,23.48,2248,36.5,3
LR-2025-080789,2025-11-17,KA-88-BC-6164,19,Flatbed,Owned,Bhushan Steel,Rourkela Steel Plant,Coimbatore,28.4,62674,21713,3510,2938,75527,-12853,-20.51,1896,27.8,0
LR-2025-080790,2025-07-28,GJ-72-AC-4850,16,LCV,Attached,AM/NS India,Bhilai Steel Plant,Surat,14.1,45340,26638,2991,2320,55919,-10579,-23.33,2592,32.6,0
LR-2025-080791,2025-12-19,HR-68-AC-3677,32,HCV,Market,Lloyds Metals,Visakhapatnam Steel,Indore,26.2,86399,37180,3013,3329,91790,-5391,-6.24,619,40.6,3
LR-2025-080792,2025-10-18,KA-23-CB-9113,21,Covered,Owned,APL Apollo,Tata Steel Jamshedpur,Mumbai,26.8,61104,45126,3233,4348,75553,-14449,-23.65,2840,68.4,0
LR-2025-080793,2025-09-22,MH-78-CB-3524,32,Open,Attached,Shyam Steel,Kolkata Steel Depot,Delhi NCR,19.4,51282,27721,4190,3871,40309,10973,21.4,642,26.1,0
LR-2025-080794,2025-07-27,RJ-59-CA-9745,21,Trailer,Market,SRMB Steel,Durgapur Steel,Pune,24.5,36628,51235,5768,4828,43125,-6497,-17.74,983,69.0,0
LR-2025-080795,2025-07-30,HR-33-AB-3129,16,Flatbed,Owned,Tata Steel Ltd,Rourkela Steel Plant,Chennai,11.3,75104,21089,3288,3974,64407,10697,14.24,2255,70.1,0
LR-2025-080796,2025-08-04,TN-88-AA-2211,25,LCV,Attached,JSW Steel,Bhilai Steel Plant,Bengaluru,27.5,79671,49767,3993,4640,74912,4759,5.97,527,60.7,6
LR-2025-080797,2025-11-27,GJ-98-BC-3919,28,HCV,Market,SAIL Bokaro,Visakhapatnam Steel,Hyderabad,16.2,73207,25169,4823,2217,61387,11820,16.15,1087,25.8,4
LR-2025-080798,2025-10-21,MH-81-CB-3978,19,Covered,Owned,Hindalco Industries,Tata Steel Jamshedpur,Ahmedabad,10.0,59415,36957,3412,2391,68279,-8864,-14.92,842,37.0,0
LR-2025-080799,2025-10-18,TN-34-BA-1024,32,Open,Attached,Vedanta Resources,Kolkata Steel Depot,Jaipur,20.8,55004,30812,3628,2987,61398,-6394,-11.62,1585,32.9,3
LR-2025-080800,2025-08-17,KA-75-BC-1192,21,Trailer,Market,NMDC Ltd,Durgapur Steel,Lucknow,19.3,88625,28892,2842,3332,68209,20416,23.04,1926,58.9,1
LR-2025-080801,2025-10-04,MH-97-CB-9140,21,Flatbed,Owned,Rashtriya Ispat Nigam,Rourkela Steel Plant,Coimbatore,22.6,38677,29905,4427,3549,41705,-3028,-7.83,1236,25.0,3
LR-2025-080802,2025-10-25,GJ-33-CB-9159,25,LCV,Attached,Essar Steel,Bhilai Steel Plant,Surat,16.2,82567,29173,3455,3269,76341,6226,7.54,2703,24.6,0
LR-2025-080803,2025-12-02,UP-87-AC-1455,32,HCV,Market,Jindal Steel,Visakhapatnam Steel,Indore,17.2,60172,28332,3418,4226,56660,3512,5.84,1550,22.6,0
LR-2025-080804,2025-09-09,MH-15-AC-6205,21,Covered,Owned,Bhushan Steel,Tata Steel Jamshedpur,Mumbai,25.4,90668,44360,3752,3585,113936,-23268,-25.66,1380,41.9,2
LR-2025-080805,2025-11-09,GJ-95-AC-1700,25,Open,Attached,AM/NS India,Kolkata Steel Depot,Delhi NCR,17.4,44103,39969,5516,2861,48328,-4225,-9.58,2486,17.5,1
LR-2025-080806,2025-11-01,HR-38-AA-1714,21,Trailer,Market,Lloyds Metals,Durgapur Steel,Pune,21.6,56258,32709,5685,2443,45597,10661,18.95,643,61.9,0
LR-2025-080807,2025-11-09,HR-57-BB-9378,32,Flatbed,Owned,APL Apollo,Rourkela Steel Plant,Chennai,28.6,89738,25382,5713,3325,75286,14452,16.1,2584,24.6,0
LR-2025-080808,2025-09-12,GJ-11-AB-2797,28,LCV,Attached,Shyam Steel,Bhilai Steel Plant,Bengaluru,16.4,61338,21833,4395,3066,63706,-2368,-3.86,1631,58.0,3
LR-2025-080809,2025-09-15,UP-82-CB-8245,32,HCV,Market,SRMB Steel,Visakhapatnam Steel,Hyderabad,20.5,78152,34026,4084,3933,59435,18717,23.95,1720,59.5,6
LR-2025-080810,2025-09-12,GJ-25-CA-3118,19,Covered,Owned,Tata Steel Ltd,Tata Steel Jamshedpur,Ahmedabad,15.7,75799,29815,3257,4300,73441,2358,3.11,957,56.0,0
LR-2025-080811,2025-11-04,UP-12-BB-2047,16,Open,Attached,JSW Steel,Kolkata Steel Depot,Jaipur,15.5,43491,34576,4978,2688,37102,6389,14.69,841,31.8,0
LR-2025-080812,2025-07-31,HR-21-CB-8315,19,Trailer,Market,SAIL Bokaro,Durgapur Steel,Lucknow,26.8,67494,44624,5208,4296,83481,-15987,-23.69,2813,70.7,0
LR-2025-080813,2025-07-10,UP-75-BA-2816,32,Flatbed,Owned,Hindalco Industries,Rourkela Steel Plant,Coimbatore,21.0,79262,21736,3698,3569,81954,-2692,-3.4,2109,38.9,2
LR-2025-080814,2025-12-23,WB-10-BC-4222,32,LCV,Attached,Vedanta Resources,Bhilai Steel Plant,Surat,12.9,82832,40063,3592,4028,70192,12640,15.26,2002,26.6,0
LR-2025-080815,2025-10-01,UP-44-BA-9674,19,HCV,Market,NMDC Ltd,Visakhapatnam Steel,Indore,21.0,55087,18125,4255,4065,59964,-4877,-8.85,1042,67.8,3
LR-2025-080816,2025-08-01,WB-17-CB-7522,28,Covered,Owned,Rashtriya Ispat Nigam,Tata Steel Jamshedpur,Mumbai,24.1,74366,28748,6169,3673,63128,11238,15.11,2166,68.3,3
LR-2025-080817,2025-11-01,TN-96-BA-4514,25,Open,Attached,Essar Steel,Kolkata Steel Depot,Delhi NCR,18.1,45620,23459,4871,3177,54689,-9069,-19.88,847,65.5,6
LR-2025-080818,2025-09-11,UP-60-CB-2716,19,Trailer,Market,Jindal Steel,Durgapur Steel,Pune,18.6,87171,37969,5982,2245,100249,-13078,-15.0,383,70.5,0
LR-2025-080819,2025-11-13,MH-38-AC-2624,32,Flatbed,Owned,Bhushan Steel,Rourkela Steel Plant,Chennai,20.9,77504,51298,5794,2716,79290,-1786,-2.3,1810,66.3,0
LR-2025-080820,2025-12-07,KA-51-AA-7652,25,LCV,Attached,AM/NS India,Bhilai Steel Plant,Bengaluru,19.9,73327,24224,5465,1977,83500,-10173,-13.87,2110,58.3,2
LR-2025-080821,2025-12-22,HR-93-BB-5052,16,HCV,Market,Lloyds Metals,Visakhapatnam Steel,Hyderabad,22.5,88101,48611,5285,3621,93620,-5519,-6.26,2058,22.5,4
LR-2025-080822,2025-07-25,TN-84-BA-9864,32,Covered,Owned,APL Apollo,Tata Steel Jamshedpur,Ahmedabad,15.8,79533,50602,3529,4808,65022,14511,18.25,448,71.5,3
LR-2025-080823,2025-09-18,RJ-99-CA-9746,25,Open,Attached,Shyam Steel,Kolkata Steel Depot,Jaipur,25.5,43874,41193,5154,5197,49348,-5474,-12.48,765,23.7,0
LR-2025-080824,2025-07-25,UP-53-BC-4662,28,Trailer,Market,SRMB Steel,Durgapur Steel,Lucknow,15.2,54188,46518,5373,4406,58561,-4373,-8.07,416,58.8,2
LR-2025-080825,2025-07-21,WB-66-BB-8785,19,Flatbed,Owned,Tata Steel Ltd,Rourkela Steel Plant,Coimbatore,25.6,42945,45001,4532,4217,45575,-2630,-6.12,1627,19.5,0
LR-2025-080826,2025-12-18,WB-80-CB-6029,32,LCV,Attached,JSW Steel,Bhilai Steel Plant,Surat,23.8,74549,34705,5090,3241,72022,2527,3.39,2718,31.9,0
LR-2025-080827,2025-07-21,GJ-24-CA-8570,19,HCV,Market,SAIL Bokaro,Visakhapatnam Steel,Indore,15.6,67361,48037,4925,4380,57974,9387,13.94,1786,27.6,2
LR-2025-080828,2025-11-26,TN-47-AA-5345,21,Covered,Owned,Hindalco Industries,Tata Steel Jamshedpur,Mumbai,16.1,69155,28922,5515,4421,81629,-12474,-18.04,2488,61.1,3
LR-2025-080829,2025-11-23,WB-30-CA-3286,25,Open,Attached,Vedanta Resources,Kolkata Steel Depot,Delhi NCR,10.3,55408,44228,3987,4064,69910,-14502,-26.17,2845,66.5,0
LR-2025-080830,2025-08-09,GJ-55-AB-4628,16,Trailer,Market,NMDC Ltd,Durgapur Steel,Pune,21.2,69675,30448,5526,5095,59443,10232,14.69,548,34.5,0
LR-2025-080831,2025-10-24,KA-43-AB-6695,25,Flatbed,Owned,Rashtriya Ispat Nigam,Rourkela Steel Plant,Chennai,30.2,87398,33503,2859,2411,91003,-3605,-4.12,2211,60.1,4
LR-2025-080832,2025-12-12,RJ-59-CA-2668,28,LCV,Attached,Essar Steel,Bhilai Steel Plant,Bengaluru,28.2,37096,41323,5442,2632,28205,8891,23.97,450,67.0,6
LR-2025-080833,2025-08-03,GJ-82-BA-8180,28,HCV,Market,Jindal Steel,Visakhapatnam Steel,Hyderabad,23.5,59388,37280,4569,3638,54177,5211,8.77,2712,18.9,2
LR-2025-080834,2025-07-09,HR-77-CB-3654,25,Covered,Owned,Bhushan Steel,Tata Steel Jamshedpur,Ahmedabad,27.9,81252,20288,2927,2262,100296,-19044,-23.44,1215,40.0,4
LR-2025-080835,2025-10-15,GJ-48-BB-3154,28,Open,Attached,AM/NS India,Kolkata Steel Depot,Jaipur,22.0,42052,20835,4411,3782,33001,9051,21.52,1503,53.3,6
LR-2025-080836,2025-09-12,RJ-31-BB-1632,25,Trailer,Market,Lloyds Metals,Durgapur Steel,Lucknow,12.5,70610,26260,3278,3125,86797,-16187,-22.92,1789,50.2,0
LR-2025-080837,2025-09-06,UP-33-AC-3046,28,Flatbed,Owned,APL Apollo,Rourkela Steel Plant,Coimbatore,9.7,65305,33460,3682,4401,54282,11023,16.88,1587,40.6,0
LR-2025-080838,2025-09-15,GJ-79-BB-6335,21,LCV,Attached,Shyam Steel,Bhilai Steel Plant,Surat,22.0,66696,46644,4136,2499,61347,5349,8.02,774,63.5,3
LR-2025-080839,2025-12-22,KA-20-AC-5709,21,HCV,Market,SRMB Steel,Visakhapatnam Steel,Indore,24.8,69020,32297,3216,2480,60539,8481,12.29,2820,19.2,2
LR-2025-080840,2025-11-06,HR-18-CB-4880,32,Covered,Owned,Tata Steel Ltd,Tata Steel Jamshedpur,Mumbai,12.5,59846,48363,4826,2443,49458,10388,17.36,2123,59.3,0
LR-2025-080841,2025-07-18,RJ-81-BC-6263,28,Open,Attached,JSW Steel,Kolkata Steel Depot,Delhi NCR,16.3,69754,29858,5193,4538,79546,-9792,-14.04,1630,25.5,3
LR-2025-080842,2025-10-04,HR-61-AB-9230,21,Trailer,Market,SAIL Bokaro,Durgapur Steel,Pune,19.8,43171,23507,4637,2072,48812,-5641,-13.07,604,34.8,0
LR-2025-080843,2025-09-22,GJ-86-AB-5232,25,Flatbed,Owned,Hindalco Industries,Rourkela Steel Plant,Chennai,19.0,89815,35645,4731,2743,97997,-8182,-9.11,1879,51.8,0
LR-2025-080844,2025-08-10,GJ-24-CB-2951,21,LCV,Attached,Vedanta Resources,Bhilai Steel Plant,Bengaluru,21.7,43250,48111,3616,2864,39562,3688,8.53,1565,63.5,1
LR-2025-080845,2025-08-20,WB-38-BA-3044,28,HCV,Market,NMDC Ltd,Visakhapatnam Steel,Hyderabad,14.1,36401,23449,6025,2081,33975,2426,6.66,1203,29.4,1
LR-2025-080846,2025-09-05,WB-75-CB-9290,28,Covered,Owned,Rashtriya Ispat Nigam,Tata Steel Jamshedpur,Ahmedabad,28.2,73378,22477,4244,5053,93176,-19798,-26.98,1093,42.9,0
LR-2025-080847,2025-08-03,TN-33-BC-2025,21,Open,Attached,Essar Steel,Kolkata Steel Depot,Jaipur,13.3,34631,47174,5632,3052,31456,3175,9.17,2053,34.3,1
LR-2025-080848,2025-08-22,WB-22-AB-6836,25,Trailer,Market,Jindal Steel,Durgapur Steel,Lucknow,23.9,55458,30320,3998,2943,63169,-7711,-13.9,1942,43.8,2
LR-2025-080849,2025-11-12,TN-85-AB-6085,19,Flatbed,Owned,Bhushan Steel,Rourkela Steel Plant,Coimbatore,13.9,63012,43955,3359,4207,72212,-9200,-14.6,2737,30.4,0
LR-2025-080850,2025-09-27,WB-88-AA-1605,16,LCV,Attached,AM/NS India,Bhilai Steel Plant,Surat,10.5,86026,40300,4764,2733,84616,1410,1.64,2745,16.9,4
LR-2025-080851,2025-09-27,UP-22-AB-9852,28,HCV,Market,Lloyds Metals,Visakhapatnam Steel,Indore,18.1,88569,37038,3977,2497,110196,-21627,-24.42,1587,37.8,2
LR-2025-080852,2025-10-08,KA-84-BC-8176,19,Covered,Owned,APL Apollo,Tata Steel Jamshedpur,Mumbai,21.3,67724,42309,6174,4974,78815,-11091,-16.38,2388,34.4,1
LR-2025-080853,2025-11-21,HR-85-AA-3935,19,Open,Attached,Shyam Steel,Kolkata Steel Depot,Delhi NCR,11.0,56841,48327,5794,4006,65492,-8651,-15.22,683,61.9,0
LR-2025-080854,2025-07-21,KA-20-CB-1235,21,Trailer,Market,SRMB Steel,Durgapur Steel,Pune,25.3,69418,37611,3875,3146,59527,9891,14.25,785,60.2,2
LR-2025-080855,2025-11-13,TN-76-AB-2359,19,Flatbed,Owned,Tata Steel Ltd,Rourkela Steel Plant,Chennai,24.7,47507,19945,3659,3963,46616,891,1.88,2439,35.1,0
LR-2025-080856,2025-12-03,MH-88-CB-9827,16,LCV,Attached,JSW Steel,Bhilai Steel Plant,Bengaluru,15.3,69151,40056,5161,1846,56657,12494,18.07,472,57.3,1
LR-2025-080857,2025-07-30,UP-23-CB-8667,28,HCV,Market,SAIL Bokaro,Visakhapatnam Steel,Hyderabad,10.5,90784,38684,3405,4094,114602,-23818,-26.24,2121,67.8,1
LR-2025-080858,2025-09-19,HR-90-BC-9267,28,Covered,Owned,Hindalco Industries,Tata Steel Jamshedpur,Ahmedabad,25.3,48484,48453,5867,1848,57600,-9116,-18.8,1684,26.9,1
LR-2025-080859,2025-11-22,HR-83-BA-2307,16,Open,Attached,Vedanta Resources,Kolkata Steel Depot,Jaipur,14.7,35309,26234,5149,3742,40534,-5225,-14.8,1639,23.5,3
LR-2025-080860,2025-09-05,WB-83-AA-9701,21,Trailer,Market,NMDC Ltd,Durgapur Steel,Lucknow,26.9,56908,24623,4857,4737,46839,10069,17.69,883,18.4,0
LR-2025-080861,2025-10-30,KA-36-CA-2141,21,Flatbed,Owned,Rashtriya Ispat Nigam,Rourkela Steel Plant,Coimbatore,29.1,91627,50518,3642,3352,76099,15528,16.95,2026,23.8,0
LR-2025-080862,2025-08-15,TN-82-BA-4424,21,LCV,Attached,Essar Steel,Bhilai Steel Plant,Surat,14.6,48223,21955,5684,1829,53957,-5734,-11.89,1747,46.5,8
LR-2025-080863,2025-09-04,HR-56-BB-8378,32,HCV,Market,Jindal Steel,Visakhapatnam Steel,Indore,14.7,83235,39909,4380,5160,99683,-16448,-19.76,1918,29.4,0
LR-2025-080864,2025-11-24,HR-58-BB-5032,25,Covered,Owned,Bhushan Steel,Tata Steel Jamshedpur,Mumbai,29.6,46185,20791,5503,2348,43676,2509,5.43,2461,67.0,0
LR-2025-080865,2025-11-13,TN-93-CA-7715,16,Open,Attached,AM/NS India,Kolkata Steel Depot,Delhi NCR,16.7,45908,34342,4008,2525,45798,110,0.24,2514,20.6,2
LR-2025-080866,2025-09-09,HR-14-AB-8566,21,Trailer,Market,Lloyds Metals,Durgapur Steel,Pune,22.8,50805,31417,4171,3993,40426,10379,20.43,1607,38.9,0
LR-2025-080867,2025-12-14,MH-95-AA-3217,25,Flatbed,Owned,APL Apollo,Rourkela Steel Plant,Chennai,30.1,58464,18542,3881,2384,73719,-15255,-26.09,2373,39.5,0
LR-2025-080868,2025-11-27,GJ-91-BB-5433,25,LCV,Attached,Shyam Steel,Bhilai Steel Plant,Bengaluru,11.9,90178,33067,5224,3098,92409,-2231,-2.47,1245,67.9,0
LR-2025-080869,2025-09-07,KA-61-BB-1058,28,HCV,Market,SRMB Steel,Visakhapatnam Steel,Hyderabad,13.1,71691,51138,4997,4927,84208,-12517,-17.46,1519,68.6,0
LR-2025-080870,2025-10-03,RJ-24-BA-6384,28,Covered,Owned,Tata Steel Ltd,Tata Steel Jamshedpur,Ahmedabad,25.2,84152,47732,3356,3810,75754,8398,9.98,884,41.4,4
LR-2025-080871,2025-09-06,HR-23-CA-5439,32,Open,Attached,JSW Steel,Kolkata Steel Depot,Jaipur,25.6,35394,20301,3631,3049,38712,-3318,-9.37,1233,49.1,2
LR-2025-080872,2025-11-01,KA-66-BC-9388,19,Trailer,Market,SAIL Bokaro,Durgapur Steel,Lucknow,24.9,38260,32054,4457,2963,39170,-910,-2.38,2325,41.2,3
LR-2025-080873,2025-12-21,WB-89-AB-6719,19,Flatbed,Owned,Hindalco Industries,Rourkela Steel Plant,Coimbatore,20.3,40179,45468,2894,2563,35395,4784,11.91,2612,23.2,0
LR-2025-080874,2025-12-13,GJ-18-AC-4811,16,LCV,Attached,Vedanta Resources,Bhilai Steel Plant,Surat,22.3,51334,41337,4644,3691,60036,-8702,-16.95,928,16.4,2
LR-2025-080875,2025-08-19,GJ-22-BA-3614,21,HCV,Market,NMDC Ltd,Visakhapatnam Steel,Indore,17.3,38344,33741,5056,4434,29534,8810,22.98,688,19.3,0
LR-2025-080876,2025-07-14,UP-28-BB-9912,25,Covered,Owned,Rashtriya Ispat Nigam,Tata Steel Jamshedpur,Mumbai,10.1,74378,49107,3418,4849,68500,5878,7.9,1976,71.0,3
LR-2025-080877,2025-11-07,UP-57-AB-9126,21,Open,Attached,Essar Steel,Kolkata Steel Depot,Delhi NCR,26.2,71639,30158,3986,1857,69603,2036,2.84,1465,62.6,1
LR-2025-080878,2025-09-07,HR-23-AA-1580,19,Trailer,Market,Jindal Steel,Durgapur Steel,Pune,15.9,78135,46286,3206,4616,68077,10058,12.87,1942,28.0,0
LR-2025-080879,2025-08-31,UP-17-AC-1575,16,Flatbed,Owned,Bhushan Steel,Rourkela Steel Plant,Chennai,22.0,43785,33495,4401,5087,45712,-1927,-4.4,2076,56.4,0
LR-2025-080880,2025-08-06,WB-11-BC-8616,25,LCV,Attached,AM/NS India,Bhilai Steel Plant,Bengaluru,22.2,57618,19967,3045,2192,49680,7938,13.78,2407,29.6,0
LR-2025-080881,2025-12-20,WB-69-BA-8560,16,HCV,Market,Lloyds Metals,Visakhapatnam Steel,Hyderabad,13.5,86293,20268,5480,3649,90850,-4557,-5.28,1083,25.0,0
LR-2025-080882,2025-08-01,WB-75-CB-2238,32,Covered,Owned,APL Apollo,Tata Steel Jamshedpur,Ahmedabad,17.7,69424,27341,3560,2291,82112,-12688,-18.28,482,61.0,0
LR-2025-080883,2025-10-13,TN-24-CB-2817,28,Open,Attached,Shyam Steel,Kolkata Steel Depot,Jaipur,13.0,91025,22482,4741,1825,112822,-21797,-23.95,2242,30.4,0
LR-2025-080884,2025-11-16,MH-48-BB-3158,19,Trailer,Market,SRMB Steel,Durgapur Steel,Lucknow,17.1,37525,24084,5453,3427,47705,-10180,-27.13,443,24.1,0
LR-2025-080885,2025-12-02,UP-95-AA-5449,21,Flatbed,Owned,Tata Steel Ltd,Rourkela Steel Plant,Coimbatore,25.1,72516,47234,6067,3743,65289,7227,9.97,1118,37.0,0
LR-2025-080886,2025-07-12,RJ-50-AB-4680,19,LCV,Attached,JSW Steel,Bhilai Steel Plant,Surat,19.4,78197,23170,5468,3707,66856,11341,14.5,2848,61.8,2
LR-2025-080887,2025-11-19,GJ-54-BC-9848,21,HCV,Market,SAIL Bokaro,Visakhapatnam Steel,Indore,11.9,35579,20428,3338,2233,44996,-9417,-26.47,815,48.2,0
LR-2025-080888,2025-11-30,UP-65-CA-5678,32,Covered,Owned,Hindalco Industries,Tata Steel Jamshedpur,Mumbai,22.2,69194,45107,3845,3761,73508,-4314,-6.23,2657,40.0,3
LR-2025-080889,2025-11-21,MH-69-CA-1963,16,Open,Attached,Vedanta Resources,Kolkata Steel Depot,Delhi NCR,20.0,67665,35644,4077,3668,75157,-7492,-11.07,1440,17.3,2
LR-2025-080890,2025-08-03,HR-82-AB-1532,25,Trailer,Market,NMDC Ltd,Durgapur Steel,Pune,15.6,62725,26560,3151,3590,74445,-11720,-18.68,1611,18.4,0
LR-2025-080891,2025-08-10,MH-60-AC-4233,21,Flatbed,Owned,Rashtriya Ispat Nigam,Rourkela Steel Plant,Chennai,30.1,82298,36258,5013,2901,93620,-11322,-13.76,2468,40.5,0
LR-2025-080892,2025-11-23,MH-83-CA-6219,21,LCV,Attached,Essar Steel,Bhilai Steel Plant,Bengaluru,18.6,36560,27701,5726,1839,37370,-810,-2.22,1068,19.7,0
LR-2025-080893,2025-11-16,WB-55-BC-1024,19,HCV,Market,Jindal Steel,Visakhapatnam Steel,Hyderabad,25.5,82724,18129,3049,1884,94137,-11413,-13.8,454,46.7,0
LR-2025-080894,2025-09-11,KA-40-AB-1079,16,Covered,Owned,Bhushan Steel,Tata Steel Jamshedpur,Ahmedabad,20.3,85988,23897,3296,2832,78393,7595,8.83,867,38.7,0
LR-2025-080895,2025-11-30,TN-82-AC-4851,19,Open,Attached,AM/NS India,Kolkata Steel Depot,Jaipur,23.9,71987,31208,4670,4839,90457,-18470,-25.66,2763,53.7,6
LR-2025-080896,2025-07-18,WB-59-AA-9876,32,Trailer,Market,Lloyds Metals,Durgapur Steel,Lucknow,16.6,71825,23387,5043,3541,81731,-9906,-13.79,2346,72.0,0
LR-2025-080897,2025-07-24,GJ-97-BA-5080,25,Flatbed,Owned,APL Apollo,Rourkela Steel Plant,Coimbatore,12.0,36662,24342,5761,2800,28829,7833,21.37,2205,20.6,0
LR-2025-080898,2025-11-30,RJ-98-BB-6402,28,LCV,Attached,Shyam Steel,Bhilai Steel Plant,Surat,12.5,91827,38253,3414,1874,73855,17972,19.57,1154,51.6,2
LR-2025-080899,2025-09-22,MH-51-BA-5550,25,HCV,Market,SRMB Steel,Visakhapatnam Steel,Indore,18.1,77563,47260,4117,3336,59433,18130,23.37,2734,50.0,0
LR-2025-080900,2025-10-15,TN-65-CB-3429,32,Covered,Owned,Tata Steel Ltd,Tata Steel Jamshedpur,Mumbai,10.6,72142,21837,5054,2365,88237,-16095,-22.31,1473,65.3,2
LR-2025-080901,2025-08-07,HR-98-AC-3257,32,Open,Attached,JSW Steel,Kolkata Steel Depot,Delhi NCR,14.2,87091,47277,5243,4941,72497,14594,16.76,1563,70.2,0
LR-2025-080902,2025-08-10,RJ-74-AB-9140,21,Trailer,Market,SAIL Bokaro,Durgapur Steel,Pune,24.0,59629,26909,4715,2731,49682,9947,16.68,1848,51.7,0
LR-2025-080903,2025-10-28,RJ-68-AA-1137,21,Flatbed,Owned,Hindalco Industries,Rourkela Steel Plant,Chennai,11.3,54419,24206,5960,4093,45880,8539,15.69,951,46.9,0
LR-2025-080904,2025-09-07,HR-90-AC-6363,21,LCV,Attached,Vedanta Resources,Bhilai Steel Plant,Bengaluru,21.4,69976,36799,5526,3428,57410,12566,17.96,848,65.5,0
LR-2025-080905,2025-12-09,GJ-64-CA-1385,16,HCV,Market,NMDC Ltd,Visakhapatnam Steel,Hyderabad,11.3,73427,33879,4939,2387,62406,11021,15.01,2257,20.9,0
LR-2025-080906,2025-11-09,MH-26-CA-2124,21,Covered,Owned,Rashtriya Ispat Nigam,Tata Steel Jamshedpur,Ahmedabad,11.4,91604,19924,5482,2883,105137,-13533,-14.77,2560,56.1,0
LR-2025-080907,2025-10-01,MH-43-BB-7255,32,Open,Attached,Essar Steel,Kolkata Steel Depot,Jaipur,10.5,82197,38018,5483,2527,80823,1374,1.67,971,70.8,0
LR-2025-080908,2025-10-08,TN-13-AB-2443,21,Trailer,Market,Jindal Steel,Durgapur Steel,Lucknow,14.5,48336,41982,4844,4745,58153,-9817,-20.31,1219,70.0,0
LR-2025-080909,2025-10-24,RJ-81-CA-2361,25,Flatbed,Owned,Bhushan Steel,Rourkela Steel Plant,Coimbatore,30.5,89400,29080,3468,3101,74866,14534,16.26,795,58.0,0
LR-2025-080910,2025-11-07,TN-67-AA-9345,25,LCV,Attached,AM/NS India,Bhilai Steel Plant,Surat,27.3,64071,43390,4238,4662,70956,-6885,-10.75,2019,69.4,3
LR-2025-080911,2025-07-17,KA-62-CB-9366,21,HCV,Market,Lloyds Metals,Visakhapatnam Steel,Indore,26.1,52091,37231,4738,3713,66231,-14140,-27.14,709,53.1,0
LR-2025-080912,2025-12-20,WB-62-AB-9360,21,Covered,Owned,APL Apollo,Tata Steel Jamshedpur,Mumbai,20.0,75884,49678,4034,2396,65867,10017,13.2,894,29.2,3
LR-2025-080913,2025-12-10,GJ-63-CA-9973,19,Open,Attached,Shyam Steel,Kolkata Steel Depot,Delhi NCR,29.4,87195,27883,3155,3177,75766,11429,13.11,2152,63.2,1
LR-2025-080914,2025-09-23,GJ-83-AC-1281,25,Trailer,Market,SRMB Steel,Durgapur Steel,Pune,23.4,83231,36114,6081,2959,78675,4556,5.47,740,58.9,0
LR-2025-080915,2025-11-03,HR-77-AC-8595,19,Flatbed,Owned,Tata Steel Ltd,Rourkela Steel Plant,Chennai,9.6,80547,46117,3756,3056,86868,-6321,-7.85,1303,34.9,1
LR-2025-080916,2025-08-17,UP-18-BB-7877,28,LCV,Attached,JSW Steel,Bhilai Steel Plant,Bengaluru,10.0,52841,44552,4459,2863,53910,-1069,-2.02,454,35.4,0
LR-2025-080917,2025-11-07,HR-30-BC-6095,19,HCV,Market,SAIL Bokaro,Visakhapatnam Steel,Hyderabad,23.3,40603,36282,3136,5085,51823,-11220,-27.63,1143,29.8,0
LR-2025-080918,2025-10-05,TN-10-BA-9137,19,Covered,Owned,Hindalco Industries,Tata Steel Jamshedpur,Ahmedabad,11.6,80414,51111,4377,2016,77901,2513,3.13,619,27.3,0
LR-2025-080919,2025-07-24,KA-80-AA-2313,16,Open,Attached,Vedanta Resources,Kolkata Steel Depot,Jaipur,26.5,79800,20125,2854,2659,69015,10785,13.52,1599,67.5,0
LR-2025-080920,2025-08-18,HR-85-CB-7798,16,Trailer,Market,NMDC Ltd,Durgapur Steel,Lucknow,25.9,41653,24878,5381,4903,36870,4783,11.48,1969,65.5,0
LR-2025-080921,2025-07-19,WB-74-BB-2614,28,Flatbed,Owned,Rashtriya Ispat Nigam,Rourkela Steel Plant,Coimbatore,23.1,57250,48582,6164,3945,63865,-6615,-11.55,1726,64.6,4
LR-2025-080922,2025-11-01,KA-53-BA-6532,28,LCV,Attached,Essar Steel,Bhilai Steel Plant,Surat,13.0,75201,25823,2892,3735,61864,13337,17.74,1061,47.3,1
LR-2025-080923,2025-12-23,KA-27-CB-1921,32,HCV,Market,Jindal Steel,Visakhapatnam Steel,Indore,14.3,88861,25336,4501,2233,88034,827,0.93,2127,17.5,1
LR-2025-080924,2025-08-25,UP-26-BA-7294,21,Covered,Owned,Bhushan Steel,Tata Steel Jamshedpur,Mumbai,19.6,41278,25904,4993,2610,48096,-6818,-16.52,2367,35.0,0
LR-2025-080925,2025-08-02,HR-10-AC-5698,28,Open,Attached,AM/NS India,Kolkata Steel Depot,Delhi NCR,9.8,63321,42008,6012,3241,77044,-13723,-21.67,2286,64.6,0
LR-2025-080926,2025-10-19,GJ-34-AC-4494,25,Trailer,Market,Lloyds Metals,Durgapur Steel,Pune,29.7,34965,28634,6176,2297,29659,5306,15.18,1980,48.8,2
LR-2025-080927,2025-09-17,RJ-68-BB-7527,32,Flatbed,Owned,APL Apollo,Rourkela Steel Plant,Chennai,19.4,59195,43489,6080,3612,63533,-4338,-7.33,1840,19.7,1
LR-2025-080928,2025-09-21,UP-21-BC-1899,32,LCV,Attached,Shyam Steel,Bhilai Steel Plant,Bengaluru,11.9,41759,44645,4021,5172,37077,4682,11.21,974,37.8,0
LR-2025-080929,2025-09-21,WB-93-BB-3564,21,HCV,Market,SRMB Steel,Visakhapatnam Steel,Hyderabad,27.3,34632,25373,5339,4004,30239,4393,12.68,1289,48.4,0
LR-2025-080930,2025-12-07,MH-13-AA-5938,16,Covered,Owned,Tata Steel Ltd,Tata Steel Jamshedpur,Ahmedabad,25.0,90051,22888,6134,1863,82151,7900,8.77,1675,64.1,0
LR-2025-080931,2025-12-05,TN-70-BC-7359,32,Open,Attached,JSW Steel,Kolkata Steel Depot,Jaipur,15.6,40614,34060,3746,4535,38645,1969,4.85,1731,29.0,0
LR-2025-080932,2025-12-19,HR-45-CB-7891,21,Trailer,Market,SAIL Bokaro,Durgapur Steel,Lucknow,25.6,40125,28188,4809,3870,30561,9564,23.84,2777,60.1,3
LR-2025-080933,2025-10-21,RJ-51-AB-3241,28,Flatbed,Owned,Hindalco Industries,Rourkela Steel Plant,Coimbatore,25.7,42013,47428,4818,3149,38922,3091,7.36,783,23.5,1
LR-2025-080934,2025-08-16,HR-53-BC-5253,19,LCV,Attached,Vedanta Resources,Bhilai Steel Plant,Surat,17.4,84140,20989,5922,4550,88570,-4430,-5.27,2831,41.9,0
LR-2025-080935,2025-10-09,GJ-65-BC-5590,25,HCV,Market,NMDC Ltd,Visakhapatnam Steel,Indore,25.7,59123,48707,3378,1950,45513,13610,23.02,1846,19.6,0
LR-2025-080936,2025-08-17,KA-25-BC-7295,21,Covered,Owned,Rashtriya Ispat Nigam,Tata Steel Jamshedpur,Mumbai,25.3,64191,49502,4977,4426,55580,8611,13.41,1321,42.9,2
LR-2025-080937,2025-10-03,GJ-39-AA-4042,25,Open,Attached,Essar Steel,Kolkata Steel Depot,Delhi NCR,15.7,48189,22777,4035,3861,39072,9117,18.92,1708,55.5,1
LR-2025-080938,2025-08-01,UP-52-BB-7462,32,Trailer,Market,Jindal Steel,Durgapur Steel,Pune,20.6,59121,27666,4646,2561,46463,12658,21.41,2653,44.9,0
LR-2025-080939,2025-09-05,GJ-27-AA-8296,32,Flatbed,Owned,Bhushan Steel,Rourkela Steel Plant,Chennai,28.2,36994,31557,3389,3758,36747,247,0.67,656,64.1,1
LR-2025-080940,2025-08-05,TN-70-CA-3266,21,LCV,Attached,AM/NS India,Bhilai Steel Plant,Bengaluru,22.2,56168,32279,4966,3566,48770,7398,13.17,2444,62.8,1
LR-2025-080941,2025-12-16,GJ-76-CA-4829,19,HCV,Market,Lloyds Metals,Visakhapatnam Steel,Hyderabad,10.7,60636,39928,5995,3317,74332,-13696,-22.59,1343,30.5,0
LR-2025-080942,2025-07-22,UP-70-BA-7850,32,Covered,Owned,APL Apollo,Tata Steel Jamshedpur,Ahmedabad,11.3,35664,39454,5241,3640,39851,-4187,-11.74,2137,69.3,2
LR-2025-080943,2025-07-09,RJ-62-CB-1946,32,Open,Attached,Shyam Steel,Kolkata Steel Depot,Jaipur,19.4,54596,48367,4847,4710,46940,7656,14.02,1768,35.3,0
LR-2025-080944,2025-12-16,MH-77-BB-3411,19,Trailer,Market,SRMB Steel,Durgapur Steel,Lucknow,19.5,89740,44374,5870,2333,71794,17946,20.0,2245,56.8,0
LR-2025-080945,2025-07-12,UP-71-AB-2743,16,Flatbed,Owned,Tata Steel Ltd,Rourkela Steel Plant,Coimbatore,27.1,80279,42313,5467,3807,68362,11917,14.84,2124,50.0,6
LR-2025-080946,2025-12-09,GJ-30-BC-2868,21,LCV,Attached,JSW Steel,Bhilai Steel Plant,Surat,15.1,40986,44486,5163,4066,40163,823,2.01,1333,17.8,0
LR-2025-080947,2025-07-28,WB-36-AC-4066,16,HCV,Market,SAIL Bokaro,Visakhapatnam Steel,Indore,28.4,40787,45080,5129,5055,48719,-7932,-19.45,2631,16.8,12
LR-2025-080948,2025-09-13,GJ-73-AB-1992,25,Covered,Owned,Hindalco Industries,Tata Steel Jamshedpur,Mumbai,21.0,51441,22682,4645,3702,44027,7414,14.41,459,67.6,2
LR-2025-080949,2025-11-04,KA-15-BC-1176,16,Open,Attached,Vedanta Resources,Kolkata Steel Depot,Delhi NCR,15.6,39268,30994,3654,2556,38013,1255,3.2,2072,62.8,0
LR-2025-080950,2025-10-27,HR-66-AC-5565,25,Trailer,Market,NMDC Ltd,Durgapur Steel,Pune,18.6,52327,33837,5074,1821,50019,2308,4.41,2591,28.4,0
LR-2025-080951,2025-10-01,GJ-17-AC-6731,28,Flatbed,Owned,Rashtriya Ispat Nigam,Rourkela Steel Plant,Chennai,24.8,82590,39302,3245,4662,79848,2742,3.32,1276,57.3,0
LR-2025-080952,2025-08-19,UP-79-AB-3622,28,LCV,Attached,Essar Steel,Bhilai Steel Plant,Bengaluru,12.0,64278,43402,3710,3225,72272,-7994,-12.44,575,32.7,2
LR-2025-080953,2025-11-21,TN-63-CB-7473,32,HCV,Market,Jindal Steel,Visakhapatnam Steel,Hyderabad,16.5,87549,29248,4658,2480,86079,1470,1.68,2644,52.1,0
LR-2025-080954,2025-10-17,RJ-12-CB-1009,28,Covered,Owned,Bhushan Steel,Tata Steel Jamshedpur,Ahmedabad,27.5,47461,46498,4034,5142,50585,-3124,-6.58,391,39.4,0
LR-2025-080955,2025-12-18,UP-15-AA-2692,28,Open,Attached,AM/NS India,Kolkata Steel Depot,Jaipur,29.7,57814,29256,5237,1990,66592,-8778,-15.18,1059,26.4,0
LR-2025-080956,2025-10-08,MH-89-AA-5579,21,Trailer,Market,Lloyds Metals,Durgapur Steel,Lucknow,20.9,58340,20267,5195,2722,67899,-9559,-16.38,1090,66.3,0
LR-2025-080957,2025-11-09,WB-31-BA-6857,16,Flatbed,Owned,APL Apollo,Rourkela Steel Plant,Coimbatore,10.4,46610,42526,5470,5098,41417,5193,11.14,1737,35.3,8
LR-2025-080958,2025-10-27,RJ-46-BC-1547,19,LCV,Attached,Shyam Steel,Bhilai Steel Plant,Surat,27.5,41439,51049,6130,4070,44815,-3376,-8.15,2674,32.0,2
LR-2025-080959,2025-10-22,MH-30-BB-5035,25,HCV,Market,SRMB Steel,Visakhapatnam Steel,Indore,28.8,74880,45967,3341,1829,64449,10431,13.93,2581,17.5,0
LR-2025-080960,2025-07-11,MH-25-AC-5414,21,Covered,Owned,Tata Steel Ltd,Tata Steel Jamshedpur,Mumbai,11.4,82524,21770,4619,4995,85821,-3297,-4.0,1745,58.1,0
LR-2025-080961,2025-07-19,UP-17-AB-3337,19,Open,Attached,JSW Steel,Kolkata Steel Depot,Delhi NCR,29.8,91315,44311,3611,2108,98447,-7132,-7.81,2350,41.7,1
LR-2025-080962,2025-12-20,TN-33-BB-2522,28,Trailer,Market,SAIL Bokaro,Durgapur Steel,Pune,13.8,52209,47369,4200,4348,44024,8185,15.68,780,48.8,0
LR-2025-080963,2025-10-26,HR-71-BC-4803,32,Flatbed,Owned,Hindalco Industries,Rourkela Steel Plant,Chennai,17.9,63251,45757,3922,3739,50571,12680,20.05,1684,24.5,3
LR-2025-080964,2025-10-20,TN-23-AC-1416,28,LCV,Attached,Vedanta Resources,Bhilai Steel Plant,Bengaluru,18.4,75258,47397,6112,4939,93114,-17856,-23.73,1316,17.5,0
LR-2025-080965,2025-08-09,GJ-50-AC-5431,16,HCV,Market,NMDC Ltd,Visakhapatnam Steel,Hyderabad,13.5,44376,24939,3057,3249,48952,-4576,-10.31,1323,64.2,0
LR-2025-080966,2025-10-31,UP-22-AB-5907,19,Covered,Owned,Rashtriya Ispat Nigam,Tata Steel Jamshedpur,Ahmedabad,23.5,54827,21235,4919,3608,44351,10476,19.11,2367,67.4,0
LR-2025-080967,2025-07-22,UP-57-BB-3151,19,Open,Attached,Essar Steel,Kolkata Steel Depot,Jaipur,29.9,43152,50880,5033,2767,38651,4501,10.43,1421,51.2,1
LR-2025-080968,2025-11-25,UP-10-BB-9892,25,Trailer,Market,Jindal Steel,Durgapur Steel,Lucknow,19.8,79902,46273,4818,4397,99440,-19538,-24.45,1945,62.5,0
LR-2025-080969,2025-11-10,TN-55-AB-6864,28,Flatbed,Owned,Bhushan Steel,Rourkela Steel Plant,Coimbatore,29.3,47695,28874,4193,3713,58089,-10394,-21.79,2603,53.3,6
LR-2025-080970,2025-08-12,RJ-91-BC-9639,28,LCV,Attached,AM/NS India,Bhilai Steel Plant,Surat,13.5,52018,29258,5973,3113,41084,10934,21.02,2170,55.8,0
LR-2025-080971,2025-12-19,GJ-60-CB-3053,32,HCV,Market,Lloyds Metals,Visakhapatnam Steel,Indore,21.8,60511,29028,4284,3049,70800,-10289,-17.0,1267,64.3,1
LR-2025-080972,2025-12-03,TN-31-AC-3828,19,Covered,Owned,APL Apollo,Tata Steel Jamshedpur,Mumbai,27.8,54898,18565,5892,2235,62765,-7867,-14.33,2564,26.3,2
LR-2025-080973,2025-09-11,UP-48-CB-3819,28,Open,Attached,Shyam Steel,Kolkata Steel Depot,Delhi NCR,18.1,77495,34511,3538,4446,96527,-19032,-24.56,432,21.1,6
LR-2025-080974,2025-10-14,HR-46-AC-1187,16,Trailer,Market,SRMB Steel,Durgapur Steel,Pune,22.2,85964,45361,4415,2497,72598,13366,15.55,2196,18.2,0
LR-2025-080975,2025-09-27,WB-84-BC-8050,19,Flatbed,Owned,Tata Steel Ltd,Rourkela Steel Plant,Chennai,13.4,34016,49274,3967,4450,30491,3525,10.36,541,17.1,0
LR-2025-080976,2025-12-02,MH-41-BC-4289,28,LCV,Attached,JSW Steel,Bhilai Steel Plant,Bengaluru,22.5,38906,26812,3456,3020,30578,8328,21.41,2279,21.2,6
LR-2025-080977,2025-12-22,WB-63-AA-9665,19,HCV,Market,SAIL Bokaro,Visakhapatnam Steel,Hyderabad,19.2,48561,20442,4112,3438,46561,2000,4.12,1530,38.4,4
LR-2025-080978,2025-12-09,KA-65-AC-7404,21,Covered,Owned,Hindalco Industries,Tata Steel Jamshedpur,Ahmedabad,14.1,83044,41198,2842,1860,81163,1881,2.27,2724,34.2,0
LR-2025-080979,2025-11-30,KA-64-AC-4652,32,Open,Attached,Vedanta Resources,Kolkata Steel Depot,Jaipur,11.8,47099,30991,6021,3480,42442,4657,9.89,849,16.7,6
LR-2025-080980,2025-11-30,TN-48-AC-4277,32,Trailer,Market,NMDC Ltd,Durgapur Steel,Lucknow,11.6,74450,40869,3930,5146,66608,7842,10.53,1558,22.5,2
LR-2025-080981,2025-08-25,TN-76-BC-8808,25,Flatbed,Owned,Rashtriya Ispat Nigam,Rourkela Steel Plant,Coimbatore,28.3,64131,20073,4528,4636,54698,9433,14.71,1233,60.2,1
LR-2025-080982,2025-12-12,GJ-64-AB-8755,21,LCV,Attached,Essar Steel,Bhilai Steel Plant,Surat,27.5,45800,24559,4895,4054,49661,-3861,-8.43,2187,17.1,0
LR-2025-080983,2025-07-19,MH-32-BB-3994,16,HCV,Market,Jindal Steel,Visakhapatnam Steel,Indore,28.0,89458,36810,5095,2697,90987,-1529,-1.71,2203,33.2,2
LR-2025-080984,2025-11-10,MH-44-BC-8018,21,Covered,Owned,Bhushan Steel,Tata Steel Jamshedpur,Mumbai,26.2,39096,50832,6174,3392,45338,-6242,-15.97,2725,30.3,0
LR-2025-080985,2025-10-09,RJ-38-CA-3241,25,Open,Attached,AM/NS India,Kolkata Steel Depot,Delhi NCR,21.2,34706,20717,3950,4618,29363,5343,15.4,2295,25.7,0
LR-2025-080986,2025-12-07,WB-10-BC-4721,28,Trailer,Market,Lloyds Metals,Durgapur Steel,Pune,27.9,82099,38509,4773,4838,92540,-10441,-12.72,1477,25.8,0
LR-2025-080987,2025-07-25,WB-14-BA-8814,28,Flatbed,Owned,APL Apollo,Rourkela Steel Plant,Chennai,11.1,52253,46006,3004,3048,46083,6170,11.81,2381,63.4,1
LR-2025-080988,2025-10-28,KA-74-BB-5518,19,LCV,Attached,Shyam Steel,Bhilai Steel Plant,Bengaluru,19.1,82302,43964,5780,3336,66567,15735,19.12,717,46.4,0
LR-2025-080989,2025-09-25,TN-42-CA-8657,19,HCV,Market,SRMB Steel,Visakhapatnam Steel,Hyderabad,23.8,76718,43408,5892,2757,96724,-20006,-26.08,2035,47.0,2
LR-2025-080990,2025-07-08,GJ-98-AB-9510,21,Covered,Owned,Tata Steel Ltd,Tata Steel Jamshedpur,Ahmedabad,26.6,85258,20199,3044,2410,67773,17485,20.51,2234,42.6,1
LR-2025-080991,2025-12-21,GJ-52-AA-8445,32,Open,Attached,JSW Steel,Kolkata Steel Depot,Jaipur,27.2,71805,43235,2883,2988,86053,-14248,-19.84,1347,36.3,2
LR-2025-080992,2025-12-14,MH-41-CB-5374,25,Trailer,Market,SAIL Bokaro,Durgapur Steel,Lucknow,21.9,62075,34098,3665,1910,48251,13824,22.27,2003,43.1,0
LR-2025-080993,2025-09-11,KA-99-AB-9978,19,Flatbed,Owned,Hindalco Industries,Rourkela Steel Plant,Coimbatore,13.3,47827,30019,4522,3480,36902,10925,22.84,2327,67.0,1
LR-2025-080994,2025-12-19,KA-75-CA-6391,19,LCV,Attached,Vedanta Resources,Bhilai Steel Plant,Surat,20.1,84862,39593,5569,4248,68082,16780,19.77,571,37.7,2
LR-2025-080995,2025-10-07,UP-99-CB-7550,16,HCV,Market,NMDC Ltd,Visakhapatnam Steel,Indore,25.1,71528,38638,6071,4411,69786,1742,2.44,1701,63.5,3
LR-2025-080996,2025-11-18,UP-25-CB-1961,21,Covered,Owned,Rashtriya Ispat Nigam,Tata Steel Jamshedpur,Mumbai,23.1,75733,45694,5933,4667,69477,6256,8.26,698,46.5,0
LR-2025-080997,2025-09-10,TN-36-AC-2002,16,Open,Attached,Essar Steel,Kolkata Steel Depot,Delhi NCR,17.9,81401,28673,5166,4569,80607,794,0.98,440,42.6,6
LR-2025-080998,2025-08-15,HR-96-AC-9036,16,Trailer,Market,Jindal Steel,Durgapur Steel,Pune,21.3,72025,45438,5677,3122,76512,-4487,-6.23,1215,59.3,0
LR-2025-080999,2025-12-22,TN-49-BB-3811,25,Flatbed,Owned,Bhushan Steel,Rourkela Steel Plant,Chennai,21.8,39926,28337,2923,2644,39843,83,0.21,2802,46.0,6
